source,dialect,word,kanji,gloss_ja,gloss_en,section
Wikipedia,しまくとぅば正書法,ア,,イ || ウ || エ || オ || || || || || || || || ||,,国頭語
Wikipedia,しまくとぅば正書法,カ,,キ || ク || ケ || コ || || || || キャ || キュ || キョ || クヮ || クィ || クェ,,国頭語
Wikipedia,しまくとぅば正書法,カ゚,,キ゚ || ク゚ || ケ゚ || コ゚ || || || || キ゚ャ || キ゚ュ || キ゚ョ || ク゚ヮ || ||,,与那国語
Wikipedia,しまくとぅば正書法,ガ,,ギ || グ || ゲ || ゴ || || || || ギャ || ギュ || ギョ || グヮ || グィ || グェ,,国頭語
Wikipedia,しまくとぅば正書法,サ,,スィ || ス || セ || ソ || || || || || || || || ||,,国頭語
Wikipedia,しまくとぅば正書法,サ゚,,スィ゚ || ス゚ || セ゚ || ソ゚ || || || || || || || || ||,,国頭語
Wikipedia,しまくとぅば正書法,ザ,,ズィ || ズ || ゼ || ゾ || || || || || || || || ||,,国頭語
Wikipedia,しまくとぅば正書法,シ゚ャ,,シ゚ || シ゚ュ || || シ゚ョ || || || || || || || || ||,,宮古語
Wikipedia,しまくとぅば正書法,シャ,,シ || シュ || シェ || ショ || || || || || || || || ||,,国頭語
Wikipedia,しまくとぅば正書法,ジャ,,ジ || ジュ || ジェ || ジョ || || || || || || || || ||,,国頭語
Wikipedia,しまくとぅば正書法,タ,,ティ || トゥ || テ || ト || || || || || || || || ||,,国頭語
Wikipedia,しまくとぅば正書法,ダ,,ディ || ドゥ || デ || ド || || || || デャ || デュ || デョ || || ||,,国頭語
Wikipedia,しまくとぅば正書法,チャ,,チ || チュ || チェ || チョ || || || || || || || || ||,,国頭語
Wikipedia,しまくとぅば正書法,ツァ,,ツィ || ツ || ツェ || ツォ || || || || || || || || ||,,国頭語
Wikipedia,しまくとぅば正書法,ナ,,ニ || ヌ || ネ || ノ || || || || ニャ || ニュ || ニョ || || ||,,国頭語
Wikipedia,しまくとぅば正書法,ニャ,,|| ニュ || ニェ || ニョ || || || || || || || || ||,,沖縄語
Wikipedia,しまくとぅば正書法,ハ,,|| フゥ || ヘ || ホ || || || || || || || || ||,,国頭語
Wikipedia,しまくとぅば正書法,バ,,ビ || ブ || ベ || ボ || || || || ビャ || ビュ || ビョ || || ||,,国頭語
Wikipedia,しまくとぅば正書法,パ,,ピ || プ || ペ || ポ || || || || ピャ || ピュ || ピョ || || ||,,国頭語
Wikipedia,しまくとぅば正書法,ヒャ,,ヒ || ヒュ || || ヒョ || || || || || || || || ||,,国頭語
Wikipedia,しまくとぅば正書法,ファ,,フィ || フ || フェ || フォ || || || || || || || || ||,,国頭語
Wikipedia,しまくとぅば正書法,マ,,ミ || ム || メ || モ || || || || ミャ || ミュ || ミョ || || ||,,国頭語
Wikipedia,しまくとぅば正書法,ヤ,,|| ユ || イェ || ヨ || || || || || || || || ||,,国頭語
Wikipedia,しまくとぅば正書法,ラ,,リ || ル || レ || ロ || || || || リャ || リュ || リョ || || ||,,国頭語
Wikipedia,しまくとぅば正書法,ワ,,ウィ || || ウェ || ウォ || || || || || || || || ||,,国頭語
Wikipedia,しまくとぅば正書法,ヴァ,,ヴィ || ヴゥ || ヴェ || ヴォ || || || || ヴャ || ヴュ || || || ||,,宮古語
Wikipedia,やらまいか,やらまいか,,静岡県浜松市に所在するスズキは、『やらまいか』と題する広報誌を発行している,,派生
Wikipedia,やらまいか,やらまいか創造工学センター,,静岡県袋井市に所在する静岡理工科大学は、「やらまいか創造工学センター」と称する付属施設を設置している,,派生
Wikipedia,やらまいか,やら舞歌,,第一勧業銀行浜松支店の支店長を務めていた作曲家の小椋佳は、のちに『やら舞歌』と題した楽曲の作詞、作曲を手掛けた,,派生
Wikipedia,ウチナーヤマトグチの語彙一覧,〜いみそーれ,,〜しなさい,,語尾・接尾詞
Wikipedia,ウチナーヤマトグチの語彙一覧,〜が？,,疑問形の語尾。「ぬーやが？」は「何？/何ですか？」,,語尾・接尾詞
Wikipedia,ウチナーヤマトグチの語彙一覧,〜さー？/〜さーねー？,,〜じゃない？,,語尾・接尾詞
Wikipedia,ウチナーヤマトグチの語彙一覧,〜しようね/〜しましょうね,,〜しますね。話し手に今まさにその行為を行なう意志がある、の意。「そろそろ帰りましょうね」は「そろそろ（私は）帰りますね」の意。同意を求めたり、勧誘しているわけではない,,語尾・接尾詞
Wikipedia,ウチナーヤマトグチの語彙一覧,〜だはず,,〜だと思う。〜じゃないかな。〜かも知れない,,語尾・接尾詞
Wikipedia,ウチナーヤマトグチの語彙一覧,〜だわけさー,,〜なんだよ,,語尾・接尾詞
Wikipedia,ウチナーヤマトグチの語彙一覧,〜やし？,,〜でしょ？/〜じゃん。「いいでしょ？」は「いいやし」,,語尾・接尾詞
Wikipedia,ウチナーヤマトグチの語彙一覧,〜（さ）りんどぉー,,〜するぞ,,語尾・接尾詞
Wikipedia,ウチナーヤマトグチの語彙一覧,〜（だ）ばー,,〜（という）わけ。元来「ばー」は「わけ、理由」の意の名詞であるが、では特に意味のない強調語尾として用いられることが多く、内地における「〜だべ」「〜じゃん」「〜ねん」「〜とっと」などに近い,,語尾・接尾詞
Wikipedia,ウチナーヤマトグチの語彙一覧,〜（だ）ばーよ,,〜（という）わけよ。「〜だわけさー」とは違い、かなり強気な言い方,,語尾・接尾詞
Wikipedia,ウチナーヤマトグチの語彙一覧,〜（やっ）さ（ー）,,（強い断定）〜じゃん。〜だ。「あの子、とっても美人じゃん」→「あの子、でーじちゅらかーぎーやっさ」,,語尾・接尾詞
Wikipedia,ウチナーヤマトグチの語彙一覧,あいっ,,あっ。しまった,,間投詞・指示代名詞
Wikipedia,ウチナーヤマトグチの語彙一覧,あが！/あっが！/あがひゃ！,,痛い！痛っ！,,間投詞・指示代名詞
Wikipedia,ウチナーヤマトグチの語彙一覧,あんしぇーや,,じゃあな。それでは。別れのあいさつとしてよく使われる,,その他
Wikipedia,ウチナーヤマトグチの語彙一覧,あんなに,,そんなに。指示代名詞の使い方はかなり曖昧で「あんなに痛かったの？」などという表現が使われる,,副詞
Wikipedia,ウチナーヤマトグチの語彙一覧,うり,,（近くのものを指して）ほら,,間投詞・指示代名詞
Wikipedia,ウチナーヤマトグチの語彙一覧,えぇ！,,おい！こらっ！,,間投詞・指示代名詞
Wikipedia,ウチナーヤマトグチの語彙一覧,さんぴん茶,,ジャスミン茶。中国語の「香片茶」より。沖縄で良く飲まれている飲料,,食べ物関連
Wikipedia,ウチナーヤマトグチの語彙一覧,じゅんに？,,本当に？,,間投詞・指示代名詞
Wikipedia,ウチナーヤマトグチの語彙一覧,だぁ,,（それ）ちょうだい。どれどれ。相手が指しているもの・持っているものを見てみたいときに使う,,間投詞・指示代名詞
Wikipedia,ウチナーヤマトグチの語彙一覧,だある,,そうだ。そうだね。「である」の訛り,,語尾・接尾詞
Wikipedia,ウチナーヤマトグチの語彙一覧,だあるわけさ,,「そういうことなんですよ」。上記２つの言葉と同様に、この台詞が出た時点で、その件に関する非難や追及は自動的に強制終了となる,,沖縄三大無責任言葉
Wikipedia,ウチナーヤマトグチの語彙一覧,とーとー,,飲み物を注いでもらう時、「もういいよ（ストップ）」と伝えるときに使う,,間投詞・指示代名詞
Wikipedia,ウチナーヤマトグチの語彙一覧,どんなに,,すごく。非常に。「どんなに〜だったか！」という感嘆文からの転用,,副詞
Wikipedia,ウチナーヤマトグチの語彙一覧,なとーん,,〜になっている。（上手に）できている。間投詞として単独で用いられる場合は、「それでいい、正解」という肯定的な相づちになる,,その他
Wikipedia,ウチナーヤマトグチの語彙一覧,なんでかねー,,文字通り「どうしてだろうね」という意味だが、返答に困った時、相手から責められた時などの逃げ口上として多用される,,沖縄三大無責任言葉
Wikipedia,ウチナーヤマトグチの語彙一覧,やがて,,ほとんど。もう少しで。「やがて来るはず」は「もうすぐ来るだろう」、「やがて溺れよったさー」は「もうちょっとで溺れるところだった」の意,,副詞
Wikipedia,ウチナーヤマトグチの語彙一覧,やしが,,だけどさ。でも。語尾につく場合は「〜しが？」となる,,語尾・接尾詞
Wikipedia,ウチナーヤマトグチの語彙一覧,りっか,,（さあ）行こう。「りっかりっか」と重ねて使われることが多い,,その他
Wikipedia,ウチナーヤマトグチの語彙一覧,んじ？,,そうなの？/どうなの？,,間投詞・指示代名詞
Wikipedia,ウチナーヤマトグチの語彙一覧,アイスワーラー,,冷水、氷水のこと,,ウチナー英語
Wikipedia,ウチナーヤマトグチの語彙一覧,アイヤー/アイエナー,,えーっ。うわーっ。同じく驚きの間投詞。中国語との共通性が示唆される,,間投詞・指示代名詞
Wikipedia,ウチナーヤマトグチの語彙一覧,アキサミヨー/ハッサミヨー,,ありゃ。なんてこった。「アキチャビヨー」などと訛る事もある,,間投詞・指示代名詞
Wikipedia,ウチナーヤマトグチの語彙一覧,アシバー,,遊び人。不良。ヤクザ。ごろつき。暴力団。「遊び」という意味の「アシビ」+「アー」(接尾辞),,一般
Wikipedia,ウチナーヤマトグチの語彙一覧,アジクーター,,味が濃い、ダシがよくきいている,,形容詞
Wikipedia,ウチナーヤマトグチの語彙一覧,アチコーコー,,熱々の状態。主に飲食物について用いられる表現,,形容詞
Wikipedia,ウチナーヤマトグチの語彙一覧,アニサー/アニヒャー,,あいつ。複数形は「アッター」（あいつら）,,人称代名詞
Wikipedia,ウチナーヤマトグチの語彙一覧,アバサー,,フグの一種のハリセンボン。陸に上げると盛んに口をパクパクさせることから、「喚（アビ）シャー」（叫びわめく者）という意味でそう呼ばれるようになったとされる。またこの魚に外観の似た丸っこいニガウリのことを「アバシゴーヤー」と呼ぶ,,食べ物関連
Wikipedia,ウチナーヤマトグチの語彙一覧,アミリカー,,アメリカ人。米軍人。「アミリカ」+「アー」(接尾辞),,地域、住民、固有名詞
Wikipedia,ウチナーヤマトグチの語彙一覧,イキガ,,男。交際している彼氏,,家族、人間関係
Wikipedia,ウチナーヤマトグチの語彙一覧,イザリ,,干潮時にサンゴ礁内を歩いて魚介類を獲ること。語源は「漁（いさり）」。イジャリ、ンジャイとも。いわゆる潮干狩りだが、貝類だけではなく魚、エビ、タコなども対象となる,,生活、生業
Wikipedia,ウチナーヤマトグチの語彙一覧,イチャンダ,,無料の。「わざわざ」「いちいち」などの意味もある,,形容詞
Wikipedia,ウチナーヤマトグチの語彙一覧,イッペー,,いっぱい。たくさん。人が多くて混んでいることを「いっぱいしてる」という表現も用いられる。駐車場が混んでいる、満車になっている状態の事は「車がいっぱいしてる」と言う,,形容詞
Wikipedia,ウチナーヤマトグチの語彙一覧,イナグ,,女。「おなご」より。交際している彼女,,家族、人間関係
Wikipedia,ウチナーヤマトグチの語彙一覧,イラブー,,エラブウミヘビ。主に燻製に加工したものを薬膳料理とする,,食べ物関連
Wikipedia,ウチナーヤマトグチの語彙一覧,イリチー,,「イリチュン（炒る）」という動詞の名詞形。だし汁などを加えた炒め煮を指すことが多い。クーブイリチーなど,,食べ物関連
Wikipedia,ウチナーヤマトグチの語彙一覧,イン,,犬。大抵は「インぐゎー」と呼ばれる,,一般
Wikipedia,ウチナーヤマトグチの語彙一覧,イーチョーバー,,フェンネル。「茴香葉」（ウイキョウバ）に由来,,食べ物関連
Wikipedia,ウチナーヤマトグチの語彙一覧,ゥワー,,豚。声門閉鎖音のため発音表記は難しい,,一般
Wikipedia,ウチナーヤマトグチの語彙一覧,ウサチ,,お浸しの訛り。和え物,,食べ物関連
Wikipedia,ウチナーヤマトグチの語彙一覧,ウタキ,,御嶽。沖縄県で崇拝の対象とされる琉球神道の聖地,,生活、生業
Wikipedia,ウチナーヤマトグチの語彙一覧,ウチナータイム,,沖縄時間。県外とは異なる独特の時間感覚。または、沖縄において集会・行事などが予定時刻より遅れて始まること,,地域、住民、固有名詞
Wikipedia,ウチナーヤマトグチの語彙一覧,ウッチン,,ウコン。「鬱金（うこん）」の沖縄読み,,食べ物関連
Wikipedia,ウチナーヤマトグチの語彙一覧,ウットゥ,,年下。後輩,,家族、人間関係
Wikipedia,ウチナーヤマトグチの語彙一覧,ウミアッチャー,,漁師。語源は「海を歩く人（漁をする人）」,,一般
Wikipedia,ウチナーヤマトグチの語彙一覧,ウミンチュ,,地場の漁民のこと。特に糸満漁民ほかなど,,一般
Wikipedia,ウチナーヤマトグチの語彙一覧,ウメーシ,,箸のこと。国頭語で箸を「メーシ」と言い、「御メーシ」が語源,,食べ物関連
Wikipedia,ウチナーヤマトグチの語彙一覧,ウリヒャー,,そりゃ。ほーら。相手に物を渡すときの掛け声。予想通り（あるいは予想外）のことが起こった場合の感嘆詞,,間投詞・指示代名詞
Wikipedia,ウチナーヤマトグチの語彙一覧,ウルマ,,「ウル」は珊瑚を意味する古語で、珊瑚の島として沖縄を表現した雅称とされるが、昭和初期に考案された民間語源である。語源自体は朝鮮語の鬱陵島（ウルルンド）に由来する,,地域、住民、固有名詞
Wikipedia,ウチナーヤマトグチの語彙一覧,ウンチェバー,,空芯菜。「雲菜葉（ウンサイバ）」に由来,,食べ物関連
Wikipedia,ウチナーヤマトグチの語彙一覧,ウートートゥ,,お祈り。祈りを捧げるときの言葉。「おお尊い」の意,,生活、生業
Wikipedia,ウチナーヤマトグチの語彙一覧,ウーマクー,,やんちゃ（な）,,形容詞
Wikipedia,ウチナーヤマトグチの語彙一覧,オウチ,,住居。改まった言い方は「住宅」あるいは「屋敷」で、県外で一般的な「家（いえ）」という表現はあまり用いられない,,家族、人間関係
Wikipedia,ウチナーヤマトグチの語彙一覧,オールー,,痣（あざ）,,一般
Wikipedia,ウチナーヤマトグチの語彙一覧,カジ,,風,,一般
Wikipedia,ウチナーヤマトグチの語彙一覧,カジャー,,（嫌な）におい。「カバー」とも。「〇カジャーする」→「〇の臭いがする」,,一般
Wikipedia,ウチナーヤマトグチの語彙一覧,カタブイ,,通り雨。片方の場所では雨が降っているのにもう片方の場所では晴れているという「片降り（偏降り）」に由来。日が照っているのに雨が降る「天気雨」はティーダアミ（太陽雨）という,,一般
Wikipedia,ウチナーヤマトグチの語彙一覧,カチャーシー,,「かきまわし」の意。沖縄民謡などに合わせて揚げた手を振って踊る独特の踊り,,一般
Wikipedia,ウチナーヤマトグチの語彙一覧,カチュー,,鰹。「かつお」の訛り,,食べ物関連
Wikipedia,ウチナーヤマトグチの語彙一覧,カンダバー,,（食用の）芋の葉。「葛羅葉（カヅラバ）」に由来,,食べ物関連
Wikipedia,ウチナーヤマトグチの語彙一覧,カンパチ,,頭の傷が治って禿げた部分。いわゆる10円ハゲのこと,,一般
Wikipedia,ウチナーヤマトグチの語彙一覧,ガジャン,,蚊,,一般
Wikipedia,ウチナーヤマトグチの語彙一覧,ガチマヤー,,たくさん食べる人。食いしん坊,,一般
Wikipedia,ウチナーヤマトグチの語彙一覧,ガンジュー,,健康な。丈夫な。頑丈な。「頑丈」の訛り。「ガンジューねぇ？」は「お元気ですか？」,,形容詞
Wikipedia,ウチナーヤマトグチの語彙一覧,ガンチョー,,眼鏡の音読の「がんきょう」に由来。訓読の「めかがみ」に由来する「ミーカガン」という言葉もある,,一般
Wikipedia,ウチナーヤマトグチの語彙一覧,ガーブラチ,,（口などを）大きく開くこと。「口（くち）ンガーブラチ」。強調の「ガー」+「洞空き（ほらあき）」から,,一般
Wikipedia,ウチナーヤマトグチの語彙一覧,キリュウミン,,本籍地以外の土地に居住している者。戦前の法律用語である「寄留」に由来。伝統的なシマ社会においては、島ナイチャーはもちろんのこと、隣の「シマ」から引っ越してきたものでさえ寄留民と呼ばれ、旧来の住民とは明確に区別される,,地域、住民、固有名詞
Wikipedia,ウチナーヤマトグチの語彙一覧,クニサー/クニヒャー,,こいつ。各小中学校で言い方が多少変わる。複数形は「クッター/ウッター」（こいつら）,,人称代名詞
Wikipedia,ウチナーヤマトグチの語彙一覧,クリン,,どんどん,,副詞
Wikipedia,ウチナーヤマトグチの語彙一覧,クンチ,,「根気」の沖縄読み。標準語の「元気」や「根性」という意味で用いられる,,一般
Wikipedia,ウチナーヤマトグチの語彙一覧,グテー,,体格。手足。語源は「五体」。転じて筋肉質でがっちりしていることを指す,,一般
Wikipedia,ウチナーヤマトグチの語彙一覧,グヮーシー,,〜っぽい。〜まがいの。〜かぶれな。「〜がわしい」の訛り。フージーと同じような意味だが、「表っ面だけを真似た」というような否定的なニュアンスが強い,,一般
Wikipedia,ウチナーヤマトグチの語彙一覧,グワァー,,標準語の「〜ちゃん」に近いニュアンス。漢字では「小」と書く。親しみを表す接尾語で、動物や非生物に対しても用いられる,,語尾・接尾詞
Wikipedia,ウチナーヤマトグチの語彙一覧,コーレーグス,,唐辛子。または島唐辛子を泡盛に漬けて作った辛味調味料のこと,,食べ物関連
Wikipedia,ウチナーヤマトグチの語彙一覧,ゴーヤー,,ニガウリ。レイシ,,食べ物関連
Wikipedia,ウチナーヤマトグチの語彙一覧,シシ,,肉。古代日本語「しし」より。なお、脂身のことはアンダジシ、赤身肉のことは真肉（マッシシ、マシサー）と呼ぶ,,食べ物関連
Wikipedia,ウチナーヤマトグチの語彙一覧,シタ,,強（したた）かに由来。とても,,副詞
Wikipedia,ウチナーヤマトグチの語彙一覧,シニ/シャニ,,とても。非常に,,副詞
Wikipedia,ウチナーヤマトグチの語彙一覧,シニカン,,「シニ」と同義。おもに本島北部で使われる,,副詞
Wikipedia,ウチナーヤマトグチの語彙一覧,シブイ,,冬瓜。「白瓜（シルーリ）」が訛ったもの,,食べ物関連
Wikipedia,ウチナーヤマトグチの語彙一覧,シマンチュ,,主に沖縄本島以外の離島において用いられ、島民および島出身者を意味する。また近年は沖縄県民全体を指して用いる場合もある,,地域、住民、固有名詞
Wikipedia,ウチナーヤマトグチの語彙一覧,シージャ,,年上。先輩。年長者優位の沖縄の風潮を表す言葉である,,家族、人間関係
Wikipedia,ウチナーヤマトグチの語彙一覧,シーブン,,おまけ。無料サービス。語源は「添え分」,,一般
Wikipedia,ウチナーヤマトグチの語彙一覧,ジョーグー,,上戸（じょうご）の訛りで、○○が好きであること、あるいは人。「そばジョーグー」は「沖縄そばが大好きな人」,,形容詞
Wikipedia,ウチナーヤマトグチの語彙一覧,ジリー,,同い年。タメ,,家族、人間関係
Wikipedia,ウチナーヤマトグチの語彙一覧,ジン,,お金。「銭」の訛り。不良少年が金品をせびること（いわゆるカツアゲ）は「ジンカメ」という,,一般
Wikipedia,ウチナーヤマトグチの語彙一覧,ジンブナー,,利口な人。頭の良い人,,一般
Wikipedia,ウチナーヤマトグチの語彙一覧,ジンブン,,知恵。頭脳。頭がいいこと。「人文」、「存分」など語源にはさまざまな説がある。知識や学問ではなく聡明さや利発を意味することから、「銭分」（金勘定、損得計算）という言葉に由来するという説もある,,一般
Wikipedia,ウチナーヤマトグチの語彙一覧,ジーマミー,,落花生。「地豆」に由来,,食べ物関連
Wikipedia,ウチナーヤマトグチの語彙一覧,スヌイ,,モズク。「酢海苔」に由来,,食べ物関連
Wikipedia,ウチナーヤマトグチの語彙一覧,スラブヤー,,コンクリートブロックを積み上げてスラブを載せた、沖縄では一般的な工法による住宅。瓦屋根の建物のことはカワラヤーと呼ぶ,,一般
Wikipedia,ウチナーヤマトグチの語彙一覧,スルルー,,キビナゴ,,食べ物関連
Wikipedia,ウチナーヤマトグチの語彙一覧,スンシー,,メンマ。中国語の「筍絲」に由来。主に柔らかい穂先部分がイリチーにされる,,食べ物関連
Wikipedia,ウチナーヤマトグチの語彙一覧,スーコー,,法事、葬儀。「焼香」に由来,,生活、生業
Wikipedia,ウチナーヤマトグチの語彙一覧,スーチキ,,「塩漬け」の訛りで、主に豚肉を生のまま塩に漬けた保存食を指す。スーチカーとも,,食べ物関連
Wikipedia,ウチナーヤマトグチの語彙一覧,スーネー,,白和えの訛り,,食べ物関連
Wikipedia,ウチナーヤマトグチの語彙一覧,セイザ,,着席あるいは座位の状態で姿勢を正すこと。漢字でも正座と表記するが、足を畳んで座ることは意味しない,,一般
Wikipedia,ウチナーヤマトグチの語彙一覧,タシヤー,,「タシユン（炒める）」という動詞の名詞形。ソーミンタシヤー、タシヤーウブン（炒めご飯）など,,食べ物関連
Wikipedia,ウチナーヤマトグチの語彙一覧,タッチュー,,尖ったもの、あるいは尖っていること。塔頭に由来。伊江島にある城山（グスクヤマ）の代名詞でもある,,形容詞
Wikipedia,ウチナーヤマトグチの語彙一覧,タマナー,,キャベツ。「玉菜」に由来,,食べ物関連
Wikipedia,ウチナーヤマトグチの語彙一覧,チケー,,近いうち。もうすぐ,,副詞
Wikipedia,ウチナーヤマトグチの語彙一覧,チデークニ,,ニンジン。「黄大根」の訛り。なお、沖縄で伝統的に栽培されるにんじんには黄色い品種が多い,,食べ物関連
Wikipedia,ウチナーヤマトグチの語彙一覧,チブル,,頭。「つむじ」と同じ語源で、中世日本語の「つむり」の転訛,,一般
Wikipedia,ウチナーヤマトグチの語彙一覧,チム,,肝（きも）。心臓。どきどきする表現として「チムダクダク」がある。「チムドンドン」は、わくわくと胸がときめくような心情を意味し、「チムワサワサ」は不安や胸騒ぎのする状態を表す,,一般
Wikipedia,ウチナーヤマトグチの語彙一覧,チムグクル,,真心（まごころ）,,一般
Wikipedia,ウチナーヤマトグチの語彙一覧,チャンプルー,,沖縄風の炒めもの。豆腐の入った野菜炒めを指すことが多いが、素麺や麩など例外的な用法もある。沖縄は、様々な国や地域の影響を受けてきたため、チャンプルー文化と言われることもある,,食べ物関連
Wikipedia,ウチナーヤマトグチの語彙一覧,チュファーラ,,満腹。おなかいっぱい。中国語の「吃飽了」に由来,,形容詞
Wikipedia,ウチナーヤマトグチの語彙一覧,チュラカーギー,,美しい顔立ち。美人。語源は「清ら影」,,一般
Wikipedia,ウチナーヤマトグチの語彙一覧,チュラサン,,美しい。「清ら＋さん」,,形容詞
Wikipedia,ウチナーヤマトグチの語彙一覧,チューバー,,強者。勇者。弱虫はヨーバー,,一般
Wikipedia,ウチナーヤマトグチの語彙一覧,チラ,,面（つら）。顔。沖縄人独特の「濃い」顔だちのことはウチナージラ（沖縄顔）という,,一般
Wikipedia,ウチナーヤマトグチの語彙一覧,チリ,,ごみ。種類や大きさに関係なく、廃棄物全般を指す言葉として用いられる,,一般
Wikipedia,ウチナーヤマトグチの語彙一覧,チルダイ,,脱力。倦怠。失望。がっかりする。用例「ちるだいする」。日本語の「気だるい」が語源,,一般
Wikipedia,ウチナーヤマトグチの語彙一覧,ツーリスト,,旅行会社のこと。県内旅行業者の多くが社名として名乗るために定着した。なお後述する「ウチナー英語」（英語由来）ではない,,生活、生業
Wikipedia,ウチナーヤマトグチの語彙一覧,テビチ,,豚足。本来の意味は煮込み料理を意味する「手引き」という語に由来,,食べ物関連
Wikipedia,ウチナーヤマトグチの語彙一覧,テーゲー,,適当。アバウト。いい加減。発音は「大概」の琉球語読み。沖縄県民の気風を語る上で欠かせない言葉である,,形容詞
Wikipedia,ウチナーヤマトグチの語彙一覧,デークニ,,ダイコン。「大根」の訛り,,食べ物関連
Wikipedia,ウチナーヤマトグチの語彙一覧,デージ,,とても。大変。「大事」に由来。「大変なことになっている」は「デージナトン」,,副詞
Wikipedia,ウチナーヤマトグチの語彙一覧,トゥジ,,妻。日本古語の刀自に由来,,家族、人間関係
Wikipedia,ウチナーヤマトグチの語彙一覧,トロー,,とろい人。ぼけた人。低能。トットローとも言う,,一般
Wikipedia,ウチナーヤマトグチの語彙一覧,トートーメー,,位牌。「尊御前（尊い御前（おんまえ））」が変化したもので、祖先崇拝の象徴とされる,,生活、生業
Wikipedia,ウチナーヤマトグチの語彙一覧,ドゥー,,自分。ドゥーカッティは自分勝手、ドゥーチュイムニイは独り言という意味,,一般
Wikipedia,ウチナーヤマトグチの語彙一覧,ナークー,,宮古人,,地域、住民、固有名詞
Wikipedia,ウチナーヤマトグチの語彙一覧,ナーベーラー,,ヘチマ。「鍋洗い」に由来,,食べ物関連
Wikipedia,ウチナーヤマトグチの語彙一覧,ニリー,,面倒くさい,,形容詞
Wikipedia,ウチナーヤマトグチの語彙一覧,ニーニー・ネーネー,,お兄さん・お姉さん,,家族、人間関係
Wikipedia,ウチナーヤマトグチの語彙一覧,ニービチ,,結婚。語源は、他の家（他所のシマ）から女を連れてくるという意味の「根引き」,,生活、生業
Wikipedia,ウチナーヤマトグチの語彙一覧,ニーブイ,,眠い。ニーブイカーブイと韻を踏むこともある,,形容詞
Wikipedia,ウチナーヤマトグチの語彙一覧,ニーブヤー,,「眠い（にぶい）」+「アー」。反応の遅い人。ぼうっとしている人。いつも眠たそうにしている人。うすのろ。のろま,,一般
Wikipedia,ウチナーヤマトグチの語彙一覧,ヌシ,,主人、所有者の意。主,,一般
Wikipedia,ウチナーヤマトグチの語彙一覧,ヌチグスイ,,命薬。とても美味しかった、めったに食べられないご馳走を頂いたという感謝、感動を伝える言葉。上述のクスイムンと混同されることがあるが、あくまでも精神的、感情的な表現であり、身体に良いという意味合いではない,,食べ物関連
Wikipedia,ウチナーヤマトグチの語彙一覧,ハゴー,,汚い,,形容詞
Wikipedia,ウチナーヤマトグチの語彙一覧,ハジカサー,,恥じらい。「ハジカサーする」は、恥ずかしそうにする,,一般
Wikipedia,ウチナーヤマトグチの語彙一覧,ハルサー,,農民。語源は「原（はる、畑）の人」,,一般
Wikipedia,ウチナーヤマトグチの語彙一覧,ハンダマ,,水前寺菜。「春玉（ハルタマ）」に由来,,食べ物関連
Wikipedia,ウチナーヤマトグチの語彙一覧,バター,,（米国製の）マーガリンのこと。沖縄県の（飲食店で）バター焼きには昔からマーガリンを使う風習であり、本来のバターは殆ど使われない,,県外と意味が異なる用語
Wikipedia,ウチナーヤマトグチの語彙一覧,バンシルー,,グアバ。日本語の「蕃石榴（バンジロウ）」の訛り,,食べ物関連
Wikipedia,ウチナーヤマトグチの語彙一覧,バンナイ/ビンナイ,,たくさん,,副詞
Wikipedia,ウチナーヤマトグチの語彙一覧,ヒザマズキ,,正座。両足を揃えて畳んだ座り方。「跪（ひざまづ）く」に由来する「ヒザマンチュ」という方言を標準語に再翻訳したもの。膝をついて腰を浮かした姿勢のことではない,,一般
Wikipedia,ウチナーヤマトグチの語彙一覧,ヒジュルー,,冷酷な人。自分勝手な人。人でなし。「冷たい」を意味する「ヒジュル」に由来,,一般
Wikipedia,ウチナーヤマトグチの語彙一覧,ヒッチー,,頻繁に,,副詞
Wikipedia,ウチナーヤマトグチの語彙一覧,ヒンガー,,不潔な人。「垢」を意味する「ヒング」+「アー」。「しばらく入浴していないような不潔な風貌の人」という意味合いで使われる,,一般
Wikipedia,ウチナーヤマトグチの語彙一覧,ヒング,,垢。汚れ,,一般
Wikipedia,ウチナーヤマトグチの語彙一覧,ヒンスー,,貧乏人、貧乏なこと,,形容詞
Wikipedia,ウチナーヤマトグチの語彙一覧,ヒージャー,,山羊。鬚（ヒジ）＋アーで「鬚のあるもの」という意味,,一般
Wikipedia,ウチナーヤマトグチの語彙一覧,ヒーラー,,ゴキブリ。漢名の「蜚蠊（ひれん）」から。トービーラー（唐ヒーラー）とも言う,,一般
Wikipedia,ウチナーヤマトグチの語彙一覧,フィーサン,,寒い。「冷え＋さん」から。「暑い」はアチサン,,形容詞
Wikipedia,ウチナーヤマトグチの語彙一覧,フユー,,怠惰。無精。ものぐさ。のんびりだらだらすること。怠け者はフユーナーあるいはフユーサー,,一般
Wikipedia,ウチナーヤマトグチの語彙一覧,フラー,,愚か者。馬鹿。英語のfoolとは関係なく、惚れる（：気が迷う）という言葉から。フリムン（惚れ者）とも言う,,一般
Wikipedia,ウチナーヤマトグチの語彙一覧,フージー,,〜のような（もの）。「風情」の訛りで、「イキガフージー（男風情）」なら「男勝りの女性」、「ヤマトゥフージー（大和風情）」だと「本土風の（垢抜けた）沖縄人」というような意味になる,,一般
Wikipedia,ウチナーヤマトグチの語彙一覧,フーチバー,,ニシヨモギ。ヨモギを意味する古代日本語「フツ（の葉）」が語源,,食べ物関連
Wikipedia,ウチナーヤマトグチの語彙一覧,フール,,便所。伝統的な沖縄家屋では、豚便所（ゥワーフール）と呼ばれる屋外に設けられた便所で、排泄物を飼料として豚を飼育していた,,一般
Wikipedia,ウチナーヤマトグチの語彙一覧,プットゥルー,,でんぷん質の食材を、油を使って調理したもの。ウムクジ（芋くず）プットゥルー、ソーミンプットゥルーなど,,食べ物関連
Wikipedia,ウチナーヤマトグチの語彙一覧,ホーミ（ー）,,女陰。転じて性行為を指す言葉,,一般
Wikipedia,ウチナーヤマトグチの語彙一覧,ポチギ,,ポルトガル風ソーセージ（Portuguese sausage）,,ウチナー英語
Wikipedia,ウチナーヤマトグチの語彙一覧,マカイ,,椀,,食べ物関連
Wikipedia,ウチナーヤマトグチの語彙一覧,マギー,,大きい,,形容詞
Wikipedia,ウチナーヤマトグチの語彙一覧,マジムン,,魔物。ヤナムン（嫌なもの）という言い方もある,,一般
Wikipedia,ウチナーヤマトグチの語彙一覧,マジュン,,一緒に,,副詞
Wikipedia,ウチナーヤマトグチの語彙一覧,マヤー,,猫,,一般
Wikipedia,ウチナーヤマトグチの語彙一覧,マーサムン,,美味しいもの,,形容詞
Wikipedia,ウチナーヤマトグチの語彙一覧,マーサン,,美味しい。「旨（うま）さん」の訛り。「イッペーマーサンドー」は「すごく美味しいよ」,,形容詞
Wikipedia,ウチナーヤマトグチの語彙一覧,マース,,塩のこと。「真塩（マシウ）」の訛り,,食べ物関連
Wikipedia,ウチナーヤマトグチの語彙一覧,マーミナー,,もやし。「豆菜」に由来,,食べ物関連
Wikipedia,ウチナーヤマトグチの語彙一覧,ムジ,,タイモの芋茎。古代日本語の「いもじ」に由来,,食べ物関連
Wikipedia,ウチナーヤマトグチの語彙一覧,ムル,,全部。すべて。標準語の「もろ（諸）」の訛り。「むるわからん」は「さっぱりわからない」,,副詞
Wikipedia,ウチナーヤマトグチの語彙一覧,ヤチムン,,陶磁器。焼物（やきもの）の訛り,,食べ物関連
Wikipedia,ウチナーヤマトグチの語彙一覧,ヤナカーギー,,ブス。語源は「嫌な影」,,一般
Wikipedia,ウチナーヤマトグチの語彙一覧,ヤンバラー,,山原（沖縄本島北部）人,,地域、住民、固有名詞
Wikipedia,ウチナーヤマトグチの語彙一覧,ヤー,,おまえ（親称）。複数形は「イッター/ヤッター」（お前たち）,,人称代名詞
Wikipedia,ウチナーヤマトグチの語彙一覧,ヤールー,,ヤモリ,,一般
Wikipedia,ウチナーヤマトグチの語彙一覧,ユイマール,,地域や仲間内での助け合い、相互扶助の制度。漢字で書くと「結い回る」,,生活、生業
Wikipedia,ウチナーヤマトグチの語彙一覧,ユクイ,,休憩。一休み。語源は「ゆっくり」,,一般
Wikipedia,ウチナーヤマトグチの語彙一覧,ユクシ,,嘘。嘘つき。「ユクシムニー」（邪まな物言い）の短縮形。嘘をつく人はユクサー,,一般
Wikipedia,ウチナーヤマトグチの語彙一覧,ユシドーフ,,語源は「寄せ豆腐」。県外ではくみ豆腐、おぼろ豆腐などと呼ばれるものに近く、豆腐を押し固めて水抜きを行う前の状態のもの,,食べ物関連
Wikipedia,ウチナーヤマトグチの語彙一覧,ユンタク,,談笑。おしゃべり,,一般
Wikipedia,ウチナーヤマトグチの語彙一覧,ユーバン,,夕飯,,生活、生業
Wikipedia,ウチナーヤマトグチの語彙一覧,ユーフル,,風呂。水風呂との区別、また単にフルではフール（便所）と紛らわしいため「湯風呂」と呼んで区別した名残り,,一般
Wikipedia,ウチナーヤマトグチの語彙一覧,ワン・ワー,,私。僕。俺。「私は」の場合、「ワンネー」となる。複数形は「ワッター」（私たち）,,人称代名詞
Wikipedia,ウチナーヤマトグチの語彙一覧,ワーバサー,,いたずらっ子の事。ガンマラーと言う事もある,,一般
Wikipedia,ウチナーヤマトグチの語彙一覧,ンジャナ,,ホソバワダン。「苦菜（ニガナ）」の訛り,,食べ物関連
Wikipedia,ウチナーヤマトグチの語彙一覧,ンスナバー,,フダンソウ。「味噌菜葉（ミソナバ）」に由来,,食べ物関連
Wikipedia,ウチナーヤマトグチの語彙一覧,ンブシー,,「ンブシュン（蒸す）」という動詞の名詞形。ナーベラー（ヘチマ）や豆腐など、水分の多い材料を水を加えずに煮る調理法。ンブサーともいう。ナーベラーンブシーなど,,食べ物関連
Wikipedia,ウチナーヤマトグチの語彙一覧,島ナイチャー,,沖縄在住のナイチャー。特に自らの意志で移住し、沖縄の風土に染まった人を指す。沖縄戦前は本土かぶれの沖縄人を指す言葉だったが、本土復帰後に移住者が増えると、意味が反対のものになった,,地域、住民、固有名詞
Wikipedia,ウチナーヤマトグチの語彙一覧,店休日,,定休日の誤記。臨時休業日という意味でも使用される,,表記・発音上の「方言」
Wikipedia,ウチナーヤマトグチの語彙一覧,支那そば,,料理としてのラーメンや中華そばのことではなく、棒状の乾麺の中華麺を指す。保存食として常備され、素麺と同じように炒めるなどして用いられる,,食べ物関連
Wikipedia,ウチナーヤマトグチの語彙一覧,移店,,移転の誤記。店舗移転の張り紙などにおいて頻繁に見られる,,表記・発音上の「方言」
Wikipedia,ウチナーヤマトグチの語彙一覧,食道,,食堂の誤記。新規開店の店においてもこの表記を採用することがある,,表記・発音上の「方言」
Wikipedia,ケセン語,A,,a || ||,,ケセン式ローマ字
Wikipedia,ケセン語,B,,b || ||,,ケセン式ローマ字
Wikipedia,ケセン語,G,,g || ||,,ケセン式ローマ字
Wikipedia,ケセン語,I,,ı || d、s、t、zに続く時にのみ用いる,,ケセン式ローマ字
Wikipedia,ケセン語,K,,k || ||,,ケセン式ローマ字
Wikipedia,ケセン語,M,,m || ||,,ケセン式ローマ字
Wikipedia,ケセン語,O,,o || ||,,ケセン式ローマ字
Wikipedia,ケセン語,P,,p || ||,,ケセン式ローマ字
Wikipedia,ケセン語,R,,r || ||,,ケセン式ローマ字
Wikipedia,ケセン語,U,,u || ||,,ケセン式ローマ字
Wikipedia,ケセン語,V,,v || ||,,ケセン式ローマ字
Wikipedia,ケセン語,Y,,y || ||,,ケセン式ローマ字
Wikipedia,ケセン語,b,,d || z || g || r || y || w,,子音の無声化
Wikipedia,ケセン語,de,,發音便 || yomú（読む） → yom' dé（読んで）,,動用詞
Wikipedia,ケセン語,p,,"colspan=""2"" | t || k || r̈ || ÿ || ẅ",,子音の無声化
Wikipedia,ケセン語,te,,促音便 || kadí（勝つ） → kad' té（勝って）,,動用詞
Wikipedia,ケセン語,Ï,,ï || 後述の二重母音にのみ用いる,,ケセン式ローマ字
Wikipedia,ケセン語,İ,,"i ||rowspan=""3""| ||",,ケセン式ローマ字
Wikipedia,ケセン語,Ś-er,,Ś-ir || S-ér || S-ír || S-er || S-ir || ser || kor || 否定の結辞 zı などの前で,,動用詞
Wikipedia,ケセン語,Ś-era,,Ś-ira || S-erá || S-irá || S-era || S-ira || sır̈a || kurá（時に）kirá || 仮定の結辞 ba などの前で,,動用詞
Wikipedia,ケセン語,Ś-ere,,Ś-ire || S-eré || S-iré || S-ere || S-ire || sır̈e || kuré（時に）kiré ||,,動用詞
Wikipedia,ケセン語,Ś-ero,,Ś-iro || S-eró || S-iró || S-ero || S-iro || sır̈o || kǒ ||,,動用詞
Wikipedia,ケセン語,Ś-eru,,Ś-iru || S-er || S-irú || S-eru || S-iru || sıru || kurú ||,,動用詞
Wikipedia,ケセン語,Ś-g',,Ś-g' || S-g' || 動用詞 aru などの前で,,静用詞
Wikipedia,ケセン語,Ś-g'i,,S-g'í || S-g'i ||,,静用詞
Wikipedia,ケセン語,Ś-gu,,Ś-gu || S-gu ||,,静用詞
Wikipedia,ケセン語,Ś-i,,"Ś-ı || colspan=""2"" | S-í || S-i || S-ı",,動用詞
Wikipedia,ケセン語,Ś-ku,,Ś-ku || S-ku || 語末のuが無声化した場合,,静用詞
Wikipedia,ケセン語,Ś-u,,Ś-ı || S-ú || S-í || S-u || S-ı,,動用詞
Wikipedia,ケセン語,Ÿ,,ÿ || ||,,ケセン式ローマ字
Wikipedia,ケセン語,Ẅ,,ẅ || ||,,ケセン式ローマ字
Wikipedia,ケセン語,あ,,い || う || え || お,,ケセン仮名
Wikipedia,ケセン語,か,,き || く || け || こ,,ケセン仮名
Wikipedia,ケセン語,か゚,,き゚ || く゚ || け゚ || こ゚,,ケセン仮名
Wikipedia,ケセン語,が,,ぎ || ぐ || げ || ご,,ケセン仮名
Wikipedia,ケセン語,さ,,15px || || せ || そ,,ケセン仮名
Wikipedia,ケセン語,さ゚,,|| || せ゚ || そ゚,,ケセン仮名
Wikipedia,ケセン語,ざ,,15px || || ぜ || ぞ,,ケセン仮名
Wikipedia,ケセン語,た,,15px || || て || と,,ケセン仮名
Wikipedia,ケセン語,だ,,15px || || で || ど,,ケセン仮名
Wikipedia,ケセン語,な,,に || ぬ || ね || の,,ケセン仮名
Wikipedia,ケセン語,は,,ひ || ふ || へ || ほ,,ケセン仮名
Wikipedia,ケセン語,ば,,び || ぶ || べ || ぼ,,ケセン仮名
Wikipedia,ケセン語,ぱ,,ぴ || ぷ || ぺ || ぽ,,ケセン仮名
Wikipedia,ケセン語,ま,,み || む || め || も,,ケセン仮名
Wikipedia,ケセン語,や,,|| ゆ || 15px || よ,,ケセン仮名
Wikipedia,ケセン語,や゚,,|| || || よ゚,,ケセン仮名
Wikipedia,ケセン語,ら,,り || る || れ || ろ,,ケセン仮名
Wikipedia,ケセン語,ら゚,,|| || れ゚ || ろ゚,,ケセン仮名
Wikipedia,ケセン語,わ,,|| || ゑ ||,,ケセン仮名
Wikipedia,ケセン語,ア,,イ || ウ || エ || オ,,ケセン仮名
Wikipedia,ケセン語,カ,,キ || ク || ケ || コ,,ケセン仮名
Wikipedia,ケセン語,カ゚,,キ゚ || ク゚ || ケ゚ || コ゚,,ケセン仮名
Wikipedia,ケセン語,ガ,,ギ || グ || ゲ || ゴ,,ケセン仮名
Wikipedia,ケセン語,サ,,15px || || セ || ソ,,ケセン仮名
Wikipedia,ケセン語,サ゚,,|| || セ゚ || ソ゚,,ケセン仮名
Wikipedia,ケセン語,ザ,,15px || || ゼ || ゾ,,ケセン仮名
Wikipedia,ケセン語,タ,,15px || || テ || ト,,ケセン仮名
Wikipedia,ケセン語,ダ,,15px || || デ || ド,,ケセン仮名
Wikipedia,ケセン語,ナ,,ニ || ヌ || ネ || ノ,,ケセン仮名
Wikipedia,ケセン語,ハ,,ヒ || フ || ヘ || ホ,,ケセン仮名
Wikipedia,ケセン語,バ,,ビ || ブ || ベ || ボ,,ケセン仮名
Wikipedia,ケセン語,パ,,ピ || プ || ペ || ポ,,ケセン仮名
Wikipedia,ケセン語,マ,,ミ || ム || メ || モ,,ケセン仮名
Wikipedia,ケセン語,ヤ,,|| ユ || 15px || ヨ,,ケセン仮名
Wikipedia,ケセン語,ヤ゚,,|| || || ヨ゚,,ケセン仮名
Wikipedia,ケセン語,ラ,,リ || ル || レ || ロ,,ケセン仮名
Wikipedia,ケセン語,ラ゚,,|| || レ゚ || ロ゚,,ケセン仮名
Wikipedia,ケセン語,ワ,,|| || ヱ ||,,ケセン仮名
Wikipedia,ケセン語,促音便,,音便化した語末の子音の直後に無声子音から始まる単語が続く場合、無声子音を長子音として発音する,,音便
Wikipedia,ケセン語,子音脱落音便,,語中の子音が音便化した場合、その子音を発音せず、その前後の母音を続けて発音する。この場合も、二重母音として発音が変化する場合はこれに従う,,音便
Wikipedia,ケセン語,活用語尾,,後続する辞の1拍目,,音調型
Wikipedia,ケセン語,發音便,,音便化した語末の子音の直後に有声子音から始まる単語が続く場合、有声子音の直前にを挿入する,,音便
Wikipedia,ケセン語,語幹,,体言・副言自体,,音調型
Wikipedia,ケセン語,連声音便,,音便化した語末の子音の直後に母音から始まる単語が続く場合、フランス語におけるリエゾン同様に、音便化した子音を文字通りに発音する,,音便
Wikipedia,ケセン語,静体詞（形容動詞の語幹）,,静詞,,詞辞分類
Wikipedia,ケセン語,静用詞（形容詞）,,"rowspan=""2"" | 静詞",,詞辞分類
Wikipedia,ケセン語,（無音）,,上記以外の綴り、あるいは時にawaの綴りで,,ケセン式ローマ字
JMdict,ブラジル,かしゅ,火酒,,distilled liquor; spirits; cachaça (Brazilian liquor),
JMdict,ブラジル,こうち,耕地,,arable land; plantation; fazenda; hacienda,
JMdict,ブラジル,しょくみんち,植民地,,colony; (Japanese) settlement (in Brazil),
JMdict,ブラジル,でんしょう,電商,,electrical goods merchant; e-commerce; electronic commerce,
JMdict,ブラジル,にゅうしょく,入植,,settlement; immigration; entering a (Japanese) settlement,
JMdict,ブラジル,はくあ,伯亜,,Brazil and Argentina; Brazilian-Argentine,
JMdict,ブラジル,はっこく,伯国,,Brazil; county,
JMdict,ブラジル,ぼけん,母県,,prefecture of birth; prefecture of origin,
JMdict,ブラジル,コロニア,,,immigrant settlement (esp. of Japanese in South America),
JMdict,ブラジル,ナタウ,,,Christmas,
JMdict,ブラジル,バタタ,,,potato,
JMdict,ブラジル,ミル,釬,,mil-réis (former monetary unit of Brazil),
JMdict,ブラジル,ヨ,,,I; me,
JMdict,ブラジル,レ,,,real (currency of Brazil),
Wikipedia,三河弁,あ行,,;あいさ:【名】間,,語彙
Wikipedia,三河弁,お…る,,「お書きる」「お寝りる」のような形。最も丁寧で敬意の高い尊敬表現,,尊敬語
Wikipedia,三河弁,さ行,,;さげる（提げる）:【動下一】持ち上げる,,語彙
Wikipedia,三河弁,た行,,;た/たあ/たらあ/らあ:【接尾辞】達 「お前んたらあ、あんましたあけた事ばっかしとったらかんよ」,,語彙
Wikipedia,三河弁,な行,,;なまかわ:【名】 横着、怠慢 （生半可からの変化か）,,語彙
Wikipedia,三河弁,は行,,;はあ/はい/はえ:【副】もう、(こんなに)早く 「はい終わっただか」「まあはえとっくに着いとる頃だぞん」,,語彙
Wikipedia,三河弁,ま行,,;まあ:【副】もう 「まあちょっと」「まあ一遍」「まあ要らん」などと使われる,,語彙
Wikipedia,三河弁,や行,,;や/やあ:【終助詞】…よ、…なあ,,語彙
Wikipedia,三河弁,ら行,,;らんごくな（乱極な）、らんごくい(乱極い):【形動】乱雑なさま 「らんごくな部屋だ」「なんでこんならんごくいん？」,,語彙
Wikipedia,三河弁,わ行,,;わ:【終助詞】よ、ね、な 老若男女問わず文末に付して用いる。 「まあ遅いでぼちぼち帰るわ」,,語彙
Wikipedia,三河弁,ん,,;んたい/んとう:【接尾辞】…たち 「子供んたいは、はい寝かいたげえかやあ」「あんたんとうは、この後どうするだん?」 類語：たあ（前出）,,語彙
Wikipedia,三河弁,断定,,断定の助動詞には「だ」を用いる,,助動詞など各種表現
Wikipedia,三河弁,（ら）れる,,共通語と同じ形だが、親しい者同士で使われ、敬意は低い,,尊敬語
Wikipedia,三重弁,かか-ん/へん/せん,,かき-たい||かく||かきゃ||かけ||かこ-う,,動詞
Wikipedia,三重弁,こ-ん、き-やん/やへん/やせん,,き-たい||くる||くりゃ||こい||こ-う,,動詞
Wikipedia,三重弁,せ-ん、し-やん/やへん/やせん,,し-たい||する||すりゃ||せえ||しょ-う,,動詞
Wikipedia,三重弁,ね-ん/やん/やへん/やせん,,ね-たい||ねる||ねりゃ||ねよ||ねよ-う,,動詞
Wikipedia,三重弁,み-ん/やん/やへん/やせん,,み-たい||みる||みりゃ||みよ||みよ-う,,動詞
Wikipedia,三重弁,軽蔑,,軽蔑の助動詞には、「-よる」「-やがる」「-くさる」「-さらす」がある。ただし「-よる」は南三重では進行相の助動詞である,,助動詞など各種表現
Wikipedia,上伊那地域の方言,(1),,|||||||||||,,丁寧表現
Wikipedia,上伊那地域の方言,(2),,|||||||||||,,丁寧表現
Wikipedia,上伊那地域の方言,(3),,|||||||||||,,丁寧表現
Wikipedia,上伊那地域の方言,(4),,|||||||||||,,丁寧表現
Wikipedia,上伊那地域の方言,(5),,|||||||||||,,丁寧表現
Wikipedia,上伊那地域の方言,(かばんなどを)さげる,,さげる || さげる ||,,三拍動詞
Wikipedia,上伊那地域の方言,(布団を)きる,,(布団を)掛ける,,広域など
Wikipedia,上伊那地域の方言,(戸や障子を)たつ,,(戸や障子を)閉める,,広域など
Wikipedia,上伊那地域の方言,(桑が)さく,,(桑の)芽が伸びて葉が伸びる,,広域など
Wikipedia,上伊那地域の方言,(虹が)たつ、ふく,,(虹が)出るの意。この表現は箕輪、伊那、旧高遠町三義、駒ヶ根市中沢、飯島などに散らばって分布する,,広域など
Wikipedia,上伊那地域の方言,(風呂に)しずむ,,(風呂に)浸かる,,広域など
Wikipedia,上伊那地域の方言,×,,×||×||×||×||○||,,丁寧表現
Wikipedia,上伊那地域の方言,…(だ)で、…(だ)もんで,,…(だ)から,,広域など
Wikipedia,上伊那地域の方言,…いちら,,…まま,,広域など
Wikipedia,上伊那地域の方言,…か°,,…くらい、…だけ。例．お菓子を 百円か° とこ つつんで おくれ,,広域など
Wikipedia,上伊那地域の方言,…かえ,,…か、…かね。例．そーかえ,,広域など
Wikipedia,上伊那地域の方言,…くに,,…のように。例．あのくに いのいちゃー 体に どくだに,,広域など
Wikipedia,上伊那地域の方言,…さ,,…さん,,広域など
Wikipedia,上伊那地域の方言,…さら、…せら、…まし,,…ごと,,広域など
Wikipedia,上伊那地域の方言,…しな,,…ながら,,広域など
Wikipedia,上伊那地域の方言,…じゃん、…じゃんか,,(1)…じゃないか、…だったでしょう（自分の推定に他人の承認を求めている、控えめな主張、やわらかい断定）(2)…うよ（勧誘）。例．一緒に カツ丼を食べる じゃん,,広域など
Wikipedia,上伊那地域の方言,…ず,,(1)…だろう（推量）、(2)…ない（否定）、(3)…しよう (意思),,広域など
Wikipedia,上伊那地域の方言,…だに,,…だよ,,広域など
Wikipedia,上伊那地域の方言,…ちゅー,,…という,,広域など
Wikipedia,上伊那地域の方言,…っこ,,…するはずがない。例．いきっこ,,広域など
Wikipedia,上伊那地域の方言,…なんしょ,,…なさい。例．おやすみなんしょ,,広域など
Wikipedia,上伊那地域の方言,…なんだ,,…なかった。例．行かなんだ,,広域など
Wikipedia,上伊那地域の方言,…に,,(1)…よ、(2)…のに、(3)…から,,広域など
Wikipedia,上伊那地域の方言,…にゃ、…にゃー、…な,,…なければ,,広域など
Wikipedia,上伊那地域の方言,…まいか,,…しませんか(勧誘)。例．行かまいか,,広域など
Wikipedia,上伊那地域の方言,…ません,,|||○||○||||||||||||×,,北部系
Wikipedia,上伊那地域の方言,…まるけ,,…だらけ,,広域など
Wikipedia,上伊那地域の方言,…よか,,…より、…よりかも。例．それよか こっちの 方か° いーぜ,,広域など
Wikipedia,上伊那地域の方言,…ん,,(1)…の、(2)…ない（否定）、(3)…ないか（勧誘）,,広域など
Wikipedia,上伊那地域の方言,…んならん,,…なければならない,,広域など
Wikipedia,上伊那地域の方言,…アリマス,,…ございますの意。南部で用いられる。例．ハールカブリデ アリマスナムシ(久しぶりでございますね),,丁寧表現
Wikipedia,上伊那地域の方言,…ゴザンス,,…ございますの意。中部以北で用いられる。例．オツカリデ ゴザンス(今晩は),,丁寧表現
Wikipedia,上伊那地域の方言,…ジ,,北端部で用いられる。「…ゾ」と似るが、軽い敬意と親愛の気持ちを込めて使われる。松本地方の代表語であり、その影響下にある。例．ソーダジ(そうだぞ),,丁寧表現
Wikipedia,上伊那地域の方言,…ジャン(カ),,「行クジャンカ」のように終止－連体形に接続する。中部・北部を中心にある程度の勢力を持つ,,勧誘表現
Wikipedia,上伊那地域の方言,…ズ,,例．ソンナ コトモ アラズ(そんなこともあろう),,推量表現
Wikipedia,上伊那地域の方言,…ズ(カ),,意志表現として用いられる「…ズ」は勧誘としても用いられる。共通語の「…うよ」に相当する。ただし使用頻度は低い,,勧誘表現
Wikipedia,上伊那地域の方言,…ズ、…ズイ,,長野・山梨・静岡方言の特徴語である。例．イッテ ミテ コズ(行ってみてこよう),,意志表現
Wikipedia,上伊那地域の方言,…タズラ、…タンズラ,,「…ズラ」の過去及び完了。北部では「…タズラ」、南部では「…タンズラ」となる。例．行っただろう → イッタズラ(北部)、イッタンズラ(南部),,推量表現
Wikipedia,上伊那地域の方言,…タンダラ、…タラ,,「…ダラ」の過去。例．イッタンダラ、イッタラ(行ったんだろう),,推量表現
Wikipedia,上伊那地域の方言,…ダニヨッテ,,南部で用いられる。例．コーダニヨッテ コリャー ケール ワケニャー イカン(こうだからこれは変えるわけにはいかない),,理由・原因
Wikipedia,上伊那地域の方言,…ッシャレ、…サッシャレ,,北端部で用いられる。敬意は低く、その分親愛度が高い,,敬意を込めて勧める表現
Wikipedia,上伊那地域の方言,…ツラ,,「…ラ」の過去及び完了。例．ヨカッツラ(よかっただろう),,推量表現
Wikipedia,上伊那地域の方言,…トクンナ,,南部ではより敬意の高いものとして「オ…トクンナ」も用いられる,,敬意を込めて勧める表現
Wikipedia,上伊那地域の方言,…トクンネ,,北端部で用いられる,,敬意を込めて勧める表現
Wikipedia,上伊那地域の方言,…ナ,,南部で用いられる。聞き手に対し敬う気持ちをこめて用いられる。例．オアリンカナ(ありませんか),,丁寧表現
Wikipedia,上伊那地域の方言,…モンデ、…モンダデ,,共通語の「ものだから」にあたる。例．シラネー モンデ ブチャッチマッタ(知らないものだから捨ててしまった),,理由・原因
Wikipedia,上伊那地域の方言,…ンネ、…イネ,,北端部で用いられる。念を押し、余剰をこめて丁寧な断定をあらわす。松本地方に盛んな表現である。例．ソーダンネ(そうなんですよ),,丁寧表現
Wikipedia,上伊那地域の方言,…二,,例．アミャー フルニ カサー セーテケ(雨が降るから傘をさして行け),,理由・原因
Wikipedia,上伊那地域の方言,△,,○||○||○||○||△||△||×||×||×,,北部系
Wikipedia,上伊那地域の方言,○,,○||○||○||○||○||○,,丁寧表現
Wikipedia,上伊那地域の方言,◎,,◎||◎||◎||◎||◎||△||△||△||△,,北部系
Wikipedia,上伊那地域の方言,あいく,,歩く,,広域など
Wikipedia,上伊那地域の方言,あいそしー,,可愛らしい。南部では「愛想がいい」の意味も。例．まー なんちゅー あいそしー ぼこずら,,広域など
Wikipedia,上伊那地域の方言,あいてー、あいて、あいた,,痛い,,広域など
Wikipedia,上伊那地域の方言,あおぴょーたん,,顔が青くやせた人のこと,,広域など
Wikipedia,上伊那地域の方言,あかい,,!明るい,,語彙
Wikipedia,上伊那地域の方言,あかる,,容器が転倒して中のものがこぼれ出る,,広域など
Wikipedia,上伊那地域の方言,あけ°,,油揚げ,,広域など
Wikipedia,上伊那地域の方言,あこ°か°かき°にかかる,,貧困の余り飯が食えなくなる,,広域など
Wikipedia,上伊那地域の方言,あこ°た、おとけ°,,あご,,広域など
Wikipedia,上伊那地域の方言,あすぶ,,遊ぶ,,広域など
Wikipedia,上伊那地域の方言,あたける,,暴れる、悪ふざけする,,広域など
Wikipedia,上伊那地域の方言,あだじゃねー,,容易ではない、気の毒だ。例．あんねに いそがしくちゃー あだじゃねーなえ,,広域など
Wikipedia,上伊那地域の方言,あっこ(1)、あすこ,,あそこ。例．あっこえ いって ぼやを もって おいで,,広域など
Wikipedia,上伊那地域の方言,あっこ(2),,かかと,,広域など
Wikipedia,上伊那地域の方言,あっためる,,盗む、隠す。例．他人の 本を あっためる,,広域など
Wikipedia,上伊那地域の方言,あばた,,|||||||||||||||○||○,,南部系
Wikipedia,上伊那地域の方言,あばよ、あんばよ、あばな、あんば,,別れるときの挨拶。「あばよ」は「さらばよ」の約略とする説があるが、福沢武一は「塩梅好う」が語源であると主張する。「あんばよー」は関西などで「具合よく」「都合よく」の意味で用いられる,,広域など
Wikipedia,上伊那地域の方言,あびる、あべる,,泳ぐ,,広域など
Wikipedia,上伊那地域の方言,あらかす(2),,転がす。例．石を あらかす もんで あぶねー,,広域など
Wikipedia,上伊那地域の方言,あれ,,あ || あ ||,,二拍名詞
Wikipedia,上伊那地域の方言,あれる,,ころげる。例．石か゜ 坂を あれて いった,,広域など
Wikipedia,上伊那地域の方言,あわさりめ,,重なり目,,広域など
Wikipedia,上伊那地域の方言,あわしまさま,,いつもボロボロな着物を着ている人,,広域など
Wikipedia,上伊那地域の方言,あわたく,,あわてる,,広域など
Wikipedia,上伊那地域の方言,あんじゃーねー,,心配いらない,,広域など
Wikipedia,上伊那地域の方言,あんと,,ありがとうの意。宮田村以南やや希薄,,広域など
Wikipedia,上伊那地域の方言,いかつい,,立派な,,広域など
Wikipedia,上伊那地域の方言,いかん,,ダメ、いけない。北部では「いけん」「いけねー」とも,,広域など
Wikipedia,上伊那地域の方言,いかんに,,いけませんよ、ダメだよ,,広域など
Wikipedia,上伊那地域の方言,いきあう,,遭遇する,,広域など
Wikipedia,上伊那地域の方言,いきなり,,乱雑で、中途半端なさま。放置して、構わぬこと。几帳面の正反対,,広域など
Wikipedia,上伊那地域の方言,いける,,埋める,,広域など
Wikipedia,上伊那地域の方言,いけーに,,どんなに,,広域など
Wikipedia,上伊那地域の方言,いこ、えこ,,あまり,,広域など
Wikipedia,上伊那地域の方言,いしか°け,,石垣,,広域など
Wikipedia,上伊那地域の方言,いじゃ,,行こう(強め)。例．おれと 一緒に まちー 買い物に いじゃ,,広域など
Wikipedia,上伊那地域の方言,いただきました,,ご馳走さま,,広域など
Wikipedia,上伊那地域の方言,いちゃつく,,(1)恋人同士が仲睦まじい動作をすること、(2)うるさくつきまとう。北端部では「慌てる」、南部では「子供などが調子づいて騒ぐ」の意味でも用いる,,広域など
Wikipedia,上伊那地域の方言,いっちょーらん,,一枚しかない良い着物。例．お祭りだで いっちょーらんを 着せて よらずよ,,広域など
Wikipedia,上伊那地域の方言,いってきました,,ただいま,,広域など
Wikipedia,上伊那地域の方言,いなだく,,いただく,,広域など
Wikipedia,上伊那地域の方言,いのく,,動く,,広域など
Wikipedia,上伊那地域の方言,いびくる,,もてあそぶ。例．そんねに いびくりゃ こわれちまうぞ,,広域など
Wikipedia,上伊那地域の方言,いぶる,,揺さぶる,,広域など
Wikipedia,上伊那地域の方言,いぼう、いぼる,,傷口が化膿する。いぼった とこから うみが でて きた,,広域など
Wikipedia,上伊那地域の方言,いやんべー,,程よい状態,,広域など
Wikipedia,上伊那地域の方言,いらんこと、よっこなこと,,余計なこと,,広域など
Wikipedia,上伊那地域の方言,いりのや(入野谷),,高遠からさらに南アルプスの山麓へ入った谷（旧長谷村）,,広域など
Wikipedia,上伊那地域の方言,いる,,○(北部に多い),,語彙
Wikipedia,上伊那地域の方言,いれいち,,一つおき。例．いれいちに 赤く 塗る,,広域など
Wikipedia,上伊那地域の方言,いろむ,,色づく。例．柿か° いろんで きた,,広域など
Wikipedia,上伊那地域の方言,いんね,,いいえ（否定）,,広域など
Wikipedia,上伊那地域の方言,うだる,,茹だる,,広域など
Wikipedia,上伊那地域の方言,うっつかっつ,,五分五分、同じくらい、損得なし,,広域など
Wikipedia,上伊那地域の方言,うつかる、うっつかる,,背をもたれかかる,,広域など
Wikipedia,上伊那地域の方言,うでる,,茹でる,,広域など
Wikipedia,上伊那地域の方言,うとい,,バカだ,,広域など
Wikipedia,上伊那地域の方言,うとんぽ,,空洞,,広域など
Wikipedia,上伊那地域の方言,うます,,蒸す,,広域など
Wikipedia,上伊那地域の方言,うめる,,薄める,,広域など
Wikipedia,上伊那地域の方言,うろこ,,!鱗,,語彙
Wikipedia,上伊那地域の方言,うんと,,たくさんに、非常に,,広域など
Wikipedia,上伊那地域の方言,えけ°つねー,,ひどい、あくどい,,広域など
Wikipedia,上伊那地域の方言,えらい(2),,ひどい,,広域など
Wikipedia,上伊那地域の方言,えれる,,入れる,,広域など
Wikipedia,上伊那地域の方言,えんのしたのくものすまで,,全財産残らず。例．えんのしたのくものすまでお前のものだ,,広域など
Wikipedia,上伊那地域の方言,えーよ、えーよー,,ぜいたく,,広域など
Wikipedia,上伊那地域の方言,おいさん,,おじさん,,広域など
Wikipedia,上伊那地域の方言,おいでな,,おいでなさい,,広域など
Wikipedia,上伊那地域の方言,おいでる,,いらっしゃる,,広域など
Wikipedia,上伊那地域の方言,おいでん,,いらっしゃらない,,広域など
Wikipedia,上伊那地域の方言,おいはん,,夕飯,,広域など
Wikipedia,上伊那地域の方言,おいび,,行きましょう。例．みよっさ 学校い おいび,,広域など
Wikipedia,上伊那地域の方言,おいや,,食べたくない。例．かぜで ねつっぽいで 今朝わ ごぜんわ おいやだ,,広域など
Wikipedia,上伊那地域の方言,おいれ,,日没,,広域など
Wikipedia,上伊那地域の方言,おう,,!おんぶする,,語彙
Wikipedia,上伊那地域の方言,おかたしけ、おかたじけ,,ありがとう,,広域など
Wikipedia,上伊那地域の方言,おくびとなり,,成長が遅いこと,,広域など
Wikipedia,上伊那地域の方言,おこ°っつぉー,,ごちそう,,広域など
Wikipedia,上伊那地域の方言,おこた、おこたつ,,こたつ,,広域など
Wikipedia,上伊那地域の方言,おこりばち,,怒りんぼ,,広域など
Wikipedia,上伊那地域の方言,おさんまくな,,ご粗末な,,広域など
Wikipedia,上伊那地域の方言,おしゃんこ,,正座。北部系方言の「おつくべ」「おつんべ」「おつんぶ」等と南部系方言の「おかしま」「かしまる」等の接触地域に多く分布する,,広域など
Wikipedia,上伊那地域の方言,おしょる,,折る,,広域など
Wikipedia,上伊那地域の方言,おぞい,,品質が悪い,,広域など
Wikipedia,上伊那地域の方言,おたく°り,,動物のはらわたを煮た料理,,広域など
Wikipedia,上伊那地域の方言,おちゃ,,(1)お世辞、(2)おやつ、間食,,広域など
Wikipedia,上伊那地域の方言,おっかさま、おっかさん,,母親。南部では「おかーちゃ」「おかーま」とも,,広域など
Wikipedia,上伊那地域の方言,おっさま,,お坊さん,,広域など
Wikipedia,上伊那地域の方言,おっとら,,おっとり,,広域など
Wikipedia,上伊那地域の方言,おつよ,,味噌汁,,広域など
Wikipedia,上伊那地域の方言,おと、おとっと,,次に生まれた子,,広域など
Wikipedia,上伊那地域の方言,おとっこ,,(1)末子、(2)生育の遅れた蚕,,広域など
Wikipedia,上伊那地域の方言,おとっさま、おとっさん,,父親。南部では「おとーちゃ」「おとーま」とも,,広域など
Wikipedia,上伊那地域の方言,おとつい、おっとい,,一昨日,,広域など
Wikipedia,上伊那地域の方言,おどける,,驚く。例．そりょー きーて まず おどけちまった,,広域など
Wikipedia,上伊那地域の方言,おどし、そめ,,かかし,,広域など
Wikipedia,上伊那地域の方言,おなし、おんなし,,同じ,,広域など
Wikipedia,上伊那地域の方言,おはずけ,,漬かった漬け菜,,広域など
Wikipedia,上伊那地域の方言,おべんこー、べんこー,,ませた口をきくこと,,広域など
Wikipedia,上伊那地域の方言,おべー,,着物,,広域など
Wikipedia,上伊那地域の方言,おみゃー,,お前 (卑語),,広域など
Wikipedia,上伊那地域の方言,おめこ、おそそ,,女性器,,広域など
Wikipedia,上伊那地域の方言,おもしー,,面白い,,広域など
Wikipedia,上伊那地域の方言,おもる,,おごる。例．今日わ おれか° おもるよ,,広域など
Wikipedia,上伊那地域の方言,おやき,,(1)米粉をねり、円板状に薄く伸ばして焼いた食べ物、(2)米粉の皮に小豆あんを入れ、茹でた後に焼いた食べ物。上伊那では平板に発音される,,広域など
Wikipedia,上伊那地域の方言,おやけ°ねー、おやいねー,,気の毒な、かわいそう。上伊那では一般に「おやけ°ねー」であるが、駒ヶ根地域では「おやいねー」ともいう,,広域など
Wikipedia,上伊那地域の方言,おら,,おれ、私,,広域など
Wikipedia,上伊那地域の方言,おらねー,,いない。宮田村のテキスト方言訳に載る。この地域では、「おらん」や「いねー」とともに混用される,,広域など
Wikipedia,上伊那地域の方言,おらほ,,おれの方,,広域など
Wikipedia,上伊那地域の方言,おりいろ,,紺色,,広域など
Wikipedia,上伊那地域の方言,おる,,○(南部に多い),,語彙
Wikipedia,上伊那地域の方言,おるすき°,,お留守番,,広域など
Wikipedia,上伊那地域の方言,おろのく,,間引く,,広域など
Wikipedia,上伊那地域の方言,おわい,,お食べなさい。例．たんと こしれーたで うんと おわいな,,広域など
Wikipedia,上伊那地域の方言,おわざと,,しるしばかりの品,,広域など
Wikipedia,上伊那地域の方言,おんぶばった,,|||||||||||||○||○||○,,南部系
Wikipedia,上伊那地域の方言,おんもり,,思う存分,,広域など
Wikipedia,上伊那地域の方言,かう,,閉める,,広域など
Wikipedia,上伊那地域の方言,かか°かか°する,,気ぜわしく動き回る、そわそわする,,広域など
Wikipedia,上伊那地域の方言,かけじ、おかけじ,,掛け軸,,広域など
Wikipedia,上伊那地域の方言,かしき、かしき°,,炊事,,広域など
Wikipedia,上伊那地域の方言,かしょ,,かせ,,広域など
Wikipedia,上伊那地域の方言,かっつく,,追いつく,,広域など
Wikipedia,上伊那地域の方言,からい,,塩辛い。伊那市以北では「しょっぺー」とも,,広域など
Wikipedia,上伊那地域の方言,からかみ,,ふすま,,広域など
Wikipedia,上伊那地域の方言,かる,,!借りる,,語彙
Wikipedia,上伊那地域の方言,かんかん、かんから,,空き缶,,広域など
Wikipedia,上伊那地域の方言,かんしょ,,堪忍して下さい(男性的)。例．おれか° わりかったで かんしょな,,広域など
Wikipedia,上伊那地域の方言,かんちょろりん,,痩せた人,,広域など
Wikipedia,上伊那地域の方言,かんな、かんね,,ごめんね(女性的)。例．わしか° わりかったで かんね,,広域など
Wikipedia,上伊那地域の方言,かーち、かーし,,代わり,,広域など
Wikipedia,上伊那地域の方言,がりあう,,言い争う。例．あの夫婦わ 年中 がりあってばっかいて よわった もんだ,,広域など
Wikipedia,上伊那地域の方言,きかいこーじょのけつまがり,,製糸工場の女性をはやし立てた子どもの失言,,広域など
Wikipedia,上伊那地域の方言,きさんじー,,立派な、見事な。例．あの えーの 稲わ きさんじー,,広域など
Wikipedia,上伊那地域の方言,きび,,(1)トウモロコシ、(2)気味,,広域など
Wikipedia,上伊那地域の方言,きびしょ,,急須,,広域など
Wikipedia,上伊那地域の方言,きもがみじかい,,短気である,,広域など
Wikipedia,上伊那地域の方言,きんたまのちーせーやつ,,小胆の者,,広域など
Wikipedia,上伊那地域の方言,きんのう、きんにょー,,昨日,,広域など
Wikipedia,上伊那地域の方言,ぎすい,,滑りが悪い。例．この 戸は ぎすくて いけんで なおして おくんな,,広域など
Wikipedia,上伊那地域の方言,ぎゅーす,,こらしめる、ひどい目にあわす,,広域など
Wikipedia,上伊那地域の方言,くさくさ、ぐさぐさ,,固く締まっていない,,広域など
Wikipedia,上伊那地域の方言,くざる、く°ざる,,悪口を言う,,広域など
Wikipedia,上伊那地域の方言,くすか°る,,刺さる。「串」が「上がる」が語源であるという。現在は串のみならずトゲや矢、釘などさまざまものに対して用いる。なお「刺す」は「くすげる」と「くすぐ」の2通りがある,,広域など
Wikipedia,上伊那地域の方言,くつば(か)す、くすば(か)す,,くすぐる,,広域など
Wikipedia,上伊那地域の方言,くつばってー、くすばってー,,くすぐったい,,広域など
Wikipedia,上伊那地域の方言,くねっぽい,,年よりませてみえる。例．この ぼこわ ばかに くねっぽいなえ,,広域など
Wikipedia,上伊那地域の方言,くべる,,燃やす,,広域など
Wikipedia,上伊那地域の方言,くます,,くずす,,広域など
Wikipedia,上伊那地域の方言,くむ,,(1)崩れる、(2)交換する,,広域など
Wikipedia,上伊那地域の方言,くりょ,,くれ,,広域など
Wikipedia,上伊那地域の方言,くるいっこ、くりっこ,,戯のとっくみあい,,広域など
Wikipedia,上伊那地域の方言,くろ,,|境界線は上伊那よりもかなり東を通っておりこの語では完全に西の陣営に属する,,語彙
Wikipedia,上伊那地域の方言,くろ(農林業),,く || くろ ||,,二拍名詞
Wikipedia,上伊那地域の方言,くわずみ、くわぐみ,,桑の実,,広域など
Wikipedia,上伊那地域の方言,ぐしゃったみ,,湿地,,広域など
Wikipedia,上伊那地域の方言,ぐしゃつく,,水気が多くなる,,広域など
Wikipedia,上伊那地域の方言,ぐるら、ぐるわ,,周り、周囲,,広域など
Wikipedia,上伊那地域の方言,けしくりからん,,不都合だ、よろしくない。例．そりゃー けしくりからん ことだぞやい,,広域など
Wikipedia,上伊那地域の方言,けっからかす,,蹴飛ばす,,広域など
Wikipedia,上伊那地域の方言,けむり,,!煙,,語彙
Wikipedia,上伊那地域の方言,けもねー,,造作もない,,広域など
Wikipedia,上伊那地域の方言,けやす,,消す。例．火を けやす,,広域など
Wikipedia,上伊那地域の方言,けーど,,けれども,,広域など
Wikipedia,上伊那地域の方言,けーむし,,毛虫,,広域など
Wikipedia,上伊那地域の方言,げほーもねー,,過度にたくさん,,広域など
Wikipedia,上伊那地域の方言,げんと,,てきめん。例．この薬は げんとに きいて たまけ°た,,広域など
Wikipedia,上伊那地域の方言,げーもねー,,無益な、つまらない,,広域など
Wikipedia,上伊那地域の方言,こき°,,枯れ枝,,広域など
Wikipedia,上伊那地域の方言,こく,,(1)言う、(2)打つ・叩く・殴る。例．頭を こかれて こぶか° できた(3)脱穀する,,広域など
Wikipedia,上伊那地域の方言,こく°り,,かたまり,,広域など
Wikipedia,上伊那地域の方言,こくれる,,遅れる。例．種まきか° しゅんに こくれちまった,,広域など
Wikipedia,上伊那地域の方言,こけ,,(1)ばか、やぼ。例．ゆーだけ こけだで やめとけよ。(2)魚の鱗,,広域など
Wikipedia,上伊那地域の方言,こける,,転ぶ,,広域など
Wikipedia,上伊那地域の方言,こさえる、こせーる,,作る,,広域など
Wikipedia,上伊那地域の方言,こしょー、なんばん,,唐辛子,,広域など
Wikipedia,上伊那地域の方言,こすい,,ずるい,,広域など
Wikipedia,上伊那地域の方言,こずむ,,沈殿する,,広域など
Wikipedia,上伊那地域の方言,こっとい,,!牡牛,,語彙
Wikipedia,上伊那地域の方言,これ,,こ || こ ||,,二拍名詞
Wikipedia,上伊那地域の方言,ころましー,,見事な。例．なんちゅー ころましー 柿ずらなえ,,広域など
Wikipedia,上伊那地域の方言,こわい,,硬い,,広域など
Wikipedia,上伊那地域の方言,こわる(1),,壊す,,広域など
Wikipedia,上伊那地域の方言,こわる(2)、こわす,,くずす。例．一万円札をこわる,,広域など
Wikipedia,上伊那地域の方言,こんだ,,今度,,広域など
Wikipedia,上伊那地域の方言,こーぜ、こーぜー,,文句、理屈、言いがかり,,広域など
Wikipedia,上伊那地域の方言,ごとーむし,,カミキリムシの幼虫,,広域など
Wikipedia,上伊那地域の方言,ごまくら、ごまこ°ま,,しきりと人を欺く手管を使うこと,,広域など
Wikipedia,上伊那地域の方言,ごまくらかす,,ごまかす,,広域など
Wikipedia,上伊那地域の方言,ごむせー,,汚い。例．そんな ごむせー しこーを して きちゃー みっともねーぞ,,広域など
Wikipedia,上伊那地域の方言,ごーか°わく,,腹が立つ。例．こんねに ごーか°わいた こたー ねーよ,,広域など
Wikipedia,上伊那地域の方言,さいなら,,さようなら,,広域など
Wikipedia,上伊那地域の方言,さけをころしてのむ,,酒をちびりちびり飲んで酔った風をしない,,広域など
Wikipedia,上伊那地域の方言,ささらほーさら,,さんざんな状態、 徹底的にダメなさま。救いようのないさまの例えである「ササラ先穂」を語源とする説がある,,広域など
Wikipedia,上伊那地域の方言,さざむし,,トビケラ類の幼虫,,広域など
Wikipedia,上伊那地域の方言,さす,,(警察などに)密告する,,広域など
Wikipedia,上伊那地域の方言,さっきに、いつに,,とっくに,,広域など
Wikipedia,上伊那地域の方言,さっきゃく,,さしあたり、とりあえず,,広域など
Wikipedia,上伊那地域の方言,さびお,,絆創膏,,広域など
Wikipedia,上伊那地域の方言,さぶい,,寒い,,広域など
Wikipedia,上伊那地域の方言,さらける(2),,(1)かきちらす、(2)露出する。北部では「捨てる」の意味でも用いる,,広域など
Wikipedia,上伊那地域の方言,さわす,,(1)水に浸して柔らかにする、(2)渋を抜く,,広域など
Wikipedia,上伊那地域の方言,ざる,,|||||×||||||○||○||○||△,,南部系
Wikipedia,上伊那地域の方言,しきね,,敷布団,,広域など
Wikipedia,上伊那地域の方言,しくる,,しくじる,,広域など
Wikipedia,上伊那地域の方言,しける,,雨天になる,,広域など
Wikipedia,上伊那地域の方言,しこる,,じっとしている,,広域など
Wikipedia,上伊那地域の方言,しじつ,,手術,,広域など
Wikipedia,上伊那地域の方言,しにゃー、せにゃー,,しなければ。北部では「しねーけりゃー」とも,,広域など
Wikipedia,上伊那地域の方言,しみ,,寒気,,広域など
Wikipedia,上伊那地域の方言,しみる,,寒気が激しい,,広域など
Wikipedia,上伊那地域の方言,しもけ°る,,凍傷を起こす、霜焼けになる。例．手か° しもけ°た もんで かいくて こまる,,広域など
Wikipedia,上伊那地域の方言,しゃがむ,,|||||||||||||||○||○,,南部系
Wikipedia,上伊那地域の方言,しょいこ、しょいた,,ワラ製の背負い具。「しょいこ」は北部で「ワラ製の背負い袋」の意味も,,広域など
Wikipedia,上伊那地域の方言,しょずむ,,つかむ。例．どじょーを しょずむ,,広域など
Wikipedia,上伊那地域の方言,しょっぱい,,○(伊那市以北？),,語彙
Wikipedia,上伊那地域の方言,しょぼろったい,,気障りだ,,広域など
Wikipedia,上伊那地域の方言,しょーか°ねー,,物が腐ってもろいこと,,広域など
Wikipedia,上伊那地域の方言,しょーわる,,臆病。例．しょーわるで 1人じゃー どけーも 行けねー,,広域など
Wikipedia,上伊那地域の方言,しわい,,けちくさい,,広域など
Wikipedia,上伊那地域の方言,しん,,しない。北部では「しねえ」、南部では「せん」とも,,広域など
Wikipedia,上伊那地域の方言,しんぜる,,神仏に供える,,広域など
Wikipedia,上伊那地域の方言,しんとー,,物の中心,,広域など
Wikipedia,上伊那地域の方言,じゃける,,ふざける,,広域など
Wikipedia,上伊那地域の方言,じょぼじょぼ,,ずぶ濡れ,,広域など
Wikipedia,上伊那地域の方言,じょろじょろ,,艶めかしいさま。例．女か° じょろじょろ あいってた,,広域など
Wikipedia,上伊那地域の方言,すい,,酸っぱい,,広域など
Wikipedia,上伊那地域の方言,すかんたらしー,,いやらしい,,広域など
Wikipedia,上伊那地域の方言,すっぱい,,○(北部),,語彙
Wikipedia,上伊那地域の方言,すねくる,,駄々をこねる、すねる,,広域など
Wikipedia,上伊那地域の方言,すべくる,,つるりと滑る。例．道か° 凍ってる もんで よく すべくって あぶねー,,広域など
Wikipedia,上伊那地域の方言,すれる,,仲が悪くなる,,広域など
Wikipedia,上伊那地域の方言,ずいた,,性質(悪意)、性格、品性,,広域など
Wikipedia,上伊那地域の方言,ずるい,,遅い。例．仕事の ずるい 人だ,,広域など
Wikipedia,上伊那地域の方言,せこをかう、せこーかう,,入れ知恵する。北部では「けしかける」の意味でも用いる,,広域など
Wikipedia,上伊那地域の方言,せせじらみがくいついたよー,,特別執拗に交渉または請求される場合,,広域など
Wikipedia,上伊那地域の方言,せせる、せせくる,,集まってくっつく,,広域など
Wikipedia,上伊那地域の方言,せんねんよ,,棟上げ祝いに餅を投げること。北部では餅の名称も同様に呼ぶ場合がある,,広域など
Wikipedia,上伊那地域の方言,せーどない,,騒がしい、うるさい,,広域など
Wikipedia,上伊那地域の方言,そそくる,,つくろう,,広域など
Wikipedia,上伊那地域の方言,そのまんま,,そのまま,,広域など
Wikipedia,上伊那地域の方言,それ,,そ || そ ||,,二拍名詞
Wikipedia,上伊那地域の方言,そーいだ,,そういうわけだ。例．おめー そーいだでなー りょーけん してくりょよー,,広域など
Wikipedia,上伊那地域の方言,そーえ,,そうですね,,広域など
Wikipedia,上伊那地域の方言,ぞぜーる,,(1)甘える、(2)ふざける、(3)わがままを言う。南部では「どぜーる」とも,,広域など
Wikipedia,上伊那地域の方言,ぞもぞも、ぞむぞむ,,寒気を感じる,,広域など
Wikipedia,上伊那地域の方言,ぞろっぺー,,だらしがない、投げやり,,広域など
Wikipedia,上伊那地域の方言,たける、たきる,,獸類が発情して騒ぎ立てる,,広域など
Wikipedia,上伊那地域の方言,たたっからかす,,めちゃくちゃ叩く,,広域など
Wikipedia,上伊那地域の方言,たたった,,建った,,広域など
Wikipedia,上伊那地域の方言,ただれる,,|||||||||||○||○||○||○,,南部系
Wikipedia,上伊那地域の方言,たっこねー,,物言いが幼稚だ,,広域など
Wikipedia,上伊那地域の方言,たっぽれる,,(1)目的なくさまよう、(2)ボケる,,広域など
Wikipedia,上伊那地域の方言,たねる,,束にする,,広域など
Wikipedia,上伊那地域の方言,ためる,,狙う,,広域など
Wikipedia,上伊那地域の方言,たわけ、たーけ,,ばか者,,広域など
Wikipedia,上伊那地域の方言,たわけた、たーけた,,愚かな,,広域など
Wikipedia,上伊那地域の方言,たんだ,,ただ,,広域など
Wikipedia,上伊那地域の方言,たんと,,たくさん,,広域など
Wikipedia,上伊那地域の方言,たんま,,タイム,,広域など
Wikipedia,上伊那地域の方言,たーくらたー,,間抜け,,広域など
Wikipedia,上伊那地域の方言,だいじょー,,大丈夫,,広域など
Wikipedia,上伊那地域の方言,だだくさもねー,,必要以上に大量にあるさま。例．お菓子を だだくさもねー 買っちまった,,広域など
Wikipedia,上伊那地域の方言,だっちもねー、らっちもねー,,つまらない、くだらない。例．だっちもねー ことー ゆーと わらわれるぞ,,広域など
Wikipedia,上伊那地域の方言,だまかす(1),,なだめる,,広域など
Wikipedia,上伊那地域の方言,だまかす(2)、だまくらかす,,欺く,,広域など
Wikipedia,上伊那地域の方言,ちき°,,秤(はかり),,広域など
Wikipedia,上伊那地域の方言,ちびる,,大小便を少し漏らす,,広域など
Wikipedia,上伊那地域の方言,ちゃっと,,すぐに,,広域など
Wikipedia,上伊那地域の方言,ちゅーど,,当時,,広域など
Wikipedia,上伊那地域の方言,ちょろっこい,,要領が悪い,,広域など
Wikipedia,上伊那地域の方言,ちょーちんや(提灯屋),,一旦筆を染めた字に、も一度手を加える(えどる)こと,,広域など
Wikipedia,上伊那地域の方言,ちんじゅー,,縮れ毛,,広域など
Wikipedia,上伊那地域の方言,ちんぼ,,男性器,,広域など
Wikipedia,上伊那地域の方言,つく,,浸水する,,広域など
Wikipedia,上伊那地域の方言,つくなる,,力尽きてしゃがみこむ、立つに堪えないでうずくまる,,広域など
Wikipedia,上伊那地域の方言,つくねる,,(1)積む・重ねる、(2)整理しないで物品を積んでおく,,広域など
Wikipedia,上伊那地域の方言,つっからかす,,突きまくる,,広域など
Wikipedia,上伊那地域の方言,つぶ,,タニシ。南部では「つぼ」とも,,広域など
Wikipedia,上伊那地域の方言,つまい,,窮屈だ。衣類等が窮屈な場合に使われる。「つまる」の形容詞化によって「つまい」が生まれたという。「つもい」を用いる地域もあり,,広域など
Wikipedia,上伊那地域の方言,つめる,,しめる、とじる、はさむ。例．戸で 手を つめる,,広域など
Wikipedia,上伊那地域の方言,てか°えし,,こねどり,,広域など
Wikipedia,上伊那地域の方言,てしこ,,(1)手段、(2)しまつ、(3)力量,,広域など
Wikipedia,上伊那地域の方言,てしょ,,小皿,,広域など
Wikipedia,上伊那地域の方言,てっぺんずけ,,最初に,,広域など
Wikipedia,上伊那地域の方言,てんずけ,,最初から、いきなり,,広域など
Wikipedia,上伊那地域の方言,で,,かさ、量。例．この かつぶしわ でか° あるなえ,,広域など
Wikipedia,上伊那地域の方言,でんきんばしら,,電柱,,広域など
Wikipedia,上伊那地域の方言,でんでんまっこ,,ぐるぐると自分で回ること,,広域など
Wikipedia,上伊那地域の方言,でんぷに,,多量に、贅沢に,,広域など
Wikipedia,上伊那地域の方言,とか°める,,治療すべきところを化膿させ、悪化させる,,広域など
Wikipedia,上伊那地域の方言,とき°る,,尖る,,広域など
Wikipedia,上伊那地域の方言,とこ,,たたみ,,広域など
Wikipedia,上伊那地域の方言,とこば,,床屋。例．はやくとこばへ行ってこい,,広域など
Wikipedia,上伊那地域の方言,とっつく,,到達する,,広域など
Wikipedia,上伊那地域の方言,とと,,(1)鶏、(2)魚。例．白いマンマにととせーて食うとうまいなえ,,広域など
Wikipedia,上伊那地域の方言,とびっくら,,かけっこ,,広域など
Wikipedia,上伊那地域の方言,とぶ,,走る,,広域など
Wikipedia,上伊那地域の方言,とよ,,雨どい,,広域など
Wikipedia,上伊那地域の方言,とりあべる,,(1)いろいろと組み合わせる、(2)手持ちのものでなにかと間に合わせる,,広域など
Wikipedia,上伊那地域の方言,とろい,,弱い,,広域など
Wikipedia,上伊那地域の方言,とーし,,篩(ふるい),,広域など
Wikipedia,上伊那地域の方言,とーととと,,鶏を呼び寄せる声,,広域など
Wikipedia,上伊那地域の方言,とーり,,土間。南部では「にわ」とも言い、下伊那と接する地域では「にわ」の方が多い,,広域など
Wikipedia,上伊那地域の方言,どいれー、どえれー,,ひどい、非常な,,広域など
Wikipedia,上伊那地域の方言,どどめき、どんどぶき,,小さい滝,,広域など
Wikipedia,上伊那地域の方言,どべ,,最下位,,広域など
Wikipedia,上伊那地域の方言,どやす,,(1)腕ずくで強打する、(2)大声で叱りとばす,,広域など
Wikipedia,上伊那地域の方言,どろぼーぐさ,,ヌスビトハギ。北端部では「ばか」とも,,広域など
Wikipedia,上伊那地域の方言,どんど、どんどん、どんどっこ,,水の落ち口、堰、滝壺,,広域など
Wikipedia,上伊那地域の方言,どんどやき,,道祖神の火祭り,,広域など
Wikipedia,上伊那地域の方言,どーいで,,どうして,,広域など
Wikipedia,上伊那地域の方言,なかっせ,,長男と末子との中間の子供,,広域など
Wikipedia,上伊那地域の方言,なききる,,泣きに泣いて声も立たなくなる,,広域など
Wikipedia,上伊那地域の方言,なすび,,!茄子,,語彙
Wikipedia,上伊那地域の方言,なぜる、なぜくる,,撫でる,,広域など
Wikipedia,上伊那地域の方言,なぬか,,!七日,,語彙
Wikipedia,上伊那地域の方言,なめくる,,舐める,,広域など
Wikipedia,上伊那地域の方言,ならかす,,ならす,,広域など
Wikipedia,上伊那地域の方言,なるい,,(1)勾配が弱い、(2)寒さが穏やかだ、(3)感覚的に温和である,,広域など
Wikipedia,上伊那地域の方言,にくたらかす,,グツグツと長く煮る、形の崩れるほど煮る,,広域など
Wikipedia,上伊那地域の方言,にすい,,未熟である,,広域など
Wikipedia,上伊那地域の方言,にどいも,,馬鈴薯,,広域など
Wikipedia,上伊那地域の方言,にねんまいり,,大晦日から深夜0時の年明けにかけて神社にお参りに行くこと,,広域など
Wikipedia,上伊那地域の方言,にばんせ,,次男,,広域など
Wikipedia,上伊那地域の方言,にる,,炊く,,広域など
Wikipedia,上伊那地域の方言,ぬか,,!糠,,語彙
Wikipedia,上伊那地域の方言,ぬくとい,,暖かい,,広域など
Wikipedia,上伊那地域の方言,ねこのしっぽ,,未子,,広域など
Wikipedia,上伊那地域の方言,ねっから,,ろくに、まるで,,広域など
Wikipedia,上伊那地域の方言,のせ,,傾斜,,広域など
Wikipedia,上伊那地域の方言,のり,,傾斜面,,広域など
Wikipedia,上伊那地域の方言,はう,,除草する,,広域など
Wikipedia,上伊那地域の方言,はき出す,,はきだす || はきだす ||,,複合動詞
Wikipedia,上伊那地域の方言,はずむ,,大小便を催し堪え切れなくなる,,広域など
Wikipedia,上伊那地域の方言,はっちらがる,,先を争う,,広域など
Wikipedia,上伊那地域の方言,はっちる,,(1)はねあがる、(2)張り切る,,広域など
Wikipedia,上伊那地域の方言,はつる,,剃り落とす,,広域など
Wikipedia,上伊那地域の方言,はならかす,,離す,,広域など
Wikipedia,上伊那地域の方言,はなる、はなーる,,始まる,,広域など
Wikipedia,上伊那地域の方言,はねーる,,始める,,広域など
Wikipedia,上伊那地域の方言,はやいとこ,,早く,,広域など
Wikipedia,上伊那地域の方言,はんじくなる,,屈み腰になる。しゃがむ。南部では「ほんじょくなる」とも,,広域など
Wikipedia,上伊那地域の方言,はーるか,,久しく、ながらく,,広域など
Wikipedia,上伊那地域の方言,はーるかぶり,,久しぶり,,広域など
Wikipedia,上伊那地域の方言,ばっか,,ばかり。例．俺ばっか怒られる,,広域など
Wikipedia,上伊那地域の方言,ばばい,,汚い。例．てーてか° ばばいで あらっといで,,広域など
Wikipedia,上伊那地域の方言,ばら,,野茨,,広域など
Wikipedia,上伊那地域の方言,ばらんけん,,いい加減,,広域など
Wikipedia,上伊那地域の方言,ひずこく、ひずーこく,,苦労する。上伊那全域で使われているが、隣郡には拾われておらず上伊那独自の方言であるという。福沢武一は、岐阜県や愛知県の方言で元気・勢力を意味する「ひず」との繋がりを指摘している,,広域など
Wikipedia,上伊那地域の方言,ひだす,,穀物を箕に入れ、ちりくずを出す,,広域など
Wikipedia,上伊那地域の方言,ひとじゃく,,一人前,,広域など
Wikipedia,上伊那地域の方言,ひとなる、しとなる,,成長する。例．この 犬わ めた 食べる せーか どんどん ひとなるよ。「人」と「成る」が語源であるという,,広域など
Wikipedia,上伊那地域の方言,ひどろっこい,,眩しい,,広域など
Wikipedia,上伊那地域の方言,ひび,,蚕のサナギ,,広域など
Wikipedia,上伊那地域の方言,ひまぜー,,むだ手間,,広域など
Wikipedia,上伊那地域の方言,ひやかす,,浸す,,広域など
Wikipedia,上伊那地域の方言,ひやめしこぞー,,次男以下の子供,,広域など
Wikipedia,上伊那地域の方言,ひる,,用をたす、大小便を排泄するの意。北部では「まる」とも,,広域など
Wikipedia,上伊那地域の方言,びしょってー,,汚らしい。例．いかにも びしょってー しこーを して 来た もんだ,,広域など
Wikipedia,上伊那地域の方言,ぴすけっと,,ビスケット,,広域など
Wikipedia,上伊那地域の方言,ふっせ,,種子を蒔かずに生えた野菜,,広域など
Wikipedia,上伊那地域の方言,ふんと,,本当、確実,,広域など
Wikipedia,上伊那地域の方言,へつる,,こっそり抜き取る,,広域など
Wikipedia,上伊那地域の方言,へぼい,,程度が低い,,広域など
Wikipedia,上伊那地域の方言,へりこじえる,,過度の空腹で変調子になる、腹が減りすぎてかえって食欲を失ってしまう・もう何もする気力もなくなっている,,広域など
Wikipedia,上伊那地域の方言,へー,,(1)もう。南部では「はい」とも。(2)蠅,,広域など
Wikipedia,上伊那地域の方言,べにさしゆび等,,!薬指,,語彙
Wikipedia,上伊那地域の方言,ほきだす,,吐き出す,,広域など
Wikipedia,上伊那地域の方言,ほっそく,,山奥,,広域など
Wikipedia,上伊那地域の方言,ほとーる,,熱を持つ,,広域など
Wikipedia,上伊那地域の方言,ほんなら,,それなら。例．ほんなら俺はやめとくよ,,広域など
Wikipedia,上伊那地域の方言,ほんに,,本当に,,広域など
Wikipedia,上伊那地域の方言,ほーる(2)、ほかす(2),,投げる。「ほーる」は「はふる(葬る)」が語源である。「ほかす」は「放下(投げ捨てること)す」のつづまったもの,,広域など
Wikipedia,上伊那地域の方言,ぼける,,保存してある果実が柔らかくしまりがなくなる。例．このリンゴはぼけとっておいしくない,,広域など
Wikipedia,上伊那地域の方言,ぼぼ,,(1)ひとみ、(2)ネギの花、(3)人形、赤ん坊,,広域など
Wikipedia,上伊那地域の方言,ぼや、ぼさ,,柴、枯れた小枝。南部では「もや」とも,,広域など
Wikipedia,上伊那地域の方言,ぽこぺん,,かくれんぼの一種,,広域など
Wikipedia,上伊那地域の方言,まえで、まいで、めーで,,前方。例．めーでの 人の かけ°で めーなんだ,,広域など
Wikipedia,上伊那地域の方言,ましょくにあわん,,働き損だ,,広域など
Wikipedia,上伊那地域の方言,まぜくる,,混ぜ合わす,,広域など
Wikipedia,上伊那地域の方言,まっと,,もっと,,広域など
Wikipedia,上伊那地域の方言,まつめる,,(1)かわいがる・子どもをなつける、(2)集める・まとめる,,広域など
Wikipedia,上伊那地域の方言,ままやく,,吃る,,広域など
Wikipedia,上伊那地域の方言,まめ,,(1)大豆、(2)健康・丈夫。例．あねさんは ふんとにまめで たまげたよ,,広域など
Wikipedia,上伊那地域の方言,まるかる,,丸まる,,広域など
Wikipedia,上伊那地域の方言,まんが,,(1)稲こき機、(2)代かき用の馬鍬。南部では「万能鍬」の意味も,,広域など
Wikipedia,上伊那地域の方言,まんま,,…まま。例．いじらなんで その まんま 置いた,,広域など
Wikipedia,上伊那地域の方言,まーず,,(1)とにかく、(2)先ず。例．まーず驚いた,,広域など
Wikipedia,上伊那地域の方言,みえる,,いらっしゃる,,広域など
Wikipedia,上伊那地域の方言,みして,,見せて,,広域など
Wikipedia,上伊那地域の方言,みしょ,,見せろ,,広域など
Wikipedia,上伊那地域の方言,みじく,,(1)意気地がない、(2)未熟,,広域など
Wikipedia,上伊那地域の方言,みやく,,磨く,,広域など
Wikipedia,上伊那地域の方言,みんなして,,皆で,,広域など
Wikipedia,上伊那地域の方言,みー,,見ろ,,広域など
Wikipedia,上伊那地域の方言,むく,,(1)まるで…ない、(2)雛をかえす,,広域など
Wikipedia,上伊那地域の方言,むしっぽい,,(1)蒸し暑い、(2)気むずかしい、(3)吐き気がする、(4)虫がいるのか子供がむずかりがちである,,広域など
Wikipedia,上伊那地域の方言,むせっぽい、むせったい,,むせそうである,,広域など
Wikipedia,上伊那地域の方言,むらう,,貰う,,広域など
Wikipedia,上伊那地域の方言,めこじき,,ものもらい,,広域など
Wikipedia,上伊那地域の方言,めそめそどき,,たそがれ,,広域など
Wikipedia,上伊那地域の方言,めた、めためた,,やたらに、ひっきりなしに。例．今日わ めた 人か° 来て 忙しかった,,広域など
Wikipedia,上伊那地域の方言,めめぞ,,みみず,,広域など
Wikipedia,上伊那地域の方言,もちーいく,,取りに行く,,広域など
Wikipedia,上伊那地域の方言,もみついて,,すずなりに,,広域など
Wikipedia,上伊那地域の方言,ももっか,,化け物,,広域など
Wikipedia,上伊那地域の方言,もんも,,お化け,,広域など
Wikipedia,上伊那地域の方言,もーる,,漏れる,,広域など
Wikipedia,上伊那地域の方言,やいと,,○(南部),,語彙
Wikipedia,上伊那地域の方言,やいやい,,おいおい、おやおや。例．やいやい大変なことになった,,広域など
Wikipedia,上伊那地域の方言,やえる,,重複する。「八重」を動詞化したもの,,広域など
Wikipedia,上伊那地域の方言,やくざ,,何も仕事のできない人、またしない人,,広域など
Wikipedia,上伊那地域の方言,やしむ,,叱る。例．しょーか° つくよーに うんと やしまれるか° いーわ,,広域など
Wikipedia,上伊那地域の方言,やたかましー、やたかしー,,騒々しい,,広域など
Wikipedia,上伊那地域の方言,やっこい,,柔らかい。北部では「やこい」、南部では「やーこい」とも,,広域など
Wikipedia,上伊那地域の方言,やっぱ、やっぱし,,やっぱり,,広域など
Wikipedia,上伊那地域の方言,やのあさって,,○(辰野町小野のみ),,語彙
Wikipedia,上伊那地域の方言,やんか,,(1)ふざけること。例．あいつも やんか こぞーだで よわる。(2)こごと,,広域など
Wikipedia,上伊那地域の方言,ゆいつける,,結びつける、縛りつける,,広域など
Wikipedia,上伊那地域の方言,ゆー,,言う。ゆわ-（未然形）、ゆい-（第1連用形）、ゆっ-（第2連用形）、ゆうぇー（目的形）、ゆやー・ゆうゃー・ゆうぃゃー（仮定形）、ゆうぇ（命令形）,,広域など
Wikipedia,上伊那地域の方言,よ,,戸主権。例．むすこに よをゆずる,,広域など
Wikipedia,上伊那地域の方言,よけー,,余分。例．よけーにとっておいた,,広域など
Wikipedia,上伊那地域の方言,よじめる,,縮める、開いたものを狭くする,,広域など
Wikipedia,上伊那地域の方言,よせる,,(洗濯物を)取り込む,,広域など
Wikipedia,上伊那地域の方言,よたっこ,,乱暴者,,広域など
Wikipedia,上伊那地域の方言,よど,,よだれ,,広域など
Wikipedia,上伊那地域の方言,よばる,,呼ぶ、招待する,,広域など
Wikipedia,上伊那地域の方言,よべーぼし,,流れ星。「夜這い星」の転訛,,広域など
Wikipedia,上伊那地域の方言,よりあう,,協力する,,広域など
Wikipedia,上伊那地域の方言,よーせー,,弱い,,広域など
Wikipedia,上伊那地域の方言,らくになる,,死ぬ,,広域など
Wikipedia,上伊那地域の方言,わかされ,,道の分岐点,,広域など
Wikipedia,上伊那地域の方言,わきが,,|||||||||||||||○||○,,南部系
Wikipedia,上伊那地域の方言,わきゃーねー,,容易だ。例．そんな こと く°れー わきゃーねーぜ,,広域など
Wikipedia,上伊那地域の方言,わく°む、わこ°む,,歪む、曲がる,,広域など
Wikipedia,上伊那地域の方言,オ…テ オクンナンショ,,南部で用いられる。相手に命令する場合の最高位の敬語表現,,敬意を込めて勧める表現
Wikipedia,上伊那地域の方言,オ…ナ,,中・南部では親愛度が高めであるが、東部では敬意の度合いが比較的高めである。概ね上伊那地域全域で使われるが北端部では「オ…ネ」になるという報告もある。例．サーサ オヨリナ(さあさあ お寄りください),,敬意を込めて勧める表現
Wikipedia,上伊那地域の方言,オ…ナサンシ,,北部で用いられる,,敬意を込めて勧める表現
Wikipedia,上伊那地域の方言,オ…ナシテ,,主に北部方面で用いられる。例．オクンナシテ(くださいな),,敬意を込めて勧める表現
Wikipedia,上伊那地域の方言,オ…ナンショ,,軽い尊敬と親愛感をもって使われる。南部では「オ…ナイショ」となる場合もある。例．オヤスミナンショ(お休みなさい),,敬意を込めて勧める表現
Wikipedia,上伊那地域の方言,オ…ネ,,北端部で用いられる,,敬意を込めて勧める表現
Wikipedia,上伊那地域の方言,オ…ル,,お…になる。宮田村以南で用いられる。例．オ見ル(否定形=オ見ン、過去形=オ見タ)、オ帰リル(否定形=オ帰リン、過去形=オ帰リタ),,尊敬表現
Wikipedia,上伊那地域の方言,オンブバッタ,,|○||○||○||○||○||○||○||||,,北部系
Wikipedia,上伊那地域の方言,シ-ネーシ-ン,,シ-タ||シル||シン-ナ||シーシレー||シリャー||シロ,,動詞
Wikipedia,上伊那地域の方言,セ-ン,,シ-タセ-タ||セル||セン-ナ||セー||セリャー||セロセヨショー,,動詞
Wikipedia,上伊那地域の方言,ネジ,,ねじ || ねじ || 伊那市など（ほか未調査）、尾高か平板かは不明,,二拍名詞
Wikipedia,上伊那地域の方言,上,,かみ || か || 若年層,,二拍名詞
Wikipedia,上伊那地域の方言,世,,(が) || よ(が) ||,,一拍名詞
Wikipedia,上伊那地域の方言,中川村葛島（1975年収録）,,B(孫)：おばーちゃん、あしたー たなばたさまだに,,祖母と孫の会話
Wikipedia,上伊那地域の方言,乳,,ち || ちち || 伊那市など（ほか未調査）,,二拍名詞
Wikipedia,上伊那地域の方言,亀,,かめ || か ||,,二拍名詞
Wikipedia,上伊那地域の方言,人妻,,|||||||||○||||○||○||○,,南部系
Wikipedia,上伊那地域の方言,仕事の終わり,,|||○||||||||||○||○||○,,南部系
Wikipedia,上伊那地域の方言,伊那市富県（1975年収録）,,B(孫)：おばーちゃん、あしたー たなばただよ,,祖母と孫の会話
Wikipedia,上伊那地域の方言,伊那市長谷溝口（1975年収録）,,B(孫)：おばーちゃん、あしたー たなばっさまだぞえ,,祖母と孫の会話
Wikipedia,上伊那地域の方言,倉,,く || くら || 東部の若年層,,二拍名詞
Wikipedia,上伊那地域の方言,八重,,やえ || やえ || 伊那市など（ほか未調査）、尾高か平板かは不明,,二拍名詞
Wikipedia,上伊那地域の方言,共通語訳,,A：○○、ちょっと、飲みに行かない？,,友人Aが友人Bを飲みに行こうと誘う場面
Wikipedia,上伊那地域の方言,北,,き || き || 中・南部,,二拍名詞
Wikipedia,上伊那地域の方言,卯,,う(が) || (が) || 伊那市など（ほか未調査）,,一拍名詞
Wikipedia,上伊那地域の方言,反語（決して…ない）,,「…ズカ」「…ズケ」が用いられている。例．ソンナ コトカ° アラズケ(そんなことがあろうか、いやあるはずがない),,打ち消しの表現
Wikipedia,上伊那地域の方言,咎,,とが || とが || 伊那市など（ほか未調査）、尾高か平板かは不明,,二拍名詞
Wikipedia,上伊那地域の方言,唾,,つば || つば || 伊那市など（ほか未調査）、尾高か平板かは不明,,二拍名詞
Wikipedia,上伊那地域の方言,嘘,,うそ || う || 中・南部,,二拍名詞
Wikipedia,上伊那地域の方言,四季,,し || しき ||,,二拍名詞
Wikipedia,上伊那地域の方言,垣,,か || かき || 伊那市など（ほか未調査）,,二拍名詞
Wikipedia,上伊那地域の方言,声,,こえ || こ ||,,二拍名詞
Wikipedia,上伊那地域の方言,夏の赤切れ,,|||||△||○||○||○||○||○||○,,南部系
Wikipedia,上伊那地域の方言,失くす,,なくす || なくす ||,,三拍動詞
Wikipedia,上伊那地域の方言,女の腰巻き,,|||||||||○||||||○||○,,南部系
Wikipedia,上伊那地域の方言,姉,,あ || あね || 伊那市など（ほか未調査）,,二拍名詞
Wikipedia,上伊那地域の方言,守る,,まもる || まもる ||,,三拍動詞
Wikipedia,上伊那地域の方言,寺,,て || て || 中部に多く、若年層で増加,,二拍名詞
Wikipedia,上伊那地域の方言,屑物売り,,|||||||||||||||○||○,,南部系
Wikipedia,上伊那地域の方言,岸,,き || き || 北部,,二拍名詞
Wikipedia,上伊那地域の方言,席,,せき || せ ||,,二拍名詞
Wikipedia,上伊那地域の方言,底,,そ || そこ || 東・北部の若年層,,二拍名詞
Wikipedia,上伊那地域の方言,弱い,,|||○||||||○||○||○||○||○,,南部系
Wikipedia,上伊那地域の方言,待ち合わせる、飢える,,|||○||||||||||○||||,,南部系
Wikipedia,上伊那地域の方言,思い巡らす,,おもいめぐらす || おもいめぐらす ||,,複合動詞
Wikipedia,上伊那地域の方言,手のひら,,|||||||||||||||○||○,,南部系
Wikipedia,上伊那地域の方言,手放しで、紐を使わずのおんぶ,,|||||||||||||○||||○,,南部系
Wikipedia,上伊那地域の方言,持ち上げて運ぶ,,|||||||||||||○||||○,,南部系
Wikipedia,上伊那地域の方言,日,,(に) || ひ(に) || 「日に三度」などという場合の「日」のみ,,一拍名詞
Wikipedia,上伊那地域の方言,未亡人の所へ来た夫,,|||||||||||||○||||,,南部系
Wikipedia,上伊那地域の方言,杭,,くい || く ||,,二拍名詞
Wikipedia,上伊那地域の方言,桑,,くわ || く||箕輪町など（ほか未調査）,,二拍名詞
Wikipedia,上伊那地域の方言,梅雨,,つ || つゆ || 伊那市など（ほか未調査）,,二拍名詞
Wikipedia,上伊那地域の方言,榧,,かや || か ||,,二拍名詞
Wikipedia,上伊那地域の方言,比,,(が) || ひ(が) ||,,一拍名詞
Wikipedia,上伊那地域の方言,気取る,,きどる || きどる ||,,三拍動詞
Wikipedia,上伊那地域の方言,泉,,|||||||||||||||○||○,,南部系
Wikipedia,上伊那地域の方言,混み合う様子,,|||||||||||||||||○,,南部系
Wikipedia,上伊那地域の方言,炉ばたの主婦の座席,,|||||||||○||||○||○||○,,南部系
Wikipedia,上伊那地域の方言,牡鹿,,|||||||||||||||○||○,,南部系
Wikipedia,上伊那地域の方言,田植え始め,,|||||||||||||○||○||○,,南部系
Wikipedia,上伊那地域の方言,畑,,|||||||||○||||||○||○,,南部系
Wikipedia,上伊那地域の方言,畑美義による方言区画,,地形、政治的区画、同一語の比較的多く用いられている地域などを勘案しての区画であるという,,さらに細分する場合
Wikipedia,上伊那地域の方言,瘡,,か || かさ || 若年層及び一部の老年層,,二拍名詞
Wikipedia,上伊那地域の方言,発起人となる,,|||||||||||||○||||○,,南部系
Wikipedia,上伊那地域の方言,百舌,,もず || もも|| 中・北部で「も」南部で「も」,,二拍名詞
Wikipedia,上伊那地域の方言,矢,,(が) || や(が) ||,,一拍名詞
Wikipedia,上伊那地域の方言,砂,,す || す || 南部,,二拍名詞
Wikipedia,上伊那地域の方言,神,,かみ || か ||,,二拍名詞
Wikipedia,上伊那地域の方言,粘土,,|||||||||||||||○||○,,南部系
Wikipedia,上伊那地域の方言,縋る,,すがる || すがる ||,,三拍動詞
Wikipedia,上伊那地域の方言,考え込む,,かんがえこむ || かんがえこむ ||,,複合動詞
Wikipedia,上伊那地域の方言,背,,(が) || せ(が) || 伊那市など（ほか未調査）,,一拍名詞
Wikipedia,上伊那地域の方言,藻,,も(が) || (が) || 東部,,一拍名詞
Wikipedia,上伊那地域の方言,虹,,に || にじ ||,,二拍名詞
Wikipedia,上伊那地域の方言,蚕が眠りから覚めること,,|||||||||||||○||○||○,,南部系
Wikipedia,上伊那地域の方言,蛍,,|||||||||||||○||○||○,,南部系
Wikipedia,上伊那地域の方言,見次第,,|||||||||||||○||||,,南部系
Wikipedia,上伊那地域の方言,記憶力,,|||||||||||||||○||○,,南部系
Wikipedia,上伊那地域の方言,誇る,,ほこる || ほこる ||,,三拍動詞
Wikipedia,上伊那地域の方言,象,,ぞう || ぞ ||,,二拍名詞
Wikipedia,上伊那地域の方言,辰野町小野（1975年収録）,,B(孫)：おばーちゃん、あしたー たなばたさまだじ,,祖母と孫の会話
Wikipedia,上伊那地域の方言,辻,,つ || つじ || 伊那市など（ほか未調査）,,二拍名詞
Wikipedia,上伊那地域の方言,追いかける,,|||||×||||||×||×||△||○,,南部系
Wikipedia,上伊那地域の方言,逃げ出す,,にげだす || にげだす ||,,複合動詞
Wikipedia,上伊那地域の方言,逆接条件（…なくても）,,逆接条件には「…ナンデモ」「…ンデモ」「…デモ」「…ドモ」などを用いる,,打ち消しの表現
Wikipedia,上伊那地域の方言,通る,,とおる || とおるとおる || 個人差あり,,三拍動詞
Wikipedia,上伊那地域の方言,野良着,,|||||||||||||||||○,,南部系
Wikipedia,上伊那地域の方言,陣痛,,|||○||||||○||||○||○||○,,南部系
Wikipedia,上伊那地域の方言,雲,,くも || く||,,二拍名詞
Wikipedia,上伊那地域の方言,餌,,え || えさ || 伊那市,,二拍名詞
Wikipedia,上伊那地域の方言,香,,(が) || か(が) || 伊那市など（ほか未調査）,,一拍名詞
Wikipedia,上伊那地域の方言,魚とあらと一緒に煮た大根汁,,|||||||||||||○||○||○,,南部系
Wikipedia,上伊那地域の方言,鳩,,はと || は ||,,二拍名詞
Wikipedia,上伊那地域の方言,鷺,,さ || さぎ || 伊那市など（ほか未調査）,,二拍名詞
Wikipedia,下北弁,おっきに,,ありがとう,,日本の他地域と共通する方言単語
Wikipedia,下北弁,～さい,,～しなよ （特に北通りで使う）,,下北弁特有の言葉
Wikipedia,下北弁,～さまい,,～してください,,下北弁特有の言葉
Wikipedia,下北弁,～して,,～から（理由）,,下北弁特有の言葉
Wikipedia,下北弁,～せ,,～ね、～しなよ 特に西通りの言葉に多くみられる,,日本の他地域と共通する方言単語
Wikipedia,下北弁,～でぇ,,～よ,,日本の他地域と共通する方言単語
Wikipedia,下北弁,～ばって,,～だけれども,,日本の他地域と共通する方言単語
Wikipedia,下北弁,～みんた,,～のようだ、～みたいだ,,下北弁特有の言葉
Wikipedia,与那国語,narun（なる）,,ba（ば）||||minun（ない）ŋisan（そうだ）||||||bi（て）biti（て）,,形容詞
Wikipedia,与那国語,tagagu,,tagaru||tagarjaː||taga||tagan||tagaru||taga,,形容詞
Wikipedia,与那国語,ア,,イ||ウ||エ||オ,,日本語との対応
Wikipedia,中国方言,アクセント,,アクセントはほとんどの地域で東京式アクセントを用いる,,発音
Wikipedia,中国方言,ガ行音,,ガ行鼻濁音は用いず、破裂音[g]で発音する,,発音
Wikipedia,丹後弁,終助詞「で」「ど」,,告知の終助詞に「で」「ど」がある。「で」は「よ」の意味があり、「ど」は「ぞ」とほぼ同義,,主な表現
Wikipedia,丹後弁,逆接の接続助詞,,「けれども」にあたる接続助詞には、「けど」が最も多く用いられ、ほかに「けえど」も用いられる。「けえど」は舞鶴や丹波北部で使用が盛ん,,主な表現
JMdict,九州,うちがみ,内神,,patron god; ancestor deified as a kami,
JMdict,九州,かみげ,髪毛,,hair (on the head),
JMdict,九州,ぎんた,,,in case of,
JMdict,九州,こゆい,濃ゆい,,"deep (colour); dark; strong (flavour, smell, etc.); thick (consistency); dense",
JMdict,九州,ごわす,,,to be,
JMdict,九州,すかん,好かん,,I don't like it; I hate it,
JMdict,九州,せからしか,,,irritating; annoying,
JMdict,九州,たい,,,want to do ...; would like to do ...; indicates emphasis; very ...,
JMdict,九州,てげ,,,very,
JMdict,九州,と,,,"if; when; and; with; used for quoting (thoughts, speech, etc.); promoted pawn; indicates a question",
JMdict,九州,どもこもならん,,,cannot be helped; nothing can be done,
JMdict,九州,はわく,,,to sweep (with a broom); to clean up,
JMdict,九州,ばい,,,indicates emphasis,
JMdict,九州,ばかちん,馬鹿ちん,,idiot; moron,
JMdict,九州,ばってん,,,but; however,
JMdict,九州,ぶすくれる,,,to sulk; to pout,
JMdict,九州,よだきい,,,bothersome; troublesome,
JMdict,九州/東北,すかり,,,net for caught fish; net-like tassel of Buddhist prayer beads; Vespula flaviceps (species of yellowj,
Wikipedia,五島列島方言,アガ,,貴方、お前 || 自分 || 五島方言集(1976) p.9,,語彙
Wikipedia,五島列島方言,アッパヨー,,恐ろしいよ || || 九州地方の方言(1983) p.179,,語彙
Wikipedia,五島列島方言,アヒコ,,あそこ || || 九州地方の方言(1983) p.195,,語彙
Wikipedia,五島列島方言,アラカレ,,離れろ || || 九州地方の方言(1983) p.179,,語彙
Wikipedia,五島列島方言,ウウカ,,多い || || 九州地方の方言(1983) p.195,,語彙
Wikipedia,五島列島方言,コッカマス,,ぶん殴る || || 九州地方の方言(1983) p.179,,語彙
Wikipedia,五島列島方言,セカラシカ,,うるさい || 九州方言のせからしか（忙しい）からの意味変化 || 五島方言集(1976) p.8,,語彙
Wikipedia,五島列島方言,チョンドコ,,便所、手洗い所 || 手水所（ちょうずどころ） || 五島方言集(1976) p.11,,語彙
Wikipedia,五島列島方言,チング,,友達 || 朝鮮語の친구（チング、友達） || 五島方言集(1976) p.11,,語彙
Wikipedia,五島列島方言,チンチロモフ,,あわてふためいて || || 九州地方の方言(1983) p.179,,語彙
Wikipedia,五島列島方言,ツンダシカ,,可哀想 || 中国語の涙出度 || 五島方言集(1976) p.10,,語彙
Wikipedia,五島列島方言,バッブッドン,,蛙 || 語源不明 || 五島方言集(1976) p.6,,語彙
Wikipedia,五島列島方言,バボ,,兄貴 || || 九州地方の方言(1983) p.179,,語彙
Wikipedia,五島列島方言,ビッシャッ,,沢山 || || 九州地方の方言(1983) p.179,,語彙
Wikipedia,五島列島方言,ビッツナカ,,不器量な || || 九州地方の方言(1983) p.179,,語彙
Wikipedia,五島列島方言,ヘッパ,,うそ || || 九州地方の方言(1983) p.179,,語彙
Wikipedia,五島列島方言,ムヒコ,,息子 || || 九州地方の方言(1983) p.195,,語彙
Wikipedia,五島列島方言,例,,: 標準語「崎山から豆腐を縄でしばって持って出たけれど、やっぱり、豆腐は豆腐、長手の腐れ水のところで、引き千切れた」,,敬語
Wikipedia,五島列島方言,命令形,,かけ（書け）,,動詞
Wikipedia,五島列島方言,完了形,,きゃた、きゃーた（書いた）,,動詞
Wikipedia,五島列島方言,意志形,,かこ（書こう）、かこや（書こうよ）、かこでー（書きましょう）、かこごちゃっ（書きたい）,,動詞
Wikipedia,五島列島方言,未然形,,かかん（書かない）、かかるっ（書くことができる）、かかすっ（書かせる）,,動詞
Wikipedia,五島列島方言,条件形,,かけば（書けば）,,動詞
Wikipedia,五島列島方言,男性詞の例,,女性詞の例,,男性詞、女性詞
Wikipedia,五島列島方言,語句,,意味 || 語源 || 出典,,語彙
Wikipedia,五島列島方言,連用形,,かっだす（書き出す）、かっはいむっ（書きはじめる）、かっながら（書きながら）、かっしもた（書いてしまった）、かっます（書きます）,,動詞
Wikipedia,京言葉,-といやす,,「ておいやす」の変形,,敬語
Wikipedia,京言葉,おす,,「ある」の丁寧語で、大阪の「おま（す）」に相当。形容詞の後ろにもつく,,敬語
Wikipedia,京言葉,なはる,,「する」の尊敬語。「-なはれ」「-な（は）い」の形で様々な動詞の命令表現にも使うが、「-なはれ」は大阪的な言い方で京都ではほとんど使わない,,敬語
Wikipedia,京言葉,カ変（来る）,,き-こ- || き- || くる || くる || （くりゃ）（きたら） || きーこい,,動詞
Wikipedia,京言葉,サ変（する）,,し-せ- || し- || する || する || （すりゃ）（したら） || しーせー,,動詞
Wikipedia,京言葉,上一段（着る）,,き- || き- || きる || きる || （きりゃ）（きたら） || きー,,動詞
Wikipedia,京言葉,下一段（出る）,,で- || で- || でる || でる || （でりゃ）（でたら） || でー,,動詞
JMdict,京都,いけずいし,いけず石,,rock placed on a corner of one's plot facing the road to protect against cars,
JMdict,京都,え,,,eh?; what?; yes; that's correct; used for soft emphasis or to soften a statement or request; strengt,
JMdict,京都,えずくろしい,,,unpleasant; gross,
JMdict,京都,おいでやす,,,"welcome (in shops, etc.)",
JMdict,京都,おいない,,,come; go,
JMdict,京都,おきばりやす,お気張りやす,,do your best; keep it up,
JMdict,京都,おこしやす,,,welcome!,
JMdict,京都,おこぼ,,,girl's lacquered wooden clogs,
JMdict,京都,おす,,,to be,
JMdict,京都,おまっとさん,,,sorry to have kept you waiting,
JMdict,京都,くど,竈,,smokehole on hearth; hearth; (kitchen) furnace,
JMdict,京都,くもこ,雲子,,cod roe; cod milt,
JMdict,京都,ぐじ,具慈,,tilefish (Branchiostegus spp.); blanquillo,
JMdict,京都,ごもく,芥,,trash; rubbish,
JMdict,京都,ざばん,座版,,rectangular company stamp; square company seal,
JMdict,京都,しろうと,素人,,"amateur; layman; respectable woman (i.e. not a prostitute, hostess, geisha); unlicensed prostitute",
JMdict,京都,どす,,,"dagger; dirk; threatening quality (in a voice, etc.); muddy; turbid; be; is",
JMdict,京都,どすえ,,,I assure you it is,
JMdict,京都,なむなむ,,,so-so; tolerable,
JMdict,京都,のぼす,上す,,to raise; to record,
JMdict,京都,のぼせる,上せる,,to raise; to record,
JMdict,京都,ひめ,姫,,"young lady of noble birth; princess (esp. in Western contexts, tales, etc.); girl; small; cute; pros",
JMdict,京都,ぶぶづけ,ぶぶ漬け,,ochazuke; cooked rice with green tea poured on it,
JMdict,京都,ぼぼ,,,pussy (i.e. female genitals); sexual intercourse,
JMdict,京都,めいぼ,,,sty (on the eyelid),
JMdict,京都,よかろう,良かろう,,"probably good; fine, isn't it?",
JMdict,京都,よろしおす,宜しおす,,(it) is fine; nice,
JMdict,京都/琉球,だからよ,,,yes; right,
Wikipedia,京阪式アクセント,H○,,||,,類別
Wikipedia,京阪式アクセント,H○○,,colspan=2|,,類別
Wikipedia,京阪式アクセント,H○○○,,colspan=2|,,類別
Wikipedia,京阪式アクセント,L○,,き、きい、き||き,,類別
Wikipedia,京阪式アクセント,L○○,,い・いつ||い・い,,類別
Wikipedia,京阪式アクセント,L○○○,,うさ・うさぎ||う・う,,類別
Wikipedia,京阪式アクセント,低低低（高）,,colspan=2|高高低（低）||高低低（低）,,歴史
Wikipedia,京阪式アクセント,低低降,,colspan=3|高低低,,歴史
Wikipedia,京阪式アクセント,低低高,,colspan=2|高低低||五段高高高一段低低高,,歴史
Wikipedia,京阪式アクセント,低低高（高）,,colspan=3|高低低（低）,,歴史
Wikipedia,京阪式アクセント,低低（高）,,colspan=3|高低（低）,,歴史
Wikipedia,京阪式アクセント,高高降,,colspan=2|高高低||高低低,,歴史
Wikipedia,仙台弁,…がな,,相当、分、こちらの提示に合わせて相手に数量調整してもらう場合,,か行
Wikipedia,仙台弁,…さる,,…できる。例えば、「書く+さる」で「書かさる」,,さ行
Wikipedia,仙台弁,…すか?,,ですか。丁寧語「す」と疑問の助詞「か」。仙台市交通局が発行するICカード「icsca」は「行くすか」に由来する,,さ行
Wikipedia,仙台弁,…すぺ?,,でしょう。丁寧語「す」と同意の意味の助詞「ぺ」←「べし」,,さ行
Wikipedia,仙台弁,…だおん,,…だもん,,た行
Wikipedia,仙台弁,…だじゃ,,上記の「…だっちゃ」が音便化したもので、主に県北から青森県にかけて使用される,,た行
Wikipedia,仙台弁,…だっちゃ・…っちゃ,,仙台弁の特徴参照,,た行
Wikipedia,仙台弁,…っから,,本来、「私が〜するから、あなたはしなくていいよ」というものの後ろの部分が省略された形だが、後ろの意味が関係ない使い方もある,,か行
Wikipedia,仙台弁,…ねばない,,…ねばならない,,な行
Wikipedia,仙台弁,…ら,,名詞を複数形にする際の接尾語。標準語とは違うニュアンスで用いられることがある,,ら行
Wikipedia,仙台弁,…（の）しゃ?,,〜（の）ですか?。丁寧の意味の疑問終助詞。「〜だっちゃ?」には丁寧の意味はない,,さ行
Wikipedia,仙台弁,〜（っ）しゃ,,丁寧な文章で使う,,さ行
Wikipedia,仙台弁,あばいん,,おいで,,あ行
Wikipedia,仙台弁,あべ・あんべ,,行こう、おいで,,あ行
Wikipedia,仙台弁,あるく,,移動の行為を表す。標準語の「歩く」とはニュアンスが異なる。「特に目的もなく周囲をふらつく」などという古語の「ありく」の名残という説があり、北海道方言でも同様の使われ方がある,,あ行
Wikipedia,仙台弁,あんだい,,あなたの家。対義語は「おらい」,,あ行
Wikipedia,仙台弁,あんだほ,,あなたたち。対義語は「おらほ」,,あ行
Wikipedia,仙台弁,あんべぇ,,体調,,あ行
Wikipedia,仙台弁,あんやほに,,なんてこった、全くもう。英語の「Oh my god」に相当,,あ行
Wikipedia,仙台弁,いしけん、ぎっ,,じゃんけん、ぽんっ,,あ行
Wikipedia,仙台弁,いったりかったり,,突然、自分勝手に,,あ行
Wikipedia,仙台弁,いむすめ,,婿養子をとった娘。漢字では「居娘」,,あ行
Wikipedia,仙台弁,うるかす,,水に浸す,,あ行
Wikipedia,仙台弁,うんだでば,,そうですよ。相槌的な感じで使う,,あ行
Wikipedia,仙台弁,おがす,,大きくさせる、育てる。「おがる」参照,,あ行
Wikipedia,仙台弁,おがすい、おがしい,,変だ,,あ行
Wikipedia,仙台弁,おがっつね,,おかしい,,あ行
Wikipedia,仙台弁,おがる,,大きくなる、育つ、威張る。「おがす」参照,,あ行
Wikipedia,仙台弁,おしょすい,,恥ずかしい。他の方言で使用される「お笑止い（おしょしい）」が訛ったもの,,あ行
Wikipedia,仙台弁,おだつ・おだづ,,調子に乗る、いきがる。「おだづな」と否定形で使用される場合が多い。ときに、肯定的な意味でも用いられる,,あ行
Wikipedia,仙台弁,おだづもっこ,,いたずら小僧、悪ガキ,,あ行
Wikipedia,仙台弁,おっかない,,こわい、おそろしい,,あ行
Wikipedia,仙台弁,おっぴさん,,曽祖父・曾祖母・ひいお爺さん・ひいお婆さん,,あ行
Wikipedia,仙台弁,おないん・おんないん,,…（して）下さい,,あ行
Wikipedia,仙台弁,おはよう靴下,,爪先などに穴が空いた靴下,,あ行
Wikipedia,仙台弁,おはよござりす,,おはようございます。近隣に「おはいでがす」を使う地域もある,,あ行
Wikipedia,仙台弁,おばんです・おばんでがす,,夕方以降の挨拶「今晩は」の意味で使う。OH!バンデスというTV番組も存在する,,あ行
Wikipedia,仙台弁,おみょうにち,,またあした、さようなら。わりとフォーマルな席で用いられる。漢字では「御明日」,,あ行
Wikipedia,仙台弁,おらい,,うちの家。対義語は「あんだい」「あんだらい」,,あ行
Wikipedia,仙台弁,おらほ,,俺たち、私たち。対義語は「あんだほ」,,あ行
Wikipedia,仙台弁,おれ,,私。男性のみならず、女性も使う,,あ行
Wikipedia,仙台弁,おれさま,,雷様,,あ行
Wikipedia,仙台弁,かせる,,食わせる、食べさせる,,か行
Wikipedia,仙台弁,かっちゃき,,鎌、草刈、三角鍬。かっちゃくの名詞形,,か行
Wikipedia,仙台弁,かっちゃく,,引っかく,,か行
Wikipedia,仙台弁,かつける,,失敗や嘘をついたことを、他人のせいにする・なすりつける。責任のがれの意味,,か行
Wikipedia,仙台弁,かばねやみ,,本当はできるにもかかわらず、なんのかんのと理由をこじつけてなにもしないこと、またそういう人,,か行
Wikipedia,仙台弁,かます,,かき混ぜる、時にかき混ぜることで室温〜体温程度にする意味も含めて使う,,か行
Wikipedia,仙台弁,がが,,母・お母さん。自分の母をいう言葉ではあるが、多くの女性は言われることを嫌ってるため、普段の会話ではあまり使われず、喧嘩やイヤミを言うときに使う侮辱語的な意味合いもある,,か行
Wikipedia,仙台弁,がす,,です。丁寧語。過去形は「がした」,,か行
Wikipedia,仙台弁,がめる,,盗む,,か行
Wikipedia,仙台弁,きしゃず,,おから,,か行
Wikipedia,仙台弁,きゃっぽりくう,,溝にはまる,,か行
Wikipedia,仙台弁,くたびれる,,ダメになる、疲れる,,か行
Wikipedia,仙台弁,けらい（ん）、けさい（ん）,,「けろ」よりも丁寧、または優しい表現。「けろ」同様、補助動詞としても用いる,,か行
Wikipedia,仙台弁,ける,,物をあげる,,か行
Wikipedia,仙台弁,けろ,,「ける」の命令形。くれ。願い事や頼み事をする際に、補助動詞としても用いる,,か行
Wikipedia,仙台弁,こっちゃ,,こちら,,か行
Wikipedia,仙台弁,こわい,,疲れる。→「がおる」参照,,か行
Wikipedia,仙台弁,ごしゃぐ,,怒る。「ごしゃがれる」と受身形で用いられることが多い。類語「ごしゃっぱらたでる」,,か行
Wikipedia,仙台弁,ごみょうにち,,それではまた明日。黄昏時にわかれるときに言う。類語「おみょうにち」,,か行
Wikipedia,仙台弁,さ,,格助詞。ほとんどの場合は「に」に相当,,さ行
Wikipedia,仙台弁,さくず,,米ぬか,,さ行
Wikipedia,仙台弁,さっぱし,,さっぱり,,さ行
Wikipedia,仙台弁,ししゃます,,手に負えない、持て余す、大変だ,,さ行
Wikipedia,仙台弁,したっけ,,そしたら。話の途中で次に続ける場合に使う。場合により「それなのに……」の用法もある,,さ行
Wikipedia,仙台弁,しっぱたく,,たたく、ひっぱたく,,さ行
Wikipedia,仙台弁,しゃっこい・ひゃっこい,,冷たい,,さ行
Wikipedia,仙台弁,しゃね,,知らない。やってられないという意味が含まれることもある,,さ行
Wikipedia,仙台弁,しゃねっぷり,,知らないふり,,さ行
Wikipedia,仙台弁,じられる・じらる,,盗まれる,,さ行
Wikipedia,仙台弁,じる,,盗む,,さ行
Wikipedia,仙台弁,すがり,,蜂,,さ行
Wikipedia,仙台弁,すっぱね,,泥はね,,さ行
Wikipedia,仙台弁,そればり・そればっこ,,それだけ。提示された数量などが意外な場合,,さ行
Wikipedia,仙台弁,たがぐ,,担ぐ,,た行
Wikipedia,仙台弁,たごまる,,布地などが寄り集まる。特に着用中の衣服について。糸や紐が絡まる,,た行
Wikipedia,仙台弁,たばこ,,一休みするしながら口にするおやつ、お茶など。休憩そのものにも使用,,た行
Wikipedia,仙台弁,たんぱら,,癇癪を起す・腹を立てる。漢字で書くと「短腹」,,た行
Wikipedia,仙台弁,だ〜れ・だれー,,漢字で書くと「誰」。人物が出てくる、または暗に出てくる文の文中・文末に間投詞的に用い、反語的な意味を付加したり、直前の文に出てくる人物を浮き立たせたりする役割を担う,,た行
Wikipedia,仙台弁,だから,,同意の意。「んだ」からの変化形。接続詞として使う「だから」とは発音が違う,,た行
Wikipedia,仙台弁,ちゃかす,,壊す,,た行
Wikipedia,仙台弁,ちゃける,,壊れる。ちゃかすの自動詞。強調の意を表す接頭語「ぶっ」をつけて「ぶっちゃける」とも言う,,た行
Wikipedia,仙台弁,ちゃっこい,,小さい、ちゃち,,た行
Wikipedia,仙台弁,ちゃる,,盗む,,た行
Wikipedia,仙台弁,ちょす,,さわる。いじる。特に、自分に権限のないものをさわったり、いじったりすること。性的な意味を含むことも少なくない。また、しばしば否定形で用いられる,,た行
Wikipedia,仙台弁,ちょんちょこ,,男性器,,た行
Wikipedia,仙台弁,っ、この!,,間投詞。怒りを表す,,た行
Wikipedia,仙台弁,っこ・こ,,"接尾辞。指小辞。フランス語の ""-ette""、スペイン語の ""-ito"" と同類",,た行
Wikipedia,仙台弁,っぽ,,接尾辞。上記の「っこ」と同義だが、こちらは罵りに使うニュアンスが大きい,,た行
Wikipedia,仙台弁,てほ,,嘘・デタラメ,,た行
Wikipedia,仙台弁,でがさね,,イマイチだ、格好悪い,,た行
Wikipedia,仙台弁,ですぅ,,です。標準語教育の影響で使うようになった。女性が「です」と言う場合、語尾の「す」だけイントネーションが上がる,,た行
Wikipedia,仙台弁,とくとう,,非常に・ものすごく,,た行
Wikipedia,仙台弁,とすけ,,くじ、くじ引き,,た行
Wikipedia,仙台弁,とみぎ,,トウモロコシ。唐麦（とうむぎ）,,た行
Wikipedia,仙台弁,どいなく,,どのように,,た行
Wikipedia,仙台弁,どんぶく,,布団生地で作られた冬用寝巻きの上着。どてら、半纏,,た行
Wikipedia,仙台弁,なげる,,捨てる,,な行
Wikipedia,仙台弁,なまだら,,だらだらとなまけていること、またそのさま,,な行
Wikipedia,仙台弁,ねっぺ,,唾,,な行
Wikipedia,仙台弁,ねばす・ねっぱす,,ものを貼り付けること,,な行
Wikipedia,仙台弁,のっつぉこぐ,,特に用があるわけでもないのに意味もなくぶらぶらし、体をもてあましていること。しかも当人は自分がのっつぉこいでいることを自覚している場合が多い。命令形はとらない。名詞形は「のっつぉこぎ」,,な行
Wikipedia,仙台弁,はかはか,,わくわく。気分が高揚すること。心臓がドキドキすること,,は行
Wikipedia,仙台弁,はっと,,小麦粉を水で捏ねて茹でたもの。すいとんに似る,,は行
Wikipedia,仙台弁,はっぱり,,さっぱり、全く,,は行
Wikipedia,仙台弁,ばか,,ものもらい。宮城県を中心に岩手・福島・山形の一部でも使用される,,は行
Wikipedia,仙台弁,ばっこ・びゃっこ・ぺっこ,,少し、だけ,,は行
Wikipedia,仙台弁,ばり,,ばかり,,は行
Wikipedia,仙台弁,べこ・べご,,牛,,は行
Wikipedia,仙台弁,べっちょ・べっちょこ,,女性器,,は行
Wikipedia,仙台弁,ほいぢょ,,包丁,,は行
Wikipedia,仙台弁,ほいど,,乞食,,は行
Wikipedia,仙台弁,ほいな,,そんな,,は行
Wikipedia,仙台弁,ほでなす・ほでなし,,バカ者、ろくでなし,,は行
Wikipedia,仙台弁,ほでまず・ほでまづ,,それでは・とりあえず,,は行
Wikipedia,仙台弁,ほとんと、ほどんと,,ほとんど,,は行
Wikipedia,仙台弁,ほれ,,ほら。間投詞,,は行
Wikipedia,仙台弁,まける,,こぼす,,ま行
Wikipedia,仙台弁,まなぐ,,目,,ま行
Wikipedia,仙台弁,まやう,,償う、弁償する,,ま行
Wikipedia,仙台弁,むぐす,,漏らす,,ま行
Wikipedia,仙台弁,むる,,漏れる,,ま行
Wikipedia,仙台弁,むんつける,,拗ねる、いじける,,ま行
Wikipedia,仙台弁,めくさい,,ダサい、格好悪い,,ま行
Wikipedia,仙台弁,めんこい,,可愛い、愛らしい,,ま行
Wikipedia,仙台弁,めんめ,,虫,,ま行
Wikipedia,仙台弁,もぐす,,漏らす,,ま行
Wikipedia,仙台弁,もじゃぐる・もじゃぐれる,,（衣服などを）ぐちゃぐちゃにする、ぐちゃぐちゃになる,,ま行
Wikipedia,仙台弁,もぞこい,,可哀そう,,ま行
Wikipedia,仙台弁,やろっこ、やろこ,,男の子,,や行
Wikipedia,仙台弁,ゆるぐない,,緩くない。転じて、きつい・きびしい,,や行
Wikipedia,仙台弁,よったり,,四人。広辞苑にもある語ではある。なぜか「みたり」は使わない。「お」がつく場合も少なくない,,や行
Wikipedia,仙台弁,らづもね,,とんでもない、物凄い。「埒も無い」,,ら行
Wikipedia,仙台弁,わげすと,,若者,,わ行
Wikipedia,仙台弁,わらす・わらすこ,,童子、子供,,わ行
Wikipedia,仙台弁,んだ,,そうだ。肯定の意味,,ん
Wikipedia,仙台弁,んだいっちゃ〜,,そうだよね〜。肯定の同意を求めるとき,,ん
Wikipedia,仙台弁,んだから、だから,,まさにそうです。強い同意を示す,,ん
Wikipedia,仙台弁,んだすぺ?,,そうでしょう? 丁寧語,,ん
Wikipedia,仙台弁,んだっけんども,,そうだけれども,,ん
Wikipedia,仙台弁,んだっちゃ、だれ〜,,そうに決まってるじゃん。「当然である」ことをいうとき,,ん
Wikipedia,仙台弁,んだべ?,,そうだろ?,,ん
Wikipedia,仙台弁,んで,,じゃあね。バイバイ。「んでね」とも,,ん
Wikipedia,仙台弁,んでねくてや〜,,そうじゃなくてさ〜,,ん
Wikipedia,仙台弁,んでねぐ,,そうではない。否定,,ん
Wikipedia,仙台弁,トーホグズン,,「東北人」を仙台弁で発音したもの,,た行
Wikipedia,仙台弁,パッタ,,めんこ,,は行
Wikipedia,仙台弁,山学校,,中学・高校の不良生徒の不登校。学校に登校せず校外を徘徊しているという意味から,,や行
Wikipedia,仙台弁,松島,,"style=""background-color: #ffc;""|まつしま||まづすま||濁音化「シ」と「ス」の統合",,地名
Wikipedia,仙台弁,清水小路,,"style=""background-color: #ffc;""|しみずこうじ||すずこうじ||「シ」と「ス」の統合",,地名
Wikipedia,仙台弁,片平丁,,"style=""background-color: #ffc;""|かたひらちょう||かだっしゃちょ||",,地名
Wikipedia,仙台弁,米ヶ袋,,"style=""background-color: #ffc;""|こめがふくろ||こめやふくろ||",,地名
Wikipedia,仙台弁,遺水丁,,"style=""background-color: #ffc;""|やりみずちょう||やりみんちょう||",,地名
Wikipedia,仙台弁,霊屋下,,"style=""background-color: #ffc;""|おたまやした||おだまやんた||",,地名
Wikipedia,仙台弁こけし,-,,64394||13位||2位||1位||さくらっきー||大河原町観光物産協会・大河原町||※欄外参照,,ゆるキャラグランプリ参加結果
Wikipedia,佐世保弁,北部本土方言,,区域：佐世保市（宇久地区を除く）・松浦市・平戸市・北松浦郡（佐々町）,,特徴
Wikipedia,佐渡弁,H●●,,● || ●●,,特徴
Wikipedia,佐渡弁,L○○,,●● || ●●,,特徴
Wikipedia,佐賀弁,ミ・ニの変化,,佐賀東部地区では語頭以外の「み」「に」の子音が脱落して「い」になることがある,,発音
Wikipedia,佐賀弁,リ・リャ・リュ・リョの変化,,佐賀地区の高齢層を中心に、「り」が「じ」に、「りゃ」が「じゃ」に、「りゅ」が「じゅ」に、「りょ」が「じょ」になることがあり、またこの逆の変化も聞かれる,,発音
Wikipedia,佐賀弁,古音,,「せ」「ぜ」は本来「しぇ」「じぇ」と発音され、今も佐賀東部地区にその傾向が強い。中年層以下では「せ」「ぜ」と発音される,,発音
Wikipedia,佐賀弁,母音の無声化,,佐賀弁は、他の九州の方言と同じく母音の無声化が盛んで、有声子音の前でも無声化することがある,,発音
Wikipedia,佐賀弁,連母音融合,,佐賀弁では連母音の融合が全般的に激しい。次のような融合が起こる,,発音
Wikipedia,八重山語,&nbsp;,,&nbsp;,,石垣方言
Wikipedia,八重山語,/a/,,//||/u/||/i/||/u/,,日本語との対応
Wikipedia,八重山語,/baːraː/,,/baːraː/||/baːrai/||/baːraija/||/baːrai/||/baːroː/||/baːroːN/||/baːroː/||/baːroː(na)/||/baːroː(kaː)/||/baːrai(te)/,,石垣方言
Wikipedia,八重山語,/hwaː/,,/hwaː/||/hoi/||/hoija/||/hoi/||/hoː/||/hoːN/||/hoː/||/hoː(na)/||/hoː(kaː)/||/hoi(te)/,,石垣方言
Wikipedia,八重山語,/kaka/,,/kaka/||/kaki/||/kakja/||/kak/||/kaku/||/kakuN/||/kaku/||/kaku(na)/||/kaku(kaː)/||/kaki(te)/,,石垣方言
Wikipedia,八重山語,/kaː/,,/kaː/||/kai/||/kaija/||/kai/||/kau/||/kauN/||/kau/||/kau(na)/||kau(kaː)||kai(te),,石垣方言
Wikipedia,八重山語,/mjuː/,,/mjuː/||/miːri/||/miːrja/||/miː/||&nbsp;||/miːN/||/miː/||/miː(na)/||/miː(ka)/||/mjaː(te)/,,石垣方言
Wikipedia,八重山語,/umoː/,,/umoː/||/umui/||/umuija/||/umui/||/umoː/||/umoːN/||/umoː/||/umoː(na)/||/umoː(kaː)||/umui(te)/,,石垣方言
Wikipedia,八重山語,/ura/,,/ura/||/uri/||/urja/||/ur/|| ||/uN//uruN/||/uru/||/uru(na)/||/uru(kaː)/||/uri(te)/,,石垣方言
Wikipedia,八重山語,baːraː,,baːraː||baːrai(ba)||baːraiː||baːroːbaːrai||baːroː||baːrau||baːroːn||baːroːbaːrau||baːrai,,川平方言
Wikipedia,八重山語,i,,ja,,石垣方言
Wikipedia,八重山語,jassa,,jassa||jassan||jassa||jassa||jassa||jassa,,鳩間方言
Wikipedia,八重山語,kaa,,kaa||kai||kai||kauN||kau||kaija||kaioo,,鳩間方言
Wikipedia,八重山語,kaka,,kaka||kaki||kaki||kakuN||kaku||kakee||kakoo,,鳩間方言
Wikipedia,八重山語,karoo,,karoo||karoon||karoo||karoo||karoo||karoo,,鳩間方言
Wikipedia,八重山語,nuguriʃaːra(ba),,nuguriʃaː||nuguriʃaːru(ba)||nuguriʃan||nuguriʃaːnu||nuguriʃaːri(te),,石垣方言
Wikipedia,八重山語,pirakee,,pirakee||pirakeen||pirakee||pirakee||pirakee||pirakee,,鳩間方言
Wikipedia,八重山語,sanija,,sanija||sanijan||sanija||sanija||sanija||sanija,,鳩間方言
Wikipedia,八重山語,suːwa,,suːwa||suːwan||suːwa||suːwa||suːwa||suːwa,,鳩間方言
Wikipedia,八重山語,takaa,,takaa||takaan||takaa||takaa||takaa||takaa,,鳩間方言
Wikipedia,八重山語,takasaːra(ba),,takasaː||takasaːru(ba)||takasan||takasaːnu||takasaːri(te),,石垣方言
Wikipedia,八重山語,ukaukira,,ukaukira||ukiukiri||uki||ukuNukiruN||ukuukiru||ukee||ukoo,,鳩間方言
Wikipedia,八重山語,ɸukoː,,ɸukuɸukira||ɸukiri(ba)||ɸukiriː||ɸuki||ɸuki||ɸukiː||ɸukirun||ɸuki||ɸuki,,川平方言
Wikipedia,八重山語,ア,,イ||ウ||エ||オ,,日本語との対応
Wikipedia,八重山語,命令形1,,命令形2,,石垣方言
Wikipedia,八重山語,志向形,,未然形,,石垣方言
Wikipedia,八重山語,連用形,,終止形1||終止形2||連体形||禁止形||条件形,,石垣方言
JMdict,北海道,あおかん,青看,,road directional sign,
JMdict,北海道,おだつ,,,to get overexcited; to fool around,
JMdict,北海道,おやじ,親父,,one's father; one's old man; middle-aged (or older) man; old man; one's boss; proprietor (of a resta,
JMdict,北海道,かくしょく,角食,,square bread; Pullman loaf; bread,
JMdict,北海道,したっけ,,,goodbye; see you later; then; and (then),
JMdict,北海道,じがく,自学,,teaching oneself; learning by oneself; driving school,
JMdict,北海道,じょっぴん,,,key; lock,
JMdict,北海道,じょっぴんかる,,,"to lock (a door, etc.); to lock up",
JMdict,北海道,たんぱら,短腹,,quick-tempered; easily offended,
JMdict,北海道,ちゃんこい,,,small; little,
JMdict,北海道,ちょっち,,,a little; a bit,
JMdict,北海道,つっぺ,,,stopper; plug; (door) bar; bolt,
JMdict,北海道,なまら,,,very much; really,
JMdict,北海道,はんかくさい,半可臭い,,foolish; stupid,
JMdict,北海道,めっぱ,,,sty (on the eyelid),
JMdict,北海道,ゆきなげ,雪投げ,,snowball fight; snow shoveling; snow removal,
JMdict,北海道,キックラセンキ,,,strained back; slipped disk,
JMdict,北海道,ザンギ,,,deep-fried chicken (esp. marinated in a sweet ginger soy sauce before frying),
JMdict,北海道/九州/東北,あめゆき,雨雪,,sleet,
JMdict,北海道/東北,あんこ,,,daughter; young lady; young man; eldest son; passive role in a male homosexual relationship,
JMdict,北海道/東北,いずい,,,unpleasant; uncomfortable,
JMdict,北海道/東北,うるかす,潤かす,,to soak; to steep,
JMdict,北海道/東北,うるける,潤ける,,to swell up (by soaking in water); to become soft,
JMdict,北海道/東北,おやき,お焼き,,oyaki; fried round wheat or buckwheat flour cake with various fillings; imagawayaki; thick pancake c,
JMdict,北海道/東北,こわい,強い,,tough; stiff; inflexible; obstinate; tired; worn out,
JMdict,北海道/東北,しばれる,凍れる,,to be freezing cold (of the weather); to be bitterly cold; to freeze; to become frozen,
JMdict,北海道/東北,じぇんこ,,,money,
JMdict,北海道/東北,ちっちゃこい,小っちゃこい,,small; little,
JMdict,北海道/東北,めんこい,,,dear; darling,
JMdict,北海道/東北,ゆるい,緩い,,"loose; lenient; lax; gentle (curve, slope, etc.); slow; weak; soft; not firm; difficult; hard",
JMdict,北海道/津軽,あずましい,吾妻しい,,pleasant; feeling good,
Wikipedia,博多弁,ウ音便,,形容詞も動詞と同様に連用形でウ音便を用いる,,形容詞
Wikipedia,名古屋弁,×,,○||○||○||○||○||○,,周辺の方言との比較表
Wikipedia,名古屋弁,○,,○||○||○||○||○||○,,周辺の方言との比較表
Wikipedia,名古屋弁,「しらん」の前,,話者によっては疑問詞のあるなしに関わらず省略するが、「知らん」という動詞としてよりも、「（か）しらん」という終助詞と捉えたほうがよい,,「か」の省略
Wikipedia,名古屋弁,〜したる1,,〜してある。ラ行五段,,その他
Wikipedia,名古屋弁,〜したる2,,〜してやる。ラ行五段,,その他
Wikipedia,名古屋弁,〜してい・らん,,〜してもらわなくてよい、〜してほしくない,,その他
Wikipedia,名古屋弁,〜してか・ん,,〜してはいけない,,その他
Wikipedia,名古屋弁,〜してまう1,,〜してもらう。ワ行五段,,その他
Wikipedia,名古屋弁,〜してまう2,,〜してしまう、〜しちゃう。ワ行五段,,その他
Wikipedia,名古屋弁,〜しとる,,〜している。ラ行五段,,その他
Wikipedia,名古屋弁,〜だのうて、〜だなて,,"colspan=""2""|〜じゃなくて",,名古屋弁の世代差
Wikipedia,名古屋弁,〜てまう,,"colspan=""2""|〜ちゃう",,名古屋弁の世代差
Wikipedia,名古屋弁,〜としてある,,4|| ||【連語】||〜と書いてある,,語彙
Wikipedia,名古屋弁,〜なんだ,,"colspan=""2""|〜んかった",,名古屋弁の世代差
Wikipedia,名古屋弁,〜んたあ,,2|| ||【連語】||達。あんたたち→あんたんたあ。私たち→うちんたあ,,語彙
Wikipedia,名古屋弁,〜（だ）に,,"colspan=""2""|〜（だ）よ",,名古屋弁の世代差
Wikipedia,名古屋弁,あすんどる,,|| ||【連語】||休んでいる。使われないまま放置されている,,語彙
Wikipedia,名古屋弁,あふらかす,,4||溢らかす ||【動五】||溢れさせる,,語彙
Wikipedia,名古屋弁,あぶる,,|| ||【動】||扇ぐ,,語彙
Wikipedia,名古屋弁,あやすい,,(2)|| ||【形】||簡単。容易,,語彙
Wikipedia,名古屋弁,あらけない,,(2)|| ||【形】||乱暴な,,語彙
Wikipedia,名古屋弁,あんき (になる),,|| ||【連語】||安心になる。安気からか？,,語彙
Wikipedia,名古屋弁,あんばよう,,4||塩梅よう ||【副】||上手に。具合よく。〔読み方注意〕「あんばよう」と読む。「い」は入らない,,語彙
Wikipedia,名古屋弁,いごく,,2|| ||【動五】||うごく,,語彙
Wikipedia,名古屋弁,いざらかす,,4|| ||【動五】||(1)「いざる」の使役形。(2)物を持ち上げずに引きずって移動させる,,語彙
Wikipedia,名古屋弁,いざる,,0||移去る||【動五】||(1)人が立たないまま膝を引きずって移動する。(2)人や物が水平方向に短距離移動する,,語彙
Wikipedia,名古屋弁,いっか,,1||幾日 ||【名】||(1)何日。(2)日付が思い出せないときに代わりに使う言葉。〔例〕2月のいっかに行った（2月の何日だったかに行った） ※江戸落語でも(1)の意味で聞かれる。名古屋弁では(2)の意味が主流,,語彙
Wikipedia,名古屋弁,いっつか,,3|| ||【副】||とっくに,,語彙
Wikipedia,名古屋弁,いらんこと,,|| || ||余計なこと。〔例〕いらんことせんでええ。（余計なことしなくていい）,,語彙
Wikipedia,名古屋弁,いりゃあ,,"colspan=""2""|こやあ",,名古屋弁の世代差
Wikipedia,名古屋弁,うしなえる,,0|| || ||失える 紛失する,,語彙
Wikipedia,名古屋弁,うついた,,"colspan=""2""|うつした",,名古屋弁の世代差
Wikipedia,名古屋弁,うでる,,2|| ||【動下一】||ゆでる,,語彙
Wikipedia,名古屋弁,ええ,,1|| || ||良い。〔例〕ええ加減にせなかんて。（いい加減にしなきゃ駄目だって。）、ええ天気だに。（いい天気だよ。）,,語彙
Wikipedia,名古屋弁,ええころかげん,,|| || ||いい加減。適当な。〔例〕あいつはええころかげんな仕事しかやらんでかんわ,,語彙
Wikipedia,名古屋弁,えか,,1|| || ||相手に忠告した最後に、念押しとして使う。〔例〕夜道は気い付けなかんよ。えか！、明日俺はおらんでね。えか！,,語彙
Wikipedia,名古屋弁,おいでる,,|| ||【動上一】||おいでになる。いらっしゃる,,語彙
Wikipedia,名古屋弁,おうじょうこく,,5||往生こく ||【動五】||苦労する。大変な目に会う,,語彙
Wikipedia,名古屋弁,おおきに,,|| || ||ありがとう。上町言葉。最近ではほとんど使われなくなった,,語彙
Wikipedia,名古屋弁,おくれる,,3|| ||【動下一】||「くれる」の尊敬語。敬意の度合いは「下さる」より低い,,語彙
Wikipedia,名古屋弁,おそがい,,(2)|| ||【形】||恐ろしい。怖い,,語彙
Wikipedia,名古屋弁,おっさまおっさん,,11|| ||【名】||お坊さん。「おじさん」の意の「おっさん」とはアクセントが異なる,,語彙
Wikipedia,名古屋弁,おどける,,2|| ||【動下一】||驚く、怖がる,,語彙
Wikipedia,名古屋弁,おぶう,,2|| ||【名】||お茶。茶葉でなく茶碗に注がれた状態を言う,,語彙
Wikipedia,名古屋弁,おぼわる,,3||覚わる ||【動五】||身につく、習得する,,語彙
Wikipedia,名古屋弁,おみゃ,,|| ||【名】||お前,,語彙
Wikipedia,名古屋弁,およばれ,,2||お呼ばれ ||【名】||(1)ご招待。(2)ご馳走,,語彙
Wikipedia,名古屋弁,かいもん,,3|| ||【名】||(1)「かう(1)」のに使う木切れや段ボール片など。(2)「かう(3)」のに使う養生材,,語彙
Wikipedia,名古屋弁,かしわ,,|| ||【名】||鶏肉,,語彙
Wikipedia,名古屋弁,かずする,,1||数する ||【動サ変】||数える,,語彙
Wikipedia,名古屋弁,かやかや,,0|| || ||強い光を放っている様子。特に周囲が暗い中光っているものに使われる,,語彙
Wikipedia,名古屋弁,からかす,,|| ||||〜（し）まくる。「食べからかす」「買いからかす」,,語彙
Wikipedia,名古屋弁,かわす,,2|| ||【動五】||しっかりと、または強引に「かう(1)」,,語彙
Wikipedia,名古屋弁,かんこう,,0||勘考 ||【動サ変】||計画する。考える。工夫する,,語彙
Wikipedia,名古屋弁,かんす,,0|| ||【名】||蚊。「かんすに食われる」,,語彙
Wikipedia,名古屋弁,きいないきない,,(2)||黄ない||【形】||黄色い,,語彙
Wikipedia,名古屋弁,きさる,,0||着さる ||【動五】||(1)すっぽりとかぶせることができる。(2)（中身が多すぎたりせず）容器の蓋を閉めることができる。(3)帽子やヘルメットのサイズが合う,,語彙
Wikipedia,名古屋弁,きせる,,0||着せる ||【動下一】||標準語の「着せる」の意味の他に、蓋を被せる、キャップを締めるの意味がある,,語彙
Wikipedia,名古屋弁,きっとなら,,3|| ||【接】||理由を述べる前に「なぜなら」というのと同様の、「きっと」と思う推測を述べる前の前置き。〔例〕きっとなら持って帰ってまったんだよ。（これは推測だけど持って帰ってしまったんだよ）,,語彙
Wikipedia,名古屋弁,きもい,,(2)|| ||【形】||きつい、小さくて窮屈。「気持ち悪い」の意の共通語の若者言葉と同音衝突を起こしたため、聞かれなくなった言葉のひとつ,,語彙
Wikipedia,名古屋弁,きんとき,,1|| ||【名】||イラガの幼虫。子どものうちはこれが方言ということ気づかない人が多い,,語彙
Wikipedia,名古屋弁,きんのう,,|| ||||昨日,,語彙
Wikipedia,名古屋弁,ぎし,,だけ,,形式名詞
Wikipedia,名古屋弁,ぎょうさん,,|| ||【副】||「ようさん」とも。「ようけ」と同様の使い方をする,,語彙
Wikipedia,名古屋弁,ぎょうさん、ようさん、ようけ,,ようけ||たくさん,,名古屋弁の世代差
Wikipedia,名古屋弁,くすがる,,0|| ||【動五】||刺さる,,語彙
Wikipedia,名古屋弁,くすげる,,0|| ||【動下二】||刺す。予め穴のあいているところや柔らかいものに突き刺すことを言い、固いものに打ち込むことや、刃物で刺すことは言わない,,語彙
Wikipedia,名古屋弁,くずむ,,|| ||【動五】||風呂に“入る”際に使われる。「肩までひたる」感じのニュアンスがある。『こずむ』という言い方もある,,語彙
Wikipedia,名古屋弁,くわれる,,3|| || ||（蚊、ブヨなどに）刺される,,語彙
Wikipedia,名古屋弁,こうこ,,0|| ||【名】||たくあん,,語彙
Wikipedia,名古屋弁,こすいこっすい,,(2)|| ||【形】||(1)悪い意味で金銭に細かい。守銭奴。(2)ずるい,,語彙
Wikipedia,名古屋弁,こわい,,(2)||強い||【形】||（食べ物が）固い,,語彙
Wikipedia,名古屋弁,こわける,,3||壊ける ||【自下一】||壊れる,,語彙
Wikipedia,名古屋弁,こわす,,2||壊す ||【動五】||共通語の「壊す」の意味の他に「小額紙幣や貨幣に両替する」の意味がある,,語彙
Wikipedia,名古屋弁,ごぶれい します,,2-2||ご無礼します||【連語】||失礼します。時代劇みたいだが、名古屋弁では現役。アクセントは「ごぶれい 2 します 2」,,語彙
Wikipedia,名古屋弁,さっせる,,3|| ||【連語】||「する」に対する軽い尊敬語。「する」に尊敬の助動詞「っせる」がついたもの,,語彙
Wikipedia,名古屋弁,さむけぼろさむぼろ,,?0?|| ||【名】||鳥肌,,語彙
Wikipedia,名古屋弁,ざらいた,,0||ザラ板 ||【名】||すのこ,,語彙
Wikipedia,名古屋弁,しなす,,2||死なす||【動五】||(人が)死ぬ、亡くなる,,語彙
Wikipedia,名古屋弁,しゃこう,,0||車校 ||【名】||自動車学校。新方言,,語彙
Wikipedia,名古屋弁,しやあ,,しやあす||さっせる／せらっせる||せさっせる,,敬語
Wikipedia,名古屋弁,しんしょ,,1||身上 ||【名】||家の経済状態〔例〕あそこの家はしんしょがええ,,語彙
Wikipedia,名古屋弁,じん,,1||仁 ||【名】||人。者。「あの仁＝あの人」「変わった仁＝変わり者」のように使う。人をおちょくったニュアンス,,語彙
Wikipedia,名古屋弁,すぐと,,1|| ||【副】||すぐに,,語彙
Wikipedia,名古屋弁,すやくる,,?|| || ||手抜きする,,語彙
Wikipedia,名古屋弁,する,,* せん,,「ん」「せん」「へん」の接続
Wikipedia,名古屋弁,せらっせる,,4|| ||【連語】||「する」に対する尊敬語。「さっせる」より敬意の度合いが高い。「する」の異形「せる」に尊敬の助動詞「っせる」のついたものか,,語彙
Wikipedia,名古屋弁,たあけらしい,,(2)|| ||【形】||馬鹿馬鹿しい。アホらしい。意味がない。〔類語〕とろい,,語彙
Wikipedia,名古屋弁,たいがい,,0||大概 ||【形動】||程々。いい加減。〔例〕大概にしとけ（いい加減にしておけ）,,語彙
Wikipedia,名古屋弁,たかい、たけぁ,,"colspan=""2""|たかい、たけー",,名古屋弁の世代差
Wikipedia,名古屋弁,たべよまい、たべよめぁ,,たべよまい||たべようよ,,名古屋弁の世代差
Wikipedia,名古屋弁,たわけたたあけた,,"2,33|| ||【連体詞】||愚かな",,語彙
Wikipedia,名古屋弁,だちかん,,(3)|| ||【間】||だめだ。いけない。こら,,語彙
Wikipedia,名古屋弁,ちみくる,,3|| ||【動五】||つねる。「つねくる」とも言う,,語彙
Wikipedia,名古屋弁,ちゃっと,,"1,0|| ||【副】||すぐに、急いで、即座に。類語：「はよ」",,語彙
Wikipedia,名古屋弁,ちょう,,「〜してちょう」の形で「〜して下さい」の意。上記「ちょうす」の命令形「ちょうせ」の「せ」の抜けたもの。活用しない。さらに縮めて「〜してちょ」とも,,敬語
Wikipedia,名古屋弁,ちょうすいとる,,5|| ||【連語】||いばっている、調子こいている。皮肉や批判をこめて使われる,,語彙
Wikipedia,名古屋弁,ちょう・す,,「くれる」の尊敬語。下さる。漢字で書けば「寵す」か。動詞には接続助詞「て」を介して接続する,,敬語
Wikipedia,名古屋弁,ちんちんちゃんちゃん,,0?|| ||【形動】||非常に熱い様。熱せられた金属が水をはじく音からか,,語彙
Wikipedia,名古屋弁,つくなる,,3|| ||【動五】||適当に集めて置いてある。または適当に積み重ねてある。整理されてはいないが、かといって散らかってもいない状態にある,,語彙
Wikipedia,名古屋弁,つくねる,,3|| ||【動下一】||適当に集めて置いておく。または適当に積み重ねておく。整理されてはいないが、かといって散らかってもいない状態にする,,語彙
Wikipedia,名古屋弁,つねくる,,3|| ||【動五】||つねる,,語彙
Wikipedia,名古屋弁,ときんときん,,|| ||【副】||とがっているものに対して使う。〔例〕この鉛筆ときんときん（この鉛筆とがってる）,,語彙
Wikipedia,名古屋弁,ときんときんときとき,,00|| || ||とがっている様子,,語彙
Wikipedia,名古屋弁,とろい、とろくさい（とろくせぁ）,,(2)|| ||【形】||(1)要領が悪い。(2)馬鹿な。馬鹿馬鹿しい、アホらしい。ふざけた,,語彙
Wikipedia,名古屋弁,なけな,,2|| ||【連語】||なければ,,語彙
Wikipedia,名古屋弁,なけや,,2|| ||【連語】||なければ。「なけな」「なけらな」は形容詞「ない」だけの特殊な形だが、この形は生産的で、「良けや」「遠けや」のように全ての形容詞がこの形を取り得る,,語彙
Wikipedia,名古屋弁,なけらな,,3|| ||【連語】||なければ,,語彙
Wikipedia,名古屋弁,なぶる,,2|| ||【動五】||もてあそぶ。触る。名古屋弁では純粋に「触る」の意味で用いることが普通,,語彙
Wikipedia,名古屋弁,なまかわ,,0|| ||【名】||怠け者。長い間使っていなかったため使い物にならない様子,,語彙
Wikipedia,名古屋弁,なるい,,(2)|| ||【形】||(1)刺激が足りない、物足りない。(2)味が薄い。(3)マンネリである,,語彙
Wikipedia,名古屋弁,なんかごと,,0||何か事 ||【名】||何事か。通常、事件・事故を暗示する,,語彙
Wikipedia,名古屋弁,にすい,,(2)|| ||【形】||鈍い。「味がにすい」と味が薄い様子にも使う,,語彙
Wikipedia,名古屋弁,ぬくたいぬくとい,,(2)|| ||【形】||温かい,,語彙
Wikipedia,名古屋弁,のっそいのそい,,(2)|| ||【形】||遅い,,語彙
Wikipedia,名古屋弁,はぜる,,2|| ||【動下一】||破裂する,,語彙
Wikipedia,名古屋弁,はならかす,,4||離らかす ||【動五】||離す,,語彙
Wikipedia,名古屋弁,はば,,1|| ||【名】||除け者,,語彙
Wikipedia,名古屋弁,はやらかす,,4||生やらかす ||【動五】||生えるに任せる,,語彙
Wikipedia,名古屋弁,はよ,,111|| ||【副】||早く、すぐに、急いで。類語:ちゃっと,,語彙
Wikipedia,名古屋弁,はんぺんはんぺい,,33|| ||【名】||おでんの具で白身魚の練り物を揚げたもの（水より比重が重く沈むもの）、共通語では「アゲ」？,,語彙
Wikipedia,名古屋弁,ひとなるしとなる,,33||人成る ||【動五】||(1)成人する。大人らしくなる。(2)人間に限らず動植物が身体的に成長する,,語彙
Wikipedia,名古屋弁,ひどろい,,2||【形】||(日差しなどが)まぶしい,,語彙
Wikipedia,名古屋弁,ひらう,,0||拾う ||【動五】||拾う,,語彙
Wikipedia,名古屋弁,ふちっこ,,2|| ||【名】||端っこ,,語彙
Wikipedia,名古屋弁,ふるぼっさい,,(2)||古ぼっさい||【形】||古ぼけている,,語彙
Wikipedia,名古屋弁,へぼい,,(2)|| ||【形】||意気地なし。役立たず。弱い。しょぼい。さえない,,語彙
Wikipedia,名古屋弁,ほう,,01|| ||【副】【名】||そう。アクセントは、副詞は平板、名詞としては頭高,,語彙
Wikipedia,名古屋弁,ほうか,,0||放課 ||【名】||学校のにおける授業と授業の間の休憩時間。昼休みは「昼放課」。意味の衝突を避けるためか共通語の「放課後」も名古屋弁では「授業後」という表現になる,,語彙
Wikipedia,名古屋弁,ほかすほかる,,20|| ||【動五】||いらないものをゴミ箱等に捨てる,,語彙
Wikipedia,名古屋弁,まあ,,0|| ||【副】||もう,,語彙
Wikipedia,名古屋弁,まあかん,,0|| ||【連語】||食欲・怒りなどが抑え切れない。もう我慢できない。もう許しておけない。もう駄目だ,,語彙
Wikipedia,名古屋弁,まあはいまあへぁ,,33|| ||【副】||すでに、早くも。「はい」に同じ,,語彙
Wikipedia,名古屋弁,まい、まいか、めぁ、めぁか,,「〜しよう」の後について勧誘表現であることを表す。その際「う」は脱落する。一緒に何かをしようと他人を誘うときに使う表現であり、一人で行う行動について決意表明をするような際には使わない,,その他
Wikipedia,名古屋弁,まぎる,,2||曲ぎる ||【動五】||（交差点を）曲がる。〔用法〕交差点でなく道なりに曲がる場合や道以外の棒などについて言うときは共通語と同様に「曲がる」と言う,,語彙
Wikipedia,名古屋弁,まっかしけ,,"3|| style=""white-space:nowrap;"" |まっ赤しけ ||【形動】||赤一色である様。黒に対してまっ黒けというのと同様の強調表現",,語彙
Wikipedia,名古屋弁,まっと,,1|| ||【副】||もっと,,語彙
Wikipedia,名古屋弁,まめ,,|| ||【動五】||元気。達者。〔例〕まめだったきゃ。（元気だったか？）,,語彙
Wikipedia,名古屋弁,まる,,1|| ||【動五】||排便する,,語彙
Wikipedia,名古屋弁,まわし,,0|| ||【名】||支度,,語彙
Wikipedia,名古屋弁,まんだ,,1|| ||【副】||まだ。未だに,,語彙
Wikipedia,名古屋弁,みえる,,2|| ||【動下二】||「いる（居る）」の尊敬語。補助動詞としても用いる。ござるより現代的。「来る/現れる」の尊敬語として使う場合は共通語であって、方言ではない,,語彙
Wikipedia,名古屋弁,めいよん,,1||名四 ||【名】||新方言。(1)国道23号の名古屋・四日市間（名四バイパス）。なお、国土交通省による正式の読み方は「めいし」。(2)転じて国道23号の名古屋以東を含めることもある。<!--,,語彙
Wikipedia,名古屋弁,めちゃんこ,,|| ||【形・副】||とても、凄く。〔例〕めちゃんこ似とる。〔類語〕どえらい,,語彙
Wikipedia,名古屋弁,めんぼ,,|| ||【名】||麦粒腫（ものもらい）。〔用法注意〕「めんぼ」は「麦粒腫（ものもらい）」という意味だが、「結膜炎」という意味と勘違いしている人もいる,,語彙
Wikipedia,名古屋弁,もうや,,|| ||【名】||仲良く分けること。→「もうやにする」。「もうやっこ」は、はんぶんこのこと,,語彙
Wikipedia,名古屋弁,やく,,?|| ||【名】||略,,語彙
Wikipedia,名古屋弁,やぐい,,(2)|| ||【形】||建物や機械・装置の強度が低い,,語彙
Wikipedia,名古屋弁,ややこやしい,,(2)|| ||【形】||〔北部〕ややこしい,,語彙
Wikipedia,名古屋弁,やらあ,,だろう（男）でしょう（女性）※2||だらあ,,比較表
Wikipedia,名古屋弁,ようけいようけ,,30|| ||【副】||たくさん,,語彙
Wikipedia,名古屋弁,ようこそようけ,,3?|| ||【副】||歓迎に限らず感謝一般を表す。よくぞ。〔例〕ようこそ頑張っておくれた（よくぞ頑張ってくださった）。ようけ来やぁした（ようこそいらっしゃいました。）,,語彙
Wikipedia,名古屋弁,わや,,1|| ||【形動】||めちゃくちゃ（「すごく」の意味ではなく、破壊された様子の意味）。だめになった様子。台無し,,語彙
Wikipedia,名古屋弁,フレッシュ,,|| ||【名】||コーヒーなどに加えるポーション（小型カップ）入りのクリーム,,語彙
Wikipedia,名古屋弁,ラ行・ワ行五段活用,,ラ行・ワ行五段活用動詞では、他の五段活用動詞よりもバリエーションが増える。すなわち、「ある」「思う」を例にすれば,,「ん」「せん」「へん」の接続
Wikipedia,名古屋弁,レーコー,,|| ||【名】||アイスコーヒー。関西と共通する。最近ではほとんど使われなくなった,,語彙
Wikipedia,名古屋弁,上一段活用,,「起きる」を例とすると,,「ん」「せん」「へん」の接続
Wikipedia,名古屋弁,上記以外,,共通語でも名古屋弁でも省略不可,,「か」の省略
Wikipedia,名古屋弁,下一段活用,,「負ける」を例とすると,,「ん」「せん」「へん」の接続
Wikipedia,名古屋弁,尾高,,平板,,ピッチの下がり目
Wikipedia,名古屋弁,平板,,頭高,,ピッチの下がり目
Wikipedia,名古屋弁,書きゃあ,,"書きゃあす|| colspan=""2"" |書かっせる",,敬語
Wikipedia,名古屋弁,未然形+なか・ん,,〜なければいけない。活用は上記「〜してかん」と同じ。「かん」を省略して「〜な」と言うこともあり、この場合、形式上は「〜しなければならない」という意見の陳述だが、実質上は少し強く促す命令表現として用いることが多い,,その他
Wikipedia,名古屋弁,未然形+んなら・ん,,〜なければならない。活用は上記「〜してかん」と同じ,,その他
Wikipedia,名古屋弁,来る,,* こん,,「ん」「せん」「へん」の接続
Wikipedia,名古屋弁,疑問詞を伴う疑問文の文末,,共通語でも名古屋弁でも省略可能,,「か」の省略
Wikipedia,名古屋弁,疑問詞を伴わない疑問文の文末,,外国人に教えるような「正しい日本語」では省略不可能だが、くだけた共通語や名古屋弁では省略されることがある,,「か」の省略
Wikipedia,名古屋弁,行かない,,行けへん、行かへん||行かへん||行けせん、行きゃせん、行けへん、行かへん,,不可能
Wikipedia,名古屋弁,行けない,,行かれへん||行けへん、行かれへん||行けえせん、行けえへん,,不可能
Wikipedia,名古屋弁,行こまいか,,見よまいか||食べよまいか||しよまいか||来よまいか（こよまいか）,,その他
Wikipedia,名古屋弁,連用形+いい,,〜するのが容易である。〜しやすい。「〜やすい」と違って主体的行為を表す動詞にしか接続できない。すなわち、「壊しいい」とは言えるが「×壊れいい」とは言えない,,その他
Wikipedia,名古屋弁,（さ）んす,,ごく軽い敬意を表す。動詞の未然形に付き、五段動詞には「んす」、一段動詞には「さんす」が付く。尾張北部の農村部で使われるが、衰退しつつある。現在の名古屋市中心部では用いない,,敬語
Wikipedia,喜界島方言,b,,b || bju || d,,語幹
Wikipedia,喜界島方言,ir,,○ || iju || it,,語幹
Wikipedia,喜界島方言,k,,k || kju || tɕ,,語幹
Wikipedia,喜界島方言,ku,,sara(ba)||sari(ba)||sa||sai||saɴ||saɴ||sa||sati,,形容詞
Wikipedia,喜界島方言,m,,m || mju || d,,語幹
Wikipedia,喜界島方言,r,,○ || ju || t,,語幹
Wikipedia,喜界島方言,s,,s || su || tɕ,,語幹
Wikipedia,喜界島方言,t,,tɕ || tɕu || Qtɕ,,語幹
Wikipedia,喜界島方言,w,,○ || ju || t,,語幹
Wikipedia,喜界島方言,ŋ,,ŋ || ŋju || dʑ,,語幹
Wikipedia,喜界島方言,ɕiku,,sara(ba)||sari(ba)||sa||sai||saɴ||saɴ||sa||sati,,形容詞
Wikipedia,喜界島方言,ɪr,,○ || ɪju || ɪt,,語幹
Wikipedia,因州弁,あっとろし,,ああ恐ろしい、ああびっくりした || || 富山弁では「おっとろし」や「あいおっとろし（なんて恐ろしい）」が用いられる,,表現・語彙
Wikipedia,因州弁,えらい,,つかれた（苦しい） || 今日は暑いけぇえらいっちゃ（今日は暑いから疲れるよ） ||後述の「しんどい」より優勢的に用いられる,,表現・語彙
Wikipedia,因州弁,おおきに,,ありがとう || ||,,表現・語彙
Wikipedia,因州弁,おせ,,大人、年寄り || ||,,表現・語彙
Wikipedia,因州弁,おる,,いる || ||,,表現・語彙
Wikipedia,因州弁,ぐすい,,ゆるい || ボルトがぐすくてはまらん（ボルトがゆるくてはまらない）頭がぐすい（頭がわるい）|| よくない状態のときにつかう,,表現・語彙
Wikipedia,因州弁,げぇ（家ぇ）,,～の家 || おめぇげぇーの（おまえの家の）,,表現・語彙
Wikipedia,因州弁,さあ,,そう || さあいな（そうだね） || 同意を示す際に使う。標準語の、よくわからないことを意味する「さあ」とは、イントネーションおよび後に続く語で区別する,,表現・語彙
Wikipedia,因州弁,しわい,,かたい、手ごわい || 肉がしわい（肉が硬い）しわい問題（手ごわい問題） ||,,表現・語彙
Wikipedia,因州弁,しんどい,,つかれた（つらい） || ||,,表現・語彙
Wikipedia,因州弁,じるい,,（地面が）ぬかるんでいる || ||,,表現・語彙
Wikipedia,因州弁,せる,,あわてる、いそぐ、（時間が）進む || 何をせっとるだ（どうしてあわてているの？）時計がせっとる（時計が((実際の時間よりも))進んでいる） ||,,表現・語彙
Wikipedia,因州弁,たいぎー,,めんどくさい || ||,,表現・語彙
Wikipedia,因州弁,たばこ,,休憩 || たばこしんさい（休憩しなさい） || たばこするとはあまり言わない,,表現・語彙
Wikipedia,因州弁,だまっとれ,,黙りなさい || ||,,表現・語彙
Wikipedia,因州弁,だらず,,あほ || || 「あほう」「たわけ」「ばか」とともに使用足りない（＝足らず）が語源,,表現・語彙
Wikipedia,因州弁,つかんさい,,どうぞ～してください || || 相手にすすめるときに使う,,表現・語彙
Wikipedia,因州弁,てわやく,,手先でコソコソ遊ぶこと || てわやくやめんさい ||,,表現・語彙
Wikipedia,因州弁,とろける,,片付ける || ||,,表現・語彙
Wikipedia,因州弁,なんぼ,,いくつ（個数、年齢）、いくら（値段 || ||,,表現・語彙
Wikipedia,因州弁,ばんなりまして,,こんばんは || ||,,表現・語彙
Wikipedia,因州弁,ほんに,,本当に || || 関西などで使われる「ホンマに」と同じ意味,,表現・語彙
Wikipedia,因州弁,めぐ,,壊す || || ガ行五段活用の動詞,,表現・語彙
Wikipedia,因州弁,やる,,あげる || ||,,表現・語彙
Wikipedia,因州弁,ようけ,,たくさん || ||,,表現・語彙
Wikipedia,因州弁,よう＋動詞の否定形,,～できない || よう言わん（わ）、よう行かん（わ）、ようせん（わ） ||,,表現・語彙
Wikipedia,因州弁,わったい！,,なんてことだ！ || || |-,,表現・語彙
Wikipedia,因州弁,ドンドロケ,,カミナリ || すぐ近くにドンドロケが落ちた！ ||,,表現・語彙
Wikipedia,因州弁,ワリャ（ワ）,,お前 || ワリャ何しとるだいや！（お前は何をしてるんだ！） || 男言葉で目下に対して使う 関西のワレと同じ,,表現・語彙
Wikipedia,因州弁,～かいや,,～なさいよ || はよせんかいや（早くしなさいよ） ||,,表現・語彙
Wikipedia,因州弁,～から,,～で・・・が || 今日はどっから集会があるだ？（今日はどこで集会があるの？） ||,,表現・語彙
Wikipedia,因州弁,～がいや,,～でしょ || 見たがいや（見たでしょ） ||,,表現・語彙
Wikipedia,因州弁,～がな,,～ですよ || 知らんがな（知りませんよ） ||,,表現・語彙
Wikipedia,因州弁,～げ,,～っぽい、～そう || 綺麗げ（綺麗そう） || 方言？,,表現・語彙
Wikipedia,因州弁,～ごせぇ,,～ください || それごせぇ（それをください） してごせぇ（してください）|| 何かを頼むときに使われる。最近ではあまり使用されなくなってきているが、お年寄りを中心に東中部で使われている,,表現・語彙
Wikipedia,因州弁,～しようや,,～しようよ || 野球しようや（野球しようよ） ||,,表現・語彙
Wikipedia,因州弁,～せいや,,～しなさい || ちゃんとせいや（しっかりしなさい） ||,,表現・語彙
Wikipedia,因州弁,～ぞなぁー,,～だよねぇ || 広いぞなぁー（広いよねぇ） ||,,表現・語彙
Wikipedia,因州弁,～たがな,,～でしょ || 言ったがな（言ったでしょ） ||,,表現・語彙
Wikipedia,因州弁,～だいや,,～んだい || 何言っとっだいや（何を言っているんだい） ||,,表現・語彙
Wikipedia,因州弁,～だがな,,～でしょ || 自分の番だがな（自分の番ですよ） ||,,表現・語彙
Wikipedia,因州弁,～だけぇー,,～だから || || 他に、～やけぇー、～じゃけぇー、～だけぇなー,,表現・語彙
Wikipedia,因州弁,～だっちゅーの,,～なんだよ || || |-,,表現・語彙
Wikipedia,因州弁,～だで,,～だよ || そうだで（そうだよ） || 「いこうや」「しようや」が「いこうで」「やろうで」に置き換えられる,,表現・語彙
Wikipedia,因州弁,～っちゃ,,！ || いやだっちゃ（いやだ！） || 語尾に付けて強意として使われるが、ただ単に語尾表現として使われている,,表現・語彙
Wikipedia,因州弁,～なった,,～された || ～しとんなったで（～しておられたよ） || 尊敬語として使われる,,表現・語彙
Wikipedia,因州弁,～なー,,～ですね || たいぎーなー（めんどくさいですね） ||,,表現・語彙
Wikipedia,因州弁,～へん、せん,,～ない || そんなことすりゃーヘン（セン）！ （そんなことしません） || 関西弁のヘンと同じ,,表現・語彙
Wikipedia,因州弁,～んさい,,～しなさい || はようしんさい（早くしなさい）、やりんさい（やりなさい） ||,,表現・語彙
Wikipedia,因州弁,～んさった。なった,,～された || ～しとんさったで（～しておられたよ） || 尊敬語として使われる,,表現・語彙
Wikipedia,因州弁,～ワイ（ヤ）,,～わ！ || 知らんワイ（ヤ）！ やかましいワイ（ヤ）！ || 強く否定するときに使う,,表現・語彙
JMdict,土佐,いごっそう,,,stubborn person; strong-minded person,
JMdict,土佐,いぬる,,,to return; to come home,
JMdict,土佐,が,,,"partial equivalent of the ""no"" particle in standard Japanese",
JMdict,土佐,き,,,because; since,
JMdict,土佐,ぜよ,,,"indicates emphasis, intention, etc.",
JMdict,土佐,はちきん,,,strong independent Japanese woman from the Kochi area,
JMdict,土佐,まっこと,,,really; truly,
JMdict,土佐,やりこい,,,soft; tender,
Wikipedia,垂井式アクセント,H○,,○ || ○ || ○,,名詞
Wikipedia,垂井式アクセント,H○○,,○○ || ○○ || ○○ || ○○,,名詞
Wikipedia,垂井式アクセント,L○,,○ || ||,,名詞
Wikipedia,垂井式アクセント,L○○,,○○ || ○○ || ○ || ○,,名詞
Wikipedia,埼玉弁,あさっぱら,,【名詞】早朝、朝早く,,あ行
Wikipedia,埼玉弁,あしっぺた,,【名詞】足の裏,,あ行
Wikipedia,埼玉弁,あれっち,,【形容詞】少しだけ,,あ行
Wikipedia,埼玉弁,いいあんばい（いい塩梅）,,【形容詞】ちょうどいい,,あ行
Wikipedia,埼玉弁,いごく,,【動詞】動く,,あ行
Wikipedia,埼玉弁,いびる,,【動詞】炒める、いじめる,,あ行
Wikipedia,埼玉弁,いましがた,,【名詞】さっき,,あ行
Wikipedia,埼玉弁,いまちょっと,,【形容詞】もう少し,,あ行
Wikipedia,埼玉弁,うっちゃる,,【動詞】捨てる,,あ行
Wikipedia,埼玉弁,うでる,,【動詞】茹でる,,あ行
Wikipedia,埼玉弁,うら,,【名詞】後ろ、背中,,あ行
Wikipedia,埼玉弁,うわっぱり,,【名詞】上着,,あ行
Wikipedia,埼玉弁,おかって,,【名詞】台所,,あ行
Wikipedia,埼玉弁,おさまえる,,【動詞】押さえる,,あ行
Wikipedia,埼玉弁,おっかく,,【動詞】折り曲げる、折る,,あ行
Wikipedia,埼玉弁,おっこむ,,【動詞】（洗濯物を）取り込む,,あ行
Wikipedia,埼玉弁,おったまげる,,【動詞】すごく驚く,,あ行
Wikipedia,埼玉弁,おっぴろげる,,【動詞】開く,,あ行
Wikipedia,埼玉弁,おっぺす,,【動詞】押す、圧し潰す,,あ行
Wikipedia,埼玉弁,おっぽる,,【動詞】捨てる、投げる,,あ行
Wikipedia,埼玉弁,かくねる,,【動詞】隠れる,,か行
Wikipedia,埼玉弁,かたす,,【動詞】片付ける。西関東方言の代表的な語彙で、比較的若年層でも使用される,,か行
Wikipedia,埼玉弁,かっぱぐ,,【動詞】はがす、削る,,か行
Wikipedia,埼玉弁,かんます,,【動詞】掻き回す,,か行
Wikipedia,埼玉弁,がまげえろ,,【名詞】がまがえる,,あ行
Wikipedia,埼玉弁,きやっせ,,【感動詞】いらっしゃい。利根地域の表現（例：キヤッセ羽生）,,か行
Wikipedia,埼玉弁,けつまずく,,【動詞】転ぶ、転倒する,,か行
Wikipedia,埼玉弁,こうもり,,【名詞】傘,,か行
Wikipedia,埼玉弁,こそっぱい、こそばいい,,【形容詞】くすぐったい,,か行
Wikipedia,埼玉弁,こわい,,【形容詞】硬い、噛み切れない,,か行
Wikipedia,埼玉弁,さくい,,【形容詞】（性格が）気さく,,さ行
Wikipedia,埼玉弁,さっぽる,,【動詞】放置する,,さ行
Wikipedia,埼玉弁,しょっぺい,,【形容詞】塩気が濃い,,さ行
Wikipedia,埼玉弁,するどい,,【形容詞】勘が良い,,さ行
Wikipedia,埼玉弁,そんで,,【接続詞】そして,,さ行
Wikipedia,埼玉弁,たかる,,【形容動詞】（虫が）とまる、（他人の金、物等に対して）ねだる、せびる、せがむ、群がる、集まる,,た行
Wikipedia,埼玉弁,たまげる,,【動詞】驚く,,あ行
Wikipedia,埼玉弁,ため,,【名詞】溜める、たまるようにする集めてためるようにする,,た行
Wikipedia,埼玉弁,ちっと,,【形容詞】少し、ちょっと,,た行
Wikipedia,埼玉弁,つぐひ,,【名詞】翌日,,た行
Wikipedia,埼玉弁,つぐむ,,【動詞】しゃがむ,,た行
Wikipedia,埼玉弁,つのっとい,,【形容詞】とがっている、先端が鋭い,,た行
Wikipedia,埼玉弁,てんで,,【副詞】全く,,た行
Wikipedia,埼玉弁,でれすけ,,【名詞】なまけもの、ばかもの,,た行
Wikipedia,埼玉弁,とばぐち,,【名詞】玄関、入り口,,た行
Wikipedia,埼玉弁,なす,,【動詞】返す、戻す,,な行
Wikipedia,埼玉弁,なびる,,【動詞】付け加える、こすりつける,,な行
Wikipedia,埼玉弁,ぬくとい,,【形容詞】温かい、暖かい,,な行
Wikipedia,埼玉弁,は〜,,【副詞】もう（暖かい）、あゝ,,は行
Wikipedia,埼玉弁,ほっぽりだす,,【動詞】捨てる、投げる,,は行
Wikipedia,埼玉弁,ほっぽる,,【動詞】捨てる、投げる,,は行
Wikipedia,埼玉弁,まっつぐ,,【形容詞】まっすぐ,,ま行
Wikipedia,多摩弁,〜じゃん,,〜ではないか。甲州弁由来の表現,,表現
Wikipedia,多摩弁,あによ あんだって,,何よ。何だって。「何」の「な」は「あ」に転訛しやすい。「な」が「あ」と発音されることは多摩・区部全域で発音される傾向にある,,表現
Wikipedia,多摩弁,あるってく,,歩いて行く。JR東日本のATM「ビューアルッテ」はここからとられている,,表現
Wikipedia,多摩弁,あんよ,,あるよ。多摩弁では全般的に語中の「る」は「ん」に転訛しやすい,,表現
Wikipedia,多摩弁,えんでる,,茶碗などにヒビが入っていることを「えむ」と言う,,表現
Wikipedia,多摩弁,おかっこま,,正座。特に小さい子供などが、澄まして座っている様子をいう,,表現
Wikipedia,多摩弁,おこじゅー,,おやつ。午後3時頃の間食,,表現
Wikipedia,多摩弁,おっぺす,,押す,,表現
Wikipedia,多摩弁,がめる,,疲れる,,表現
Wikipedia,多摩弁,こわい,,硬い,,表現
Wikipedia,多摩弁,だぁよ,,である。だよ,,表現
Wikipedia,多摩弁,ちっとんべ,,少しだけ,,表現
Wikipedia,多摩弁,ちゃける,,壊れる,,表現
Wikipedia,多摩弁,どどめ,,桑の実,,表現
Wikipedia,多摩弁,はけ,,崖（がけ）,,表現
Wikipedia,多摩弁,へつる,,少しだけ減らす、削る,,表現
Wikipedia,多摩弁,まっかちん,,アメリカザリガニ。色が真っ赤であったことからで、主に南多摩で使われる,,表現
Wikipedia,多摩弁,まっと,,もっと,,表現
Wikipedia,多摩弁,パチ,,嘘っぱち。東京都区部でも使用されることがある,,表現
Wikipedia,多摩弁,七面倒くさい,,しちめんどくさいと読む。面倒くさいの意。略して「しちめんどい」と言う場合もある,,表現
Wikipedia,多摩弁,落っこちる,,落ちる,,表現
Wikipedia,大分弁,る,,古語||れ||れ||る||るる||るれ||れよ,,動詞
Wikipedia,大分弁,イ音便,,#サ行五段活用動詞の連用形：イ音便※ 例：「差した」→「サイタ」、「貸した」→「カイタ」,,音便
Wikipedia,大分弁,ウ音便,,#ワ行五段活用動詞の連用形：ウ音便 例：「オモータ」（思った）、「ソロータ」（揃った）,,音便
Wikipedia,大分弁,古語,,-な||-に||-ぬ||-ぬる||-ぬれ||-ね,,動詞
Wikipedia,大分弁,大分弁,,-な||-に||-ぬる||-ぬる||-ぬら||-ね・によ,,動詞
Wikipedia,大分弁,寒（さむ）い,,大分弁||さむかろ-う||さむかっ-た、さむう-なる||さむい||さむい-とき||さむけり-ゃー/さむかり-ゃー,,形容詞
Wikipedia,大分弁,見（み）ゆ,,古語||-え||-え||-ゆ||-ゆる||-ゆれ||-えよ,,動詞
Wikipedia,大分弁,静（しず）か,,大分弁||しずかじゃろ-う、||しずかじゃっ-た、しずかに-なる、しずかで-あります||しずか-じゃ、しずか-な||しずかな-とき||しずかなり-ゃ（しずかなら）,,形容動詞
JMdict,大阪,いちびり,,,prankster; joker,
JMdict,大阪,いやこと,嫌事,,unpleasant comment; (saying) something disagreeable,
JMdict,大阪,うそやん,,,You're kidding!,
JMdict,大阪,うっとい,,,irritating; troublesome; gloomy (e.g. mood); depressing; heavy (weather); cloudy,
JMdict,大阪,うまいな,うまい菜,,Swiss chard,
JMdict,大阪,ええかげん,ええ加減,,irresponsible; perfunctory; lukewarm; half-baked; (already) enough; considerably; quite,
JMdict,大阪,ええかげんにしいや,ええ加減にしいや,,shape up!; act properly!,
JMdict,大阪,えんりょのかたまり,遠慮の塊,,the last remaining piece (which people are reluctant to take for themselves),
JMdict,大阪,おどれ,己,,you,
JMdict,大阪,おなかピーピー,お腹ピーピー,,weak stomach; non-stop diarrhea,
JMdict,大阪,おめでとさん,,,congratulations!,
JMdict,大阪,おもっくそ,,,with all one's strength; with all one's heart,
JMdict,大阪,おやっさん,,,father; dad; old man,
JMdict,大阪,からけし,,,charcoal,
JMdict,大阪,ごっつ,,,very much; extremely,
JMdict,大阪,さよか,,,really?,
JMdict,大阪,ざつい,雑い,,coarse; crude,
JMdict,大阪,ざんない,慚無い,,painful to watch; pitiful,
JMdict,大阪,しらんがな,知らんがな,,how should I know?; don't ask me,
JMdict,大阪,ずっこい,,,sly; cunning,
JMdict,大阪,せやかて,,,but; even so,
JMdict,大阪,ちゃうちゃう,,,"that's not true!; no, no",
JMdict,大阪,ちゃっちい,,,cheap; rubbishy,
JMdict,大阪,でっせ,,,I assure you it is,
JMdict,大阪,どないしたん,,,what's the matter?,
JMdict,大阪,なかだちかいいん,仲立会員,,stock exchange member who facilitates trading by matching buy and sell orders (similar to an NYSE sp,
JMdict,大阪,なはれ,,,do ...,
JMdict,大阪,なんもかんも,,,anything and everything; just about everything,
JMdict,大阪,はげちゃびん,禿げ茶瓶,,bald head; balding head,
JMdict,大阪,はま,浜,,beach; seashore; captured pieces; captured stones; Yokohama; riverbank; riverside,
JMdict,大阪,ばば,糞,,shit; crap; pooh-pooh; poop,
JMdict,大阪,へんこ,偏固,,obstinate; stubborn,
JMdict,大阪,べったん,,,menko; children's game in which thick circular or rectangular cards are slapped down on the ground t,
JMdict,大阪,べべ,,,clothes; female genitals; vagina; calf; last (on the list); (at the) bottom,
JMdict,大阪,まう,,,to finish ...; to do ... completely,
JMdict,大阪,まるまま,丸まま,,in its entirety; whole,
JMdict,大阪,まんねん,,,it is assuredly that ...,
JMdict,大阪,まんまんちゃん,,,Amitabha Buddha,
JMdict,大阪,もうかりまっか,儲かりまっか,,Are you making money?,
JMdict,大阪,もた,,,having done ... by mistake; having messed up ...,
JMdict,大阪,ものごっつ,,,extremely; very,
JMdict,大阪,やあらへん,,,is not; am not,
JMdict,大阪,やんけ,,,isn't it; right?,
JMdict,大阪,やんぴ,,,I quit!; I'm out!; nth person to quit a game,
JMdict,大阪,やーさん,,,yakuza; gangster,
JMdict,大阪,ようおこし,,,welcome,
JMdict,大阪,よろしゅう,宜しゅう,,best regards; please remember me,
JMdict,大阪,わちゃわちゃ,,,chattering; chit-chat,
JMdict,大阪,カシコ,,,intelligent person; intellectual,
JMdict,大阪,バッチシ,,,perfectly; right on the mark; enough; sufficiently,
JMdict,大阪,パチる,,,to steal; to shoplift; to play pachinko,
JMdict,大阪,パチキ,,,headbutt,
JMdict,大阪,ヘレ,,,fillet; tenderloin,
JMdict,大阪,ヘレにく,ヘレ肉,,fillet; tenderloin,
JMdict,大阪,ポリさん,,,policeman; police,
Wikipedia,大阪弁 (前田勇),「大寒、小寒」の故郷,,アーてれくさ―形容詞の感動詞化,,目次
Wikipedia,大阪弁 (前田勇),あくたいぐち（悪態口）,,ののしりの「ど」―ほめ言葉に昇格,,目次
Wikipedia,大阪弁 (前田勇),上品にいいたい女ごころ,,「はる」礼讃―敬語表現 / お豆さん―新型の丁寧語 / 「やる」言葉―親愛の情こめる,,目次
Wikipedia,大阪弁 (前田勇),京へ筑紫に坂東さ,,大阪弁も「へ」を偏重―柔軟性ここにあり,,目次
Wikipedia,大阪弁 (前田勇),命令の四角関係,,「長生きしィや」―命令表現 / 「言うな」と「言いな」―禁止の二段構え,,目次
Wikipedia,大阪弁 (前田勇),大阪のしゃれ言葉,,“江戸”をしのぐシャレ好き―漫才のメッカ / ナゾ式のシャレ―長い歴史を背景に,,目次
Wikipedia,大阪弁 (前田勇),歯抜けの現象,,文字では読みづらい―助詞の省略,,目次
Wikipedia,大阪弁 (前田勇),現代文学の大阪弁,,（一）鱧の皮 / （二）大阪,,目次
Wikipedia,大阪弁 (前田勇),積極的な想像力,,「よう言わんわ」の世界―不可能表現,,目次
Wikipedia,大阪弁 (前田勇),道草を食う表現,,大阪さかいが意味するもの―助詞の多音性 / 「ん」と「へん」のせり合い―否定表現 / 「たら」の完勝―仮定表現 / 「やろ」の横行―推量表現 / 非能率性と非論理性,,目次
Wikipedia,奄美大島方言,/ha/,,/hi/||/hu/||/hwï//hwë//hi/||/hu/,,日本語との対応
Wikipedia,奄美大島方言,/ja/,,|| /ju/ || || /ju//jo/,,日本語との対応
Wikipedia,奄美大島方言,/ka/,,/kʔi/ || /kʔu//ku/ || /kï/ || /ku//ko/,,日本語との対応
Wikipedia,奄美大島方言,/ma/,,/mi/||/mu/||/mï/||/mu//mo/,,日本語との対応
Wikipedia,奄美大島方言,/na/,,/ni/||/nu/||/nï//ni/||/nu//no/,,日本語との対応
Wikipedia,奄美大島方言,/ra/,,/ri//r/||/ru/||/rï//rë//re/||/ru/,,日本語との対応
Wikipedia,奄美大島方言,/sa/,,/si/||/sï//si//su/ || /sï/ /si/ ||/su/,,日本語との対応
Wikipedia,奄美大島方言,/wa/,,/i/|| || /i//e/ || /u/,,日本語との対応
Wikipedia,奄美大島方言,sï,,ʃi||sï||sï||su||su,,日本語との対応
Wikipedia,奄美大島方言,tï,,tï||tï||tɪti||ti||tï,,日本語との対応
Wikipedia,奄美大島方言,ʃi,,ʃi||ʃi||ʃi||ʃi||ʃi,,日本語との対応
Wikipedia,奄美大島方言,カ,,キ||ク||ケ||コ,,日本語との対応
Wikipedia,奄美大島方言,サ,,シ||ス||セ||ソ,,日本語との対応
Wikipedia,奄美大島方言,タ,,チ||ツ||テ||ト,,日本語との対応
Wikipedia,奄美大島方言,ナ,,ニ||ヌ||ネ||ノ,,日本語との対応
Wikipedia,奄美大島方言,ハ,,ヒ||フ||ヘ||ホ,,日本語との対応
Wikipedia,奄美大島方言,マ,,ミ||ム||メ||モ,,日本語との対応
Wikipedia,奄美大島方言,ヤ,,||ユ|| ||ヨ,,日本語との対応
Wikipedia,奄美大島方言,ラ,,リ||ル||レ||ロ,,日本語との対応
Wikipedia,奄美大島方言,ワ,,ヰ|| ||ヱ||ヲ,,日本語との対応
Wikipedia,奄美語,ba（条件）,,najur（なる）du（ぞ）||ba（条件）||||||||||m（も）si（で）tu（と）||,,形容詞
Wikipedia,奄美語,hakkaː,,hakka||hakki||hakki||hakku||hakki||hakku||hakkimuhakkin||hakkinuhakkin||hakkiru||hakkira||hakki||hattʃi,,動詞
Wikipedia,奄美語,kakoː,,kaka||kak||kak||kak||kaki||kak||kakjur||kakjum||kakjun||kakjur||kakju||katʃi,,動詞
Wikipedia,奄美語,nakaN,,nakoo || nakjuri || nakjuN || nakjuN || nak || nakuna,,動詞
Wikipedia,奄美語,nakam,,nakoo || nakjur || nakjum || nakjuN || nak || nakuna,,動詞
Wikipedia,奄美語,tahasara,,tahak||tahasar||tahasar||tahasam||tahasan||tahasar||tahasa||tahasat,,形容詞
Wikipedia,奄美語,taːku,,taːhari||taːhan||taːhan||taːharu||taːha||taːhati||taːhatika,,形容詞
Wikipedia,奈良弁,使役,,五段・サ変に「-す」、それ以外に「-やす」を用いる。（例）食べやす（食べさせる）,,主な表現
Wikipedia,奈良弁,助詞,,格助詞「が」「を」「と」や係助詞「は」が省略されやすく、引用の「と」は「という→ちゅ」と融合したり、「て」に置き換わったりする,,主な表現
Wikipedia,奈良弁,打消推量・意志,,「あこまい（駄目だろう）」などと言うが、高齢層以外では「あかんやろ／あかへんやろ」のように「-やろ」で代用する,,主な表現
Wikipedia,奥吉野方言,あり,,なし,,概要・区画
Wikipedia,奥吉野方言,なし,,あり,,概要・区画
Wikipedia,奥吉野方言,や,,じゃ、だ,,概要・区画
Wikipedia,奥吉野方言,京阪式,,東京式,,概要・区画
Wikipedia,奥吉野方言,使役,,五段・サ変に「-す」、それ以外に「-さす」を用いる。十津川村では二段活用を残す。（例）食べさす／食べさする（食べさせる）,,主な表現
Wikipedia,奥吉野方言,助詞,,「を」の省略は起こりにくく、また「は」は「杖は→杖あ」「バスは来たか→バスや来たか」のように「あ」や「や」に変化する傾向がある,,主な表現
Wikipedia,奥吉野方言,打消推量・意志,,「-まい」をよく用い、「書こうまい」「泣かまい」「せまい・来やしまい」の3通りの接続がある,,主な表現
Wikipedia,奥吉野方言,断定,,「じゃ」または「だ」を用いる（「じゃ」の方が優勢）,,主な表現
Wikipedia,奥吉野方言,稀,,あり,,概要・区画
Wikipedia,奥吉野方言,複雑,,助詞待遇のみ,,概要・区画
Wikipedia,奥吉野方言,降ったやろ,,降っつろお,,概要・区画
Wikipedia,宮古語,/a/,,//||/u/||/i/||/u/,,日本語との対応
Wikipedia,宮古語,/ba/,,/b/ || /V/ || /bi/ || /bu/,,各行の対応関係
Wikipedia,宮古語,/da/,,/z/||/z/||/di/|| /du/,,各行の対応関係
Wikipedia,宮古語,/ga/,,/g/ ||/gu/||/gi/||/gu/,,各行の対応関係
Wikipedia,宮古語,/ja/,,||/ju/ || || /ju/,,各行の対応関係
Wikipedia,宮古語,/ka/,,"/k/,/c/||/fu/||/ki/||/ku/",,各行の対応関係
Wikipedia,宮古語,/ma/,,/m/ /M/|| /mu/ || /mi/ || /mu/,,各行の対応関係
Wikipedia,宮古語,/na/,,/ni/ || /nu/ || /ni/ || /nu/,,各行の対応関係
Wikipedia,宮古語,/pa/,,/p/ || /fu/ || /pi/ || /pu/,,各行の対応関係
Wikipedia,宮古語,/ra/,,// || /ru/ || /ri/ || /ru/,,各行の対応関係
Wikipedia,宮古語,/sa/,,/s/ ||/s/||/si/||/su/,,各行の対応関係
Wikipedia,宮古語,/ta/,,/c/ || /c/ || /ti/ || /tu/,,各行の対応関係
Wikipedia,宮古語,/za/,,/z/ ||/z/||/zi/||/zu/,,各行の対応関係
Wikipedia,宮古語,ba,,tai（過去）||ba||takaː||||||,,形容詞
Wikipedia,宮古語,baraː,,baraː||barai(ba)||barai||baroː||baroː||baroːm||baroː||baroː(tskaː)||barai(tti)||koː(買う)、foː(食う),,動詞
Wikipedia,宮古語,juma,,juma||jumi(ba)||jumi||jum||jum||jum||jum||jum(tskaː)||jumi(tti),,動詞
Wikipedia,宮古語,kaka,,"kaka||style=""text-align:center""|‐||kaki||kaki||kaki||style=""text-align:center""|‐||kaki||kaki(takaː)||kakiː",,地域差
Wikipedia,宮古語,kaʔa,,"kaʔa||kaki(ba)||kaki||kafu||kafu||style=""text-align:center""|‐||kafu||kafu(tigaː)||kattʃi",,地域差
Wikipedia,宮古語,takafu,,takakari||takaka||takaka||takakam||takaka||takakari,,形容詞
Wikipedia,宮古語,takaʃaːra,,takaʃaː||takaʃaːi||takaʃaːi||takaʃaːi||takaʃaːi||takaʃaː,,形容詞
Wikipedia,宮古語,umaː,,umaː||umui(ba)||umui||umuː||umuː||umuːm||umuː||umuː(tskaː)||umui(tti)||,,動詞
Wikipedia,宮古語,uti,,"uti||style=""text-align:center""|‐||utiru||uti||utiː||style=""text-align:center""|‐||uti||uti(ttaː)||utiː",,地域差
Wikipedia,宮古語,uto,,"utu||utiru(ba)||utiro||utiː||uti||style=""text-align:center""|‐||uti||uti(kkaː)||uti(tti)",,地域差
Wikipedia,宮古語,utu,,"uti||utiri(ba)||utiru||uti||uti||style=""text-align:center""|‐||uti||uti(tigaː)||utiː",,地域差
Wikipedia,宮古語,ア,,イ||ウ||エ||オ,,日本語との対応
Wikipedia,宮古語,カ,,キ||ク||ケ||コ,,各行の対応関係
Wikipedia,宮古語,ガ,,ギ||グ||ゲ||ゴ,,各行の対応関係
Wikipedia,宮古語,サ,,シ||ス||セ||ソ,,各行の対応関係
Wikipedia,宮古語,ザ,,ジ||ズ||ゼ||ゾ,,各行の対応関係
Wikipedia,宮古語,タ,,チ||ツ||テ||ト,,各行の対応関係
Wikipedia,宮古語,ダ,,ヂ||ヅ||デ||ド,,各行の対応関係
Wikipedia,宮古語,ナ,,ニ||ヌ||ネ||ノ,,各行の対応関係
Wikipedia,宮古語,ハ,,ヒ||フ||ヘ||ホ,,各行の対応関係
Wikipedia,宮古語,バ,,ビ||ブ||べ||ボ,,各行の対応関係
Wikipedia,宮古語,マ,,ミ||ム||メ||モ,,各行の対応関係
Wikipedia,宮古語,ヤ,,||ユ|| ||ヨ,,各行の対応関係
Wikipedia,宮古語,ラ,,リ||ル||レ||ロ,,各行の対応関係
Wikipedia,宮古語,ワ,,ヰ|| ||ヱ||ヲ,,各行の対応関係
Wikipedia,宮崎弁,「〜じゃひか?」,,「〜ですか?」と言う意味である。主に県西地方（えびの市など）で使用されている,,語彙
Wikipedia,宮崎弁,「いー」「いりっ」など,,感嘆詞。水や泥などが体にかかったときに反射的に発する言葉,,語彙
Wikipedia,宮崎弁,「おじい」,,「怖い」「恐ろしい」と言う意味である。「怖気(おじけ)づく」と同じ語源でる,,語彙
Wikipedia,宮崎弁,「しんきねー」,,「いらいらする」と言う意味である,,語彙
Wikipedia,宮崎弁,「どんげか〜」,,「どうにか〜」と言う意味である。宮崎市等県央周辺で使われる。東国原英夫が多用した諸県弁の「どげんか～」と同意である,,語彙
Wikipedia,宮崎弁,「のさん」,,「辛い」という意味。また嫌いという意味でも使用される,,語彙
Wikipedia,宮崎弁,「はげらしい」,,「忌々しい」「悔しい」という意味である,,語彙
Wikipedia,宮崎弁,「ひん〜」「ひっ〜」,,「とても」の意の接頭詞,,語彙
Wikipedia,宮崎弁,「んど」,,感嘆詞。前項からの派生,,語彙
Wikipedia,富山弁,あ,,「あれ」の意,,代名詞
Wikipedia,富山弁,あたる,,「もらう」の意。主語は人ではなく物になるため(英語でいうinanimate subject(無生物主語))、「〜があたる」は「〜をもらう」の意。標準語の「あたる」とは違うので注意,,動詞
Wikipedia,富山弁,あやまち,,「怪我」の意。「あやまち医者」といえば、施術所（接骨院など）のことを指す,,名詞
Wikipedia,富山弁,いくそる,,「驚く」の意,,動詞
Wikipedia,富山弁,いじくらしい,,「うっとうしい」「面倒くさい」のような意味。面倒なことや自分の思い通りにならないことがあるときに使う。標準語では表現しにくい微妙な意味合いがある。「はがやしい」も類義語だが、微妙に異なる。金沢弁では「いじっかしい」と言う,,形容詞
Wikipedia,富山弁,うしなかす、うしなける,,「失くす」「紛失する」の意,,動詞
Wikipedia,富山弁,おつくわい,,「正座」の意,,名詞
Wikipedia,富山弁,おわ・おら,,男性語の一人称「おれ」の意味。特に「おわ」は高岡市・射水市・氷見市の呉西北部で多用,,代名詞
Wikipedia,富山弁,かいこ、かいこと、かえこと,,「交換」の意。「解雇」「蚕（カイコガ）」の意味ではない点に注意,,名詞
Wikipedia,富山弁,かたい(賢い),,「賢い」「礼儀正しい」「行儀がいい」の意。主に子供に対して用いる,,形容詞
Wikipedia,富山弁,かたがる,,「傾く」の意。他動詞「かたげる」で「傾ける」の意になる,,動詞
Wikipedia,富山弁,かちゃかちゃ,,「めちゃくちゃ」な状態の意。事柄についても言われる,,形容動詞
Wikipedia,富山弁,かつかる,,「ぶつかる」の意。他動詞「かつける」で「ぶつける」の意になる,,動詞
Wikipedia,富山弁,か・こ,,「これ」の意,,代名詞
Wikipedia,富山弁,きときと,,「新鮮、生き生きとした、活気がある」の意。「きときとな魚」や「きときと市場」など、魚介類の売り場での成句によく使われる。富山県を舞台にした映画『キトキト!』の題名に使われるなど、富山の方言として知られる言葉だが、金沢でも使われる,,形容動詞
Wikipedia,富山弁,げっと,,「ビリ」「最下位」の意味。名古屋弁での「ドベ」と同じ。英語の「get」ではないので注意,,名詞
Wikipedia,富山弁,こちょがしい、こちょわしい,,「くすぐったい」の意,,形容詞
Wikipedia,富山弁,こちょがす、こちょわす,,「くすぐる」の意,,動詞
Wikipedia,富山弁,しょわしない,,「せわしない」「落ち着きがない」などの意。主に子供に対して用いる,,形容詞
Wikipedia,富山弁,そ,,「それ」の意,,代名詞
Wikipedia,富山弁,そぼれる,,「驚く」の意,,動詞
Wikipedia,富山弁,だやい,,「だるい」「かったるい」「面倒くさい」の意。身体的、精神的両面での疲れを表現する言葉。標準語では表現しにくい微妙な意味合いがある,,形容詞
Wikipedia,富山弁,ちんとする,,「じっとする」「おとなしくする」の意,,動詞
Wikipedia,富山弁,つくつく,,「尖った」の意,,形容動詞
Wikipedia,富山弁,でかいと,,「たくさん」の意。微妙な違いとしては英語でいうmanyやmuchに相当する(しばしば大きさの違いも補う)。「でかい」は「大きい」の意味だが、「と」がつくと副詞の「たくさん」の意味になる。以下の例は、人ごみに驚いたときの常套句である,,副詞
Wikipedia,富山弁,どすめろ,,「どす」は「どす黒い」などと同じく濁ったような様子を表す接頭語、「めろ」は女性蔑視的な表現である「女郎（めろう）」が転じたものである。罵倒や侮蔑の意味が強く、感覚的には俗語に近く、公的な場面ではまず使われることはない,,名詞
Wikipedia,富山弁,なーん,,「まったく」「全然」の意。「何にも」が転訛したもの。「いいえ」の意味の感動詞的用法(後述)もある,,副詞
Wikipedia,富山弁,ねね,,「赤ちゃん」「子供」の意,,名詞
Wikipedia,富山弁,ねまる,,「座る」の意,,動詞
Wikipedia,富山弁,はいる,,以下の例のような用法の場合においては「（テレビやラジオの番組が）放送される・放映される」の意であり、「電波が受信できる・できない」の意味ではない,,動詞
Wikipedia,富山弁,はがやしい,,「はがゆい」「うっとうしい」のような意味。自分の思い通りにならないときなどに使う。標準語では表現しにくい微妙な意味合いがある。「いじくらしい」も同義語だが、やや違いがある。金沢弁では「はんげー」となる,,形容詞
Wikipedia,富山弁,はしかい,,「賢い」の意,,形容詞
Wikipedia,富山弁,まいどはや,,「こんにちは」「ごめんください」の意。富山市の自治体が運営するバスや和菓子会社月世界本舗の製造する菓子の名前になっている。上記の「気の毒な」と同じく、公的な場面でも用いられる,,感動詞
Wikipedia,富山弁,またいする,,「しまう」「片づける」の意,,動詞
Wikipedia,富山弁,まっで,,「まるで」「とても」「すごく」の意,,副詞
Wikipedia,富山弁,やっとかっと,,「やっとのことで」「どうにかこうにか」の意,,副詞
Wikipedia,富山弁,やわやわ,,「ゆっくり」の意。変化をして、「と」を付け加えた「やわやわと」も使われる,,副詞
Wikipedia,富山弁,わやく、ばやく,,「ぐちゃぐちゃ」「整理されていない」の意。「わやわや」「ばやばや」とも,,形容動詞
Wikipedia,富山弁,わ・わら,,古語とされる一人称。二人称にも多用し、その際は濁音で「わ゛(ば)」となる,,代名詞
Wikipedia,富山弁,サ行五段動詞のイ音便,,サ行五段動詞の連用形の「し」が「い」になりやすい,,その他
Wikipedia,富山弁,支えん（つかえん）,,「差し支えない」「構わない」の意。大阪弁の「かまへん」に近い。「使えない」の意の「使えん」と同音のため注意が必要であるが、こちらは｢使（つこ）われん｣と区別することも多い,,形容詞
Wikipedia,富山弁,断定の助動詞「や」のイ音便,,断定の助動詞「や」に終助詞がつくとき、「や」が「い」になりやすい,,その他
Wikipedia,富山弁,気の毒な（きのどくな）,,「ありがとう」の意。文字通り「お気の毒に」という意味にもなりうる。公的な場面でも用いられる成句である,,感動詞
Wikipedia,富山弁,部落（ぶらく）,,「集落」「町内会」の意。北陸地方では江戸時代の被差別部落が風化しているため差別的な意味合いはなく、誤解に注意が必要である。現在では高齢の人しか使わない言葉である,,名詞
Wikipedia,小笠原方言,-がら,,助詞 || -の分、-のために || 八丈方言では取り分や利益の意味のみ有していたが、小笠原方言ではこれに加えて目的を表すのにも用いられる,,現代
Wikipedia,小笠原方言,-だじゃ,,文末詞 || -だな ||,,現代
Wikipedia,小笠原方言,-れ・-しれ,,動詞命令形 || -ろ・-しろ || 北奥羽方言か九州方言が由来,,現代
Wikipedia,小笠原方言,-んなか,,助動詞 || -ない || 書きんなか（書かない）,,明治時代から終戦まで
Wikipedia,小笠原方言,あがりやれ,,感動詞 || いらっしゃい || 八丈方言では「おじゃりやれ」,,明治時代から終戦まで
Wikipedia,小笠原方言,あつい,,形容詞 || からい || 英語のhotが由来,,明治時代から終戦まで
Wikipedia,小笠原方言,いっち,,副詞 || 一番、最も ||,,明治時代から終戦まで
Wikipedia,小笠原方言,えずい,,形容詞 || 気持ち悪い || 違和感や着心地の悪さを表す。八丈方言由来だが北奥羽方言でも同様の単語がある。「身の毛がよだつほど恐ろしい」という意味の古語「えずい」が語源とされ土佐弁と博多弁などに伝わっている,,現代
Wikipedia,小笠原方言,おとつい・おどつい,,名詞 || 一昨日 || 西日本方言由来,,明治時代から終戦まで
Wikipedia,小笠原方言,かんも,,名詞 || サツマイモ || 甘藷芋,,明治時代から終戦まで
Wikipedia,小笠原方言,たらがる,,動詞 || 横になる || 八丈方言では「（地面などに楽に）座る」の意味,,現代
Wikipedia,小笠原方言,でいちけへびろ,,形容詞連体形 || 新しい着物 || でいちけ（新しい）＋へびろ（着物）,,明治時代から終戦まで
Wikipedia,小笠原方言,なむら,,名詞 || 群れ、集団 || 八丈方言では魚群のみを表す,,現代
Wikipedia,小笠原方言,ひざまずく,,動詞 || 正座する ||,,現代
Wikipedia,小笠原方言,ぶっこちる,,動詞 || 落ちる || 八丈方言では「ぶっこてる」,,現代
Wikipedia,小笠原方言,ほがす,,動詞 || 散らかす || ダニエル・ロングによれば、上記「ほげる」の意味が変容した結果、本来の他動詞としての意味を表すために新たに小笠原で誕生した表現とされる,,現代
Wikipedia,小笠原方言,ほげる,,動詞 || 散らかる、散らかす || 八丈方言では「散らかす」という意味のみ有していたが、小笠原方言では特にネイビー世代において「散らかる」という意味に変容している,,現代
Wikipedia,小笠原方言,まぐれる,,動詞 || 笑い転げる || 八丈方言では「猛烈な痛みを感じる」の意味,,現代
Wikipedia,小笠原方言,めならべ,,名詞 || 娘 ||,,明治時代から終戦まで
Wikipedia,小笠原方言,もよくる,,動詞 || 段取りをする ||,,明治時代から終戦まで
Wikipedia,小笠原方言,よっぴいて,,副詞 || 徹夜で、一晩中 || 古語。関東方言か長野・山梨・静岡方言が由来,,明治時代から終戦まで
Wikipedia,小笠原方言,よん,,助詞 || を || 釘よんひん曲げた（釘を曲げた）,,明治時代から終戦まで
Wikipedia,小笠原方言,アカバ,,名詞 || アカハタ ||,,現代
Wikipedia,小笠原方言,ウェントル,,名詞 || 12月ごろに見られるアオウミガメ || winter turtle ||,,現代
Wikipedia,小笠原方言,ウーフー,,名詞 || ブダイ || uhu || ハワイ語ではアオブダイを意味する,,現代
Wikipedia,小笠原方言,ガッダム,,間投詞 || ちくしょう || God damn || 他人には用いず、柱に足の指をぶつけた時などに自分に対して用いる,,現代
Wikipedia,小笠原方言,グリーンペペ,,名詞 || ヤコウタケ || Green pepe ||,,現代
Wikipedia,小笠原方言,サンドタイガーシャーク,,名詞 || シロワニ || Sand tiger shark ||,,現代
Wikipedia,小笠原方言,スコール,,名詞 || つむじ風 || 英語のsquallが由来,,明治時代から終戦まで
Wikipedia,小笠原方言,タイガーシャーク,,名詞 || イタチザメ || Tiger shark ||,,現代
Wikipedia,小笠原方言,ダンブレン,,名詞 || ダンプリング || dumpling ||,,現代
Wikipedia,小笠原方言,ヌクモメ,,名詞 || シマアジ || nuku mone'u || ハワイ語ではカスミアジを意味する,,現代
Wikipedia,小笠原方言,バンブル,,名詞 || サトウキビ || 英語のbambooが由来,,明治時代から終戦まで
Wikipedia,小笠原方言,ビーデビーデ,,名詞 || ムニンデイゴ || wili-wili || wがvに転訛,,現代
Wikipedia,小笠原方言,ピーマカ,,名詞 || 酢を用いた郷土料理 || pinika || ハワイ語で酢を意味するが、語源は英語の「Vinegar」である,,現代
Wikipedia,小笠原方言,フンパ,,名詞 || オカヤドカリ || umpwa || ポンペイ語由来,,現代
Wikipedia,小笠原方言,プクヌイ,,地名 || 大きい穴 || puka nui ||,,現代
Wikipedia,小笠原方言,モエモエ,,名詞 || 性交 || moe || ハワイ語では睡眠を意味する,,現代
Wikipedia,小笠原方言,出掛けたもんどうじゃ,,助動詞連体形 || 出掛けたものだよ || 八丈方言では「出掛けとうもんどうじゃ」,,明治時代から終戦まで
Wikipedia,小笠原方言,嬉しきことだらのう,,形容詞連体形 || 嬉しいことだ || 八丈方言では「嬉しけことだらのう」,,明治時代から終戦まで
Wikipedia,小笠原方言,寝らせる,,動詞使役形 || 寝かせる ||,,現代
Wikipedia,小笠原方言,炊く,,動詞 || 煮る || 西日本方言由来,,現代
Wikipedia,山口弁,カ行変格活用「来る」,,共通語のカ行変格活用動詞「来る」も、山口方言では若干異なる活用を行う,,動詞
Wikipedia,山口弁,サ行変格活用「せる」,,共通語のサ行変格活用動詞「する」は、山口方言では「せる」となり、共通語とは異なる活用を行う。また、サ行音→ハ行音への子音交替によって、主に周防地域で「へる」となっている,,動詞
Wikipedia,山口弁,ジャ活用,,ジャ活用は、共通語形容動詞の「ダ活用」とほぼ同一で、「だ」の代わりに「じゃ」を用いる。これはコピュラの「だ」が山口方言では「じゃ」となることに伴うものである,,形容動詞
Wikipedia,山口弁,ナ行変格活用「死ぬる」「往ぬる」,,「死ぬる」「往ぬる（いぬる）」の2動詞は、現代共通語には存在しないナ行変格活用を行う。これら2動詞は、古語文法においてナ行変格活用を行っており、山口方言に古語文法が残存している一例である,,動詞
Wikipedia,山口弁,全動詞の仮定形の拗音化,,全ての動詞は仮定形のとき、動詞の活用語尾と接続助詞「-やー」（共通語「-ば」が転訛したもの）とが融合し、「-ゃー」と拗音化する,,動詞
Wikipedia,山口弁,動詞「おる」,,西日本方言で広く使用される動詞「おる（居る）」だが、近畿方言では「いる」と併用されるのに対し、山口方言ではもっぱら「おる」が使用される,,動詞
Wikipedia,山口弁,周防方言,,* 大島方言は、屋代島（周防大島）及び周辺島嶼で使用されている。愛媛県や大分県の島嶼部方言との共通が見られる,,二区分 - 周防・長門
Wikipedia,山口弁,地形語彙,,峠地形を「たお」といい（例：椿峠-つばきだお、吉敷峠-よしきだお）、「垰」の字をあてることも多い。谷地形は「えき」といい、「浴」の字をあてる,,語彙
Wikipedia,山口弁,子音の脱落,,萩を中心として、「ワ」音の子音[w]の脱落が見られる,,子音
Wikipedia,山口弁,子音交替,,山口方言に見られる子音の交替には次のものがある,,子音
Wikipedia,山口弁,拗音化,,山口方言は拗音化が著しく、山口方言の大きな特徴となっている,,撥音・拗音化
Wikipedia,山口弁,撥音化,,全域で撥音化が盛んである。特徴としては、ラ行音が撥音化すること [用例] ソンデ（それで）、ナ行音・マ行音が撥音化すること [用例] ホントキ（そのとき）などが挙げられる。特にナ行・マ行の撥音化は九州方言の影響だとされている,,撥音・拗音化
Wikipedia,山口弁,敬意・尊敬表現,,軽い敬意を表す助動詞に「-やる」「-やーる」がある。室町末期以降の古語「-あり」の連体形「-ある」が変化したもので、軽い敬意・親愛を示す。山口方言独自の敬意助動詞である。「来-やーる（来なさる）」などと用いられる,,敬語表現
Wikipedia,山口弁,母音交替,,山口方言では、九州方言の影響により狭母音（イ・ウ）への母音交替が見られる,,母音
Wikipedia,山口弁,母音無声化が少ない,,日本語に多く見られるイ・ウ音の母音無声化は、山口方言ではあまり見られない,,母音
Wikipedia,山口弁,自称,,自称表現には、男が「おいどま」「おどま」「おるま」「わし」などを、女が「うち」「わたし」「おれ」などを使用する。現在では、女が「おれ」と言うことはほとんど見られない,,語彙
Wikipedia,山口弁,連母音の融合化,,山口方言では、以下の連母音融合がよく見られる,,母音
Wikipedia,山口弁,長門方言,,* 南長門方言は、宇部・厚狭・美祢地域で使用されており、西周防方言と大きな差異が認められる,,二区分 - 周防・長門
Wikipedia,山口弁,鼻濁音の不存在,,ガ行子音は常に破裂音であり、鼻濁音となることはない,,子音
Wikipedia,山陰方言,山陰全体の特徴,,山陰独自の特徴として、中古の「アウ」の発音が変化して「アー」という発音になっている。日本の他の方言では「アウ」は「オー」に変化したため、山陰一帯には共通語と同じ意味でも違う発音の語・語法が多く存在する,,発音
Wikipedia,山陰方言,東山陰方言,,全域が東京式アクセントである。雲伯方言のようなズーズー弁要素はない,,発音
Wikipedia,山陰方言,雲伯方言,,音韻体系が東北方言（北奥羽方言）に似ており、「ズーズー弁」といわれる,,発音
Wikipedia,山陽方言,逆説助詞,,逆接助詞に東山陽では「…けど」｢…けーど」を用いるが、西中国では「…が」を頻用する,,東山陽方言と西中国方言の差異
Wikipedia,山陽方言,連母音「アイ」,,「アイ」連母音は東山陽で「エァー/ャー」になるが、西中国で「アー」となる,,東山陽方言と西中国方言の差異
Wikipedia,山陽方言,過去否定,,過去否定に東山陽では「…なんだ」を頻用するが、西中国では「…ざった」を頻用する,,東山陽方言と西中国方言の差異
Wikipedia,岡山弁,あげーな、こげーな、そげーな,,上記同様、順に「あんな、こんな、そんな」の意。雲伯方言の「あげな、こげな、そげな」に近い,,形容詞・形容動詞・副詞
Wikipedia,岡山弁,あましをくう,,勢いあまる。美作地方では使われない,,動詞
Wikipedia,岡山弁,あらつかな,,荒い。美作地方では使用されない,,形容詞・形容動詞・副詞
Wikipedia,岡山弁,あんごう,,あほ、ばか、たわけもの、ろくでなしの意。元来は公家などが使用していたもの。三重県でも使用。（例）「このおおあんごうが！」,,名詞
Wikipedia,岡山弁,いがる,,大声を出す,,動詞
Wikipedia,岡山弁,いごいごする,,（小さい子などが）うろちょろとする、手悪さなどする。美作地方では使用されない。（例）「いごいごせんで、じっとせられえ」（うろちょろしないで、じっとしなさい）,,動詞
Wikipedia,岡山弁,いごく,,動く,,動詞
Wikipedia,岡山弁,いたしい,,「難しい」古語の残存,,井笠地方固有の語彙
Wikipedia,岡山弁,いなげな,,変な、状態の良くない。「彼はいなげな服を着ている。」、「この桃はいなげになった」,,井笠地方固有の語彙
Wikipedia,岡山弁,いら,,毛虫(イラガ様の有毒毛虫),,名詞
Wikipedia,岡山弁,いらう,,触る、弄る,,動詞
Wikipedia,岡山弁,うだる,,何かがちょっと端から零れる、垂れる、もれるというようなニュアンスで。美作地方では使われない。（例）「醤油のフタがゆるくて口からうだっとる（フタがゆるくて挿し口から醤油が出てきている状態）」,,動詞
Wikipedia,岡山弁,うったて,,書道で一画を起筆・送筆・収筆にわけた際の「起筆」に当たる、最初に筆を下ろす部分（打立・討立）,,名詞
Wikipedia,岡山弁,えっと；ちいと,,多い；少ない。派生してえっとこと（えっとと同義）、ちいとばあ（ちいとの強調）,,井笠地方固有の語彙
Wikipedia,岡山弁,えらい（えれー）,,(1)疲れた状態、（身体的に）つらい様子、 (2)凄い/凄く (3)偉いの二重母音変化,,形容詞・形容動詞・副詞
Wikipedia,岡山弁,おどれ/おどりゃー,,「われ/わりゃ」を、ガラを悪くした言い方。かなり感情的になった時によく使われる。(例)「おどりゃー、もっぺんゆーてみーやー？！（おまえ、もう一度言ってみろ？！）」,,その他
Wikipedia,岡山弁,おらぶ,,大声を出す。大声で呼ぶ。古語に由来する。美作地方では使われない,,動詞
Wikipedia,岡山弁,かしわ,,老鶏の肉。特に排卵を終えた雌鶏などの肉,,名詞
Wikipedia,岡山弁,かる,,借りる。古語形が保存されている例であり、共通語と同じ「借りる」も使われるが、注意すべきは「借りた」を「かった」などと言うことである,,動詞
Wikipedia,岡山弁,きょーとい（きょーてー）,,恐い。恐ろしい。古語「」（畏れ多いの意）が変化したもの,,形容詞・形容動詞・副詞
Wikipedia,岡山弁,くぎる,,焦げる。美作地方では使われない,,動詞
Wikipedia,岡山弁,くつろぐ,,寛ぐという意味の他、（相手に何かをしてもらった時など）助かった、楽になったという意味でも使う。美作地方では使用されない。（例）「てごしてもろうてくつれえだわ（手伝いをしてもらって助かったわ）」,,形容詞・形容動詞・副詞
Wikipedia,岡山弁,けっぱんづく,,つまづく。蹴つまづく。（例）「石段とこでけっぱんじーてひざーすりむいて（すりみーて）しもーた」,,動詞
Wikipedia,岡山弁,けなりがる,,羨む、妬む。美作地方では使われない,,動詞
Wikipedia,岡山弁,ごうがわく,,腹が立つ。出雲弁、播州弁にも同様の表現がある,,動詞
Wikipedia,岡山弁,さばる,,（子供が親に）しがみつく。強調形は「ひっさばる」。笠岡などではひっぱるの意,,動詞
Wikipedia,岡山弁,しんせえ,,してください,,井笠地方固有の語彙
Wikipedia,岡山弁,すわろーしー,,良くない。共通語の「すばらしい」の逆の意。（例）「すわろーしー顔」(元気のない顔)。美作地方では使われない,,形容詞・形容動詞・副詞
Wikipedia,岡山弁,ぞぞけがたつ,,鳥肌が立つ。悪寒がする。播州弁にも同様の表現がある。美作地方では使われない,,動詞
Wikipedia,岡山弁,たいぎい、たいぎな,,面倒くさい。転じて、疲れたときも用いる。古語の「大儀」が転じたもの。（例）「明日の運動会、たいぎーのー（明日の運動会、面倒くさい）」「あー、たいぎ!（あー、疲れた！）」。また連母音融合でてーげという場合もある,,形容詞・形容動詞・副詞
Wikipedia,岡山弁,たちまち,,すぐにではなく、とりあえずの意,,井笠地方固有の語彙
Wikipedia,岡山弁,ちばける,,ふざける。「ちゃーける」とも言う,,動詞
Wikipedia,岡山弁,ちゃら字,,見た目が汚い字,,名詞
Wikipedia,岡山弁,ちゃら書き,,走り書き、殴り書きのように適当に書かれることを指す,,名詞
Wikipedia,岡山弁,ちーと,,少なく、少し、ちょっと,,形容詞・形容動詞・副詞
Wikipedia,岡山弁,てごーする,,手伝う,,動詞
Wikipedia,岡山弁,てんでに,,バラバラに、それぞれ、各自に等の意。（例）「でんでに取って食べんさい（各自で取って食べなさい）」「てんでに置いとくな（バラバラに置いとくよ）」,,形容詞・形容動詞・副詞
Wikipedia,岡山弁,でーれー,,すごい。「どえらい」の転,,形容詞・形容動詞・副詞
Wikipedia,岡山弁,でーろー,,すごく、とっても。「どえらく」。「でーれー」の末尾の「ぇ」が「ぉ」に変化した連用形（副詞）。「でーろー言うたった」というふうに動詞を修飾する。連用形で連体形を修飾できるので「でーろーでーれー」という表現も可能。美作地方では使われない,,形容詞・形容動詞・副詞
Wikipedia,岡山弁,とらげる,,1.しまう、片付ける、元の位置に戻す。 2.（人から物などを）取り上げる。美作地方では使われない,,動詞
Wikipedia,岡山弁,どねーもならん,,「どーならん」と同じ意味。美作地方ではこちらを使用する,,形容詞・形容動詞・副詞
Wikipedia,岡山弁,どんづまり/どんつき,,どんづまり＝行き止まり、どんつき＝突き当たり,,名詞
Wikipedia,岡山弁,どーならん,,どうにもならない。手に負えない。「どーなん」とも言う。美作地方では使用されない,,形容詞・形容動詞・副詞
Wikipedia,岡山弁,なんば,,とうもろこし。滋賀県湖東地方などでもいう。南蛮黍の略。美作地方では使用されない,,名詞
Wikipedia,岡山弁,なんぼ,,値段を尋ねる時の意味。共通語の「いくら」。「いくら何でも」と共通語で使うように「なんぼ何でも」とも使う,,形容詞・形容動詞・副詞
Wikipedia,岡山弁,なんぼーにも,,どうにも。（例）「なんぼーにも、おえりゃーせん」（どうにも、手に負えない）,,形容詞・形容動詞・副詞
Wikipedia,岡山弁,にがる,,お腹等首から下がとんでもなく痛い状態を指す動詞。（例）「今日は腹がにがっておえん」,,動詞
Wikipedia,岡山弁,にゃー,,「無い」の連音化,,井笠地方固有の語彙
Wikipedia,岡山弁,ねき,,近所、近く。美作地方では使用されない,,名詞
Wikipedia,岡山弁,はしる,,(冷感があり)ヒリヒリする,,動詞
Wikipedia,岡山弁,はずむ,,尿意・便意を催す。糞尿がいまにも漏れそうである。美作地方では使われない。（例）「こかー便所ねーんか!? さっきからはずんでどうもならんわ」,,動詞
Wikipedia,岡山弁,はとおじ,,カメムシ。ハットウジとも呼ばれる。美作地方で使われる,,名詞
Wikipedia,岡山弁,はぶてる,,むっとして怒る,,井笠地方固有の語彙
Wikipedia,岡山弁,はみ,,マムシ。美作地方では使用されない,,名詞
Wikipedia,岡山弁,はみ子,,仲間はずれにされた人のこと,,名詞
Wikipedia,岡山弁,ひょんな,,おかしな、変わった。美作地方では使用されない。（例）「ひょんなげなカッコじゃのー」,,形容詞・形容動詞・副詞
Wikipedia,岡山弁,びる、びった,,（ギャンブルに負けて）すった。（特に）パチンコで負けてスッカラカンになる。（ただ普通に負けたときも言う）。美作地方では使われない,,動詞
Wikipedia,岡山弁,ふう,,風体、体裁。（例）「ふうが悪りーのー」,,名詞
Wikipedia,岡山弁,ぶち,,とっても。主に備後域で使用され「でーれー」とほぼ同等か少し弱めの表現。広島、山口では凄いという意味で使われるが、備前地方ではぶちくらわす、ぶちめぐ、ぶちまわすなど乱暴な言葉に付けて使うことが多い,,形容詞・形容動詞・副詞
Wikipedia,岡山弁,ぶと,,蚋,,名詞
Wikipedia,岡山弁,ぶに,,分（ぶん）。分け与えられたもの、わけまえ、わりあて。主に備中南部で使用される。（例）「この皿のケーキは、わしが食べるぶにじゃ」,,名詞
Wikipedia,岡山弁,べべ,,「服」という意味の幼児言葉。元々は晴れ着、着物、一張羅を意味していたが、現在は服全般を指す場合が多い,,名詞
Wikipedia,岡山弁,べべちゃんこ,,上記同様の幼児言葉であるが、特に「正座」の意味で使用される。美作地方では使用されない,,名詞
Wikipedia,岡山弁,ほぼろ,,畚。本来はワラや竹製の農作業用カゴだが現在はプラスチック製も含む。現在ではほぼろ自体が若年層に使われないので高齢者にかぎる,,井笠地方固有の語彙
Wikipedia,岡山弁,ほんま,,本当,,名詞
Wikipedia,岡山弁,ぼちぼち、ぼとぼと,,ゆっくり,,井笠地方固有の語彙
Wikipedia,岡山弁,ぼっけー,,すごい、ものすごい、大きい(「おっきぃ」の転ではないかと推測される)。主には量や程度を現す言葉。備前地方で使われる。（例）「ぼっけー腫れもの」,,形容詞・形容動詞・副詞
Wikipedia,岡山弁,ぼっこー,,すごく、ものすごく、大きく。「ぼっけー」の末尾の「ぇ」が「ぉ」に変化した連用形（副詞）。（例）「はちー刺されてぼっこー腫れた」（蜂に刺されて大きく腫れた）,,形容詞・形容動詞・副詞
Wikipedia,岡山弁,まくばる,,(均等になるように)配る、分ける。播州弁にも同様の表現がある。美作地方では使われない,,動詞
Wikipedia,岡山弁,まける,,こぼれる（自動詞）。（例）水がまけた （他動詞）では*まいた‐こぼした。（例）「味噌汁まいたんは、誰なら？（味噌汁をこぼしたのは誰？）」,,動詞
Wikipedia,岡山弁,みてる,,無くなる、分量があるものが尽きる。美作地方では使われない。（例）砂糖がみてた（砂糖がなくなった）,,動詞
Wikipedia,岡山弁,みてる/みける,,無くなる、空になる。他の地方の人は、「満ちる」と勘違いしがち。美作地方では使用されない。（例）「あねーようさんあった桃がはーみてたんか」,,形容詞・形容動詞・副詞
Wikipedia,岡山弁,もんげー,,ものすごい、とんでもない、常識を超えた。「ものすごい」の転。（「ものすごい」→「ものすげー」→「もんげー」）「ものげー」とも。美作地域では使用しない,,形容詞・形容動詞・副詞
Wikipedia,岡山弁,もんごー,,ものすごく、とんでもなく、常識を超えて。「もんげー」の末尾の「ぇ」が「ぉ」に変化した連用形（副詞）,,形容詞・形容動詞・副詞
Wikipedia,岡山弁,やいとおを据える,,お灸を据える。転じて、お仕置きをする,,動詞
Wikipedia,岡山弁,よかる,,（壁などに背中を当てて）寄りかかる、もたれる,,動詞
Wikipedia,岡山弁,よー 〜せん,,「とても～できない」。「せん」は、サ変動詞「する」の未然形+打ち消しの助動詞「ん」。古語の「え～ず」の表現に相当。おおむね西日本一帯で使用される,,形容詞・形容動詞・副詞
Wikipedia,岡山弁,われ/わりゃ,,おまえ。感情的になった時に良く使われる。(例)「わりゃ、なにしょんなら？！（おまえ、何やってんだ？！）」,,その他
Wikipedia,岡山弁,ガイダ,,カメムシ,,名詞
Wikipedia,岡山弁,仰山,,たくさん。おおむね関西周辺で使用される,,形容詞・形容動詞・副詞
Wikipedia,岡山弁,胸糞が悪りー,,腹が立つ,,形容詞・形容動詞・副詞
Wikipedia,岡山弁,頭がわりー,,頭が痛いこと。備前地方で使われる。（例）「今日は頭がわりーので休ませてください」,,形容詞・形容動詞・副詞
Wikipedia,岡山弁,頭を切る,,髪の毛を切る,,動詞
Wikipedia,岡山弁,風がわりー,,格好が悪い、見栄えが悪い、体裁が悪い。転じて、恥ずかしい。「風変わり」とは意味が違い、HHHHFであり、アクセントの違いで区別できる,,形容詞・形容動詞・副詞
Wikipedia,岡山弁,駆ける,,「疾走」というより単純に「走る」と同じように使う。美作地方では使われない。（例）「そんなにかけたら転ぶで（そんなに走ったら転ぶよ）」,,動詞
Wikipedia,岡山弁,～なん,,標準語の「～なの？」という意味。「何なの？」は「なんなん？」となる。テレビ朝日系で土曜日の22時25分から放送している「ノブナカなんなん?」はこれに由来していると思われる,,疑問詞
Wikipedia,岡山弁,～やこー,,～など、～なんて、～なんか。（例）「桃やこー、岡山じゃ安う買えるで」,,形容詞・形容動詞・副詞
Wikipedia,岡山弁,～テ(疑問),,標準語の命令表現ではなくやや尊敬を込めた疑問文(丁寧)である。「明日行って？」(明日行きますか？),,井笠地方固有の語彙
Wikipedia,岩手県南部方言,あげず,,トンボ。中北部では「だんぶり」,,語彙
Wikipedia,岩手県南部方言,さぐず,,糠。中北部では「こぬが」,,語彙
Wikipedia,岩手県南部方言,まつぽんぐり,,松かさ。中北部では「まつかっちゃ」,,語彙
Wikipedia,岩手県南部方言,ろーじ,,庭。中北部では「つぼまえ」,,語彙
Wikipedia,幡多弁,けん,,きい、きん、け,,特徴
Wikipedia,幡多弁,しちょる、しちょう,,しちゅう,,特徴
Wikipedia,幡多弁,しよる、しよう,,しゆう,,特徴
Wikipedia,幡多弁,内輪東京式アクセント,,京阪式アクセント,,特徴
Wikipedia,広島弁,○○か、○○かくらい,,比較を表す言い方で、女子や子供がよく使う,,か行
Wikipedia,広島弁,○○からに,,「○○してしまう」や「○○するとは」のような意だが、「○○（勝手に）しやがって」のような怒ったニュアンスを含む言い方,,か行
Wikipedia,広島弁,○○げ,,○○のような。○○なふうな,,か行
Wikipedia,広島弁,○○こうに,,○○しないように,,か行
Wikipedia,広島弁,○○さい,,○○しなさい。標準語の「○○しなさい」よりも強制度は低い。子どもや家族など親しい人に対しては、「○○ちゃい」とも言う（主に女性）→「○○ちゃい」も参照,,さ行
Wikipedia,広島弁,○○したげる,,○○してあげる,,さ行
Wikipedia,広島弁,○○しちゃる,,○○してあげる。男性はこちらを使うことが多い,,さ行
Wikipedia,広島弁,○○しとる,,○○している,,さ行
Wikipedia,広島弁,○○しな,,○○している最中である。○○している途中である。「いにしな（帰る途中）」や「いきしな（行く途中）」などと使う,,さ行
Wikipedia,広島弁,○○じゃもん,,○○だから。○○だもの,,さ行
Wikipedia,広島弁,○○じゃわ,,○○だわ。○○である,,さ行
Wikipedia,広島弁,○○だん,,○○する段階になって。○○する途中で。「○○しな」とほぼ同義だが、タイミングの悪い時に使うことが多い,,た行
Wikipedia,広島弁,○○ちゃい/○○ちゃい,,○○（しな）さい。年配の女性が子供など、目下の人に使う命令を表す言葉だが、優しく言う時にも使う,,た行
Wikipedia,広島弁,○○て(手),,○○する人,,た行
Wikipedia,広島弁,○○なん,,○○なの、○○のような事。「こんなん知らん（こんなの知らない）」「そんなんダメじゃ（そのようなことはダメだ）」「そがいなんいらん（そんな物はいりません）」,,な行
Wikipedia,広島弁,○○にゃぁ,,〜しないと（ダメ）。見にゃぁ（見ないと）、食べにゃぁ（食べないと）、せにゃぁ（しないと）,,な行
Wikipedia,広島弁,○○よーねぇ,,○○だよ。「そんなん簡単よーねぇ（そんなの簡単なことだよ）」,,や・ら・わ行・ん
Wikipedia,広島弁,○○らぁ〜,,できることが可能、の意味で動詞の後に付ける。「できらぁ（できるよ）、いけらぁ（行けるよ）、知っとらぁ〜（知っているよ）」,,や・ら・わ行・ん
Wikipedia,広島弁,○○れん,,広島弁は「○○しない」という動詞は「○○せん」という「野球せん（野球しない）」が、同様に「○○れない」という動詞の時は「○○れん」となる。「食べれん（食べられない）」「走れん（走れない）」「いけれん（行けない）。」,,や・ら・わ行・ん
Wikipedia,広島弁,○○（して）つかあさい,,○○してください。○○してもらえませんか,,た行
Wikipedia,広島弁,○○（の）か,,○○の所、宮のかで〇〇さんにおうたで（宮の所で〇〇さんに会ったよ）,,か行
Wikipedia,広島弁,○○（より）か,,○○よりは。比較を表す,,か行
Wikipedia,広島弁,〜なかった,,〜だった。「大きなかった。（大きかった。）」,,な行
Wikipedia,広島弁,〜なのにから,,〜なのに,,な行
Wikipedia,広島弁,〜の,,〜人、〜な奴、の意味だが、語尾のみに付ける。標準語では例えば「嬉しいの」と形容詞の後に付いたり「嬉しいの？」動詞の後に付いて質問形となるが、広島弁で「〜の」を使う時は「嬉しげなの（はしゃいでる人、奴）」、「生意気なの（生意気な奴）」となる,,な行
Wikipedia,広島弁,〜むん,,もの、の意味だが、確保しているもの、の意味。「お菓子ウチのむん、あんたのむん（お菓子私の（これが確保している）もの、これがあなたのもの）」,,ま行
Wikipedia,広島弁,〜もん,,もの（者、物）。『仁義なき戦い 完結篇』での菅原文太、終盤の名セリフ。「こんなと飲んだら死んだもんにすまんけえのぉ（お前と飲んだら死んでいった人にすまないと思うよ）」（西部）,,ま行
Wikipedia,広島弁,〜ゆん？,,〜言うの？ ゆん？ と「ゆ」の方を強く発音する。「なんてゆん？（何と言うの？）」「どーゆん？（どう言えばいいの？）」,,や・ら・わ行・ん
Wikipedia,広島弁,〜んよ,,〜〜したのよ。動詞の語尾につける。女性がよく使う言い方。食べたんよ（食べたのよ）、したんよ（したのよ）、寝るんよ（寝るのよ）,,や・ら・わ行・ん
Wikipedia,広島弁,あがく,,夏の暑いときなどに布団・毛布などをはねのけること,,あ行
Wikipedia,広島弁,あぎ,,上あご,,あ行
Wikipedia,広島弁,あぐ,,飽きる,,あ行
Wikipedia,広島弁,あげな,,→「あがいな」を参照,,あ行
Wikipedia,広島弁,あずる,,困る、てこずる、苦労する,,あ行
Wikipedia,広島弁,あっ、ほうね,,→「ほー（ほう）」を参照,,あ行
Wikipedia,広島弁,あっこ/あすこ,,あそこ,,あ行
Wikipedia,広島弁,ありこ（ありんこ）,,アリ（蟻）,,あ行
Wikipedia,広島弁,あります,,ございますの意,,あ行
Wikipedia,広島弁,ありゃぁー,,「あれは」という意味だが、広島では「あの人」という意味で使うことも多い,,あ行
Wikipedia,広島弁,ありゃりゃぁー,,「あれあれ」という意味で、割りとよく口に出す言葉,,あ行
Wikipedia,広島弁,あるまーもー,,→ 「もー」を参照,,あ行
Wikipedia,広島弁,あんたあ,,あなた。「あんたあ、うちのことどう思いようるん」,,あ行
Wikipedia,広島弁,あんとな,,→「あがいな」を参照,,あ行
Wikipedia,広島弁,あんな,,あの人。彼。彼女,,あ行
Wikipedia,広島弁,あんに,,「あんな」の少し丁寧な言葉,,あ行
Wikipedia,広島弁,あんねぇー,,あのね。多く呼びかけに使う,,あ行
Wikipedia,広島弁,いいよってん,,→「いよん」を参照,,あ行
Wikipedia,広島弁,いいよん,,→「いよん」を参照,,あ行
Wikipedia,広島弁,いかんのに,,いけないのに。「いかん」や「いけん」を強調した言い方。子供がよく使う。実際の使用は「いかんのー」と語尾を伸ばすことが多い,,あ行
Wikipedia,広島弁,いがむ,,歪む、曲がる,,あ行
Wikipedia,広島弁,いがる,,叫ぶ,,あ行
Wikipedia,広島弁,いきる,,気分が高揚し、張りきっていたり格好をつけたりしている様子を、他人から見て揶揄したり茶化したりする言葉,,あ行
Wikipedia,広島弁,いぎ,,魚の骨,,あ行
Wikipedia,広島弁,いごく,,動く,,あ行
Wikipedia,広島弁,いっこも,,一つも。全然。言い方は「い」の後、少しためて「こも」と言う。「いっ こも」である,,あ行
Wikipedia,広島弁,いっつも,,いつも。何時も。言い方は、「いっ こも」と同様に「いっ つも」,,あ行
Wikipedia,広島弁,いつぃき/いっつも,,いつも,,あ行
Wikipedia,広島弁,いなげな【異な気な】,,変な。おかしな。一部の地域では「いんなげな」ともいう,,あ行
Wikipedia,広島弁,いにんちゃい【去にんちゃい】,,帰りなさい。丁寧な命令を表す,,あ行
Wikipedia,広島弁,いぬの【去るの】,,帰るのか。疑問を表す,,あ行
Wikipedia,広島弁,いぬん【去ぬん】,,帰るのか。親しい間柄で用いる。質問を表す,,あ行
Wikipedia,広島弁,いねや【去ねや】,,帰れ。強い命令を表す。非常にきつい表現である。普通は「いにんちゃい」を使う,,あ行
Wikipedia,広島弁,いねん【去ねん】,,帰らない。帰ることができない。否定ないし不可能を表す。文脈で判断することになる,,あ行
Wikipedia,広島弁,いのう【去のう】,,帰ろう。帰りましょう。意志ないし勧誘を表す,,あ行
Wikipedia,広島弁,いびしい、いびせえ,,恐ろしい。怖い,,あ行
Wikipedia,広島弁,いやがる/いいやがる,,（不快なことを）言われたの意,,あ行
Wikipedia,広島弁,いよいよ,,語尾に付けて使う,,あ行
Wikipedia,広島弁,いよん/いいよん,,言っているの。丁寧な言い方では「いいよってん（いよってん）」,,あ行
Wikipedia,広島弁,いらんことしぃ,,余計なことをする者,,あ行
Wikipedia,広島弁,いんえのぅ,,→「いいえの」を参照,,あ行
Wikipedia,広島弁,いんさい,,言いなさい,,あ行
Wikipedia,広島弁,いんじゃうん【去んじゃうん】,,（もう）帰ってしまうのか。（まだ帰らないでほしい）願望を含む疑問を表す,,あ行
Wikipedia,広島弁,いんじゃったん【去んじゃったん】,,（もう）帰ったか。（もう）お帰りになったのか。過去疑問ないし尊敬を含む過去疑問を表す,,あ行
Wikipedia,広島弁,いんだん【去んだん】,,（もう）帰ったのか。過去疑問を表す。これには尊敬の意味合いはない,,あ行
Wikipedia,広島弁,いんどるん【去んどるん】,,（もう）帰っているのか。過去疑問を表す,,あ行
Wikipedia,広島弁,いんや,,「いいえ」の意。呉地方では「うんにゃ」,,あ行
Wikipedia,広島弁,うげる,,取れる。剥げる,,あ行
Wikipedia,広島弁,うそこけ,,うそを言うな,,あ行
Wikipedia,広島弁,うち,,女性の一人称、わたし。イントネーションが「ち」にある（関西弁は「う」にイントネーションがある）,,あ行
Wikipedia,広島弁,うちかた/うちがた,,私の家。→「かた/がた」も参照,,あ行
Wikipedia,広島弁,うちら,,私たち。女性の方がよく使う。→「○○ら」も参照,,あ行
Wikipedia,広島弁,うべる,,薄める,,あ行
Wikipedia,広島弁,ええとこずき,,八方美人,,あ行
Wikipedia,広島弁,えずい,,賢い,,あ行
Wikipedia,広島弁,えっと,,（量が）多い,,あ行
Wikipedia,広島弁,えらい/えらぁ,,苦しい。しんどい。決して「偉い」や「賢い」という意味ではない。また、「非常に」という意味もある。中部地方から西日本にかけて広く用いられる,,あ行
Wikipedia,広島弁,えーたい,,いつも。「えーてぇ」ともいう,,あ行
Wikipedia,広島弁,おおけー,,「大きい」という意味だが、年配者は「大（だい）けー」と発音する場合がある,,あ行
Wikipedia,広島弁,おおもん,,大きな（実際には出来もしないような）こと,,あ行
Wikipedia,広島弁,おおもんタレ,,大きな（実際には出来もしないような）ことを言う人。大ホラ吹き,,あ行
Wikipedia,広島弁,おごうさん,,花嫁。（童謡、「花嫁人形」）の歌詞にある「金襴緞子の帯しめながら花嫁御寮（はなよめごりょう）はなぜ泣くのだろう。」の御寮が変化した,,あ行
Wikipedia,広島弁,おさめる,,しまう、かたづける。方言であるという意識がないため、「はよおさめんさいや（早くしまいなさいよ）」を共通語で言おうとして、「早くおさめなさい」と言う例などが,,あ行
Wikipedia,広島弁,おさる,,ちゃんちゃんこ。『ゲゲゲの鬼太郎』の鬼太郎が羽織っているような、袖のない綿入れ,,あ行
Wikipedia,広島弁,おしこみ,,押入れ,,あ行
Wikipedia,広島弁,おしぴん【押しピン】,,画鋲,,あ行
Wikipedia,広島弁,おじゃみ,,お手玉,,あ行
Wikipedia,広島弁,おじんじょ,,正座,,あ行
Wikipedia,広島弁,おせ,,大人（おとな）,,あ行
Wikipedia,広島弁,おそれ,,怖がり。発音は最初の「お」を強調,,あ行
Wikipedia,広島弁,おって,,「おる」の少し丁寧な言い方、目上の人などの所在を聞く場合、伝える場合などに使う。「◯◯さんおってかねぇ」（◯◯さんはいますか）や、「◯◯さんはおってんないねぇ」（◯◯さんはいません）と言う形で使用する,,あ行
Wikipedia,広島弁,おとこにし,,スガイ、巻貝の一種。蓋はサザエのように硬い。《おんなにし》も参照,,あ行
Wikipedia,広島弁,おなみ,,雌牛,,あ行
Wikipedia,広島弁,おはっつぁん,,仏壇に供えるごはん,,あ行
Wikipedia,広島弁,おらぶ（うらぶ）【哭ぶ】,,叫ぶ,,あ行
Wikipedia,広島弁,おる,,いる。否定は「おらん」である,,あ行
Wikipedia,広島弁,おんなにし,,イシダタミ、巻貝の一種。蓋は硬くなく、薄い,,あ行
Wikipedia,広島弁,お調子い,,悪ふざけする人,,あ行
Wikipedia,広島弁,かける【駆ける】,,走る。広島では「はしる」は別の意味にしか使わず、もっぱら「かける」と言う。→「はしる」も参照,,か行
Wikipedia,広島弁,かた/がた【方】,,家,,か行
Wikipedia,広島弁,かもう,,「いらう」に意味合いが近いが、「相手にする」や「からかう」の意味でも使い、否定形の「かもうな」は「ほっとけ」という意味となる,,か行
Wikipedia,広島弁,かやす,,ひっくり返す。「かやる」の他動詞型,,か行
Wikipedia,広島弁,かやる/かやれる,,ひっくり返る。「こぼれる」に意味合いが近い,,か行
Wikipedia,広島弁,から,,身体（体格について）,,か行
Wikipedia,広島弁,かる【借る】,,借りる。過去形は「かった」,,か行
Wikipedia,広島弁,がめる,,ちょろまかす,,か行
Wikipedia,広島弁,がり,,祭りの鬼,,か行
Wikipedia,広島弁,きちゃった（来ちゃった）,,来られた、いらっしゃった。広島弁で「〇〇されちゃった」は丁寧語,,か行
Wikipedia,広島弁,きちゃない/きたなむさい,,汚ない。汚らしい,,か行
Wikipedia,広島弁,きっぽ,,古い傷痕。子供の頃の傷が、大人になっても残っているような傷痕,,か行
Wikipedia,広島弁,きょうだいし,,兄弟たち（兄弟衆からの変化？）,,か行
Wikipedia,広島弁,きんにょう【昨日】,,昨日。「きにょう」とも言う。のみが使用している、絶滅寸前の広島弁の一つ,,か行
Wikipedia,広島弁,ぎり,,つむじ。（例)「こんなぁぎりが三つあるで（この人はつむじが三つあります）」,,か行
Wikipedia,広島弁,くいくさし・たべくさし,,食べかけ、食べ残し。「飲みかけ」や「飲み残し」は「飲みくさし」、「やり残し」は「やりくさし」,,か行
Wikipedia,広島弁,くしゅぐる・くちゅぐる,,くすぐる,,か行
Wikipedia,広島弁,くしゅばいい・くちゅばいい,,くすぐったい。「くすばいい」、「くつばいい」とも言う。西日本語の「こそばゆい」が訛ったもの,,か行
Wikipedia,広島弁,くる,,切る。トランプや花札などのカードを切る以外では使用しない。相手に頼む時は、「トランプをくってぇやぁー」のような言い方となる,,か行
Wikipedia,広島弁,ぐべんしゃ,,金持ち（分限者からの変化か？）,,か行
Wikipedia,広島弁,けがれ,,汚いのが嫌いな人。潔癖症,,か行
Wikipedia,広島弁,けつる,,蹴る,,か行
Wikipedia,広島弁,げな/げなー,,○○のような。○○らしい。伝聞を表す,,か行
Wikipedia,広島弁,げぼ,,嘔吐物,,か行
Wikipedia,広島弁,こう,,買う,,か行
Wikipedia,広島弁,こがあな/こがいな/こげな,,→「あがいな」を参照,,か行
Wikipedia,広島弁,こげる,,折れる。共通語の「焦げる」とは違う。→「もげる」も参照,,か行
Wikipedia,広島弁,ここら,,このあたりで。このへん,,か行
Wikipedia,広島弁,こさえる,,作る。標準語の「こしらえる」に由来,,か行
Wikipedia,広島弁,こすい/こぶい,,ずるい、狡い,,か行
Wikipedia,広島弁,こそばいい,,くすぐったい,,か行
Wikipedia,広島弁,こっから,,ここから,,か行
Wikipedia,広島弁,こっぱり,,かさぶたのこと,,か行
Wikipedia,広島弁,こつる,,コツンと小さく当たること,,か行
Wikipedia,広島弁,こまい,,小さい。非常に小さいときは「こんまい」とも言う,,か行
Wikipedia,広島弁,ころ,,自転車の補助輪、あるいはキャスター,,か行
Wikipedia,広島弁,こわい,,固い,,か行
Wikipedia,広島弁,こんとな,,「あがいな」を参照,,か行
Wikipedia,広島弁,こんな/こんに,,こいつ,,か行
Wikipedia,広島弁,ごうをいる,,面倒を見る。世話をする。これが転じて、「面倒をかける」や「苦労をさせる」ともなる。「ごういる」ないしは「手ごういる」とも言う,,か行
Wikipedia,広島弁,ごりんどう,,ダボハゼのこと。何にでも喰らいつく「はぜ」のことで、何にでも飛びつく人を軽蔑し、これに例えることがある,,か行
Wikipedia,広島弁,ごんち,,五日。いつか,,か行
Wikipedia,広島弁,さえん,,ぱっとしない・役に立たない,,さ行
Wikipedia,広島弁,さし,,定規。物差し,,さ行
Wikipedia,広島弁,さす,,させる。やらせる。使役を表す。共通語の「指す」や「刺す」の意味ではない。「す」にアクセント,,さ行
Wikipedia,広島弁,しあいこ,,交互にすること,,さ行
Wikipedia,広島弁,しごうする,,ボコボコにする・リンチに遭わせる,,さ行
Wikipedia,広島弁,しったげ【知ったげ】,,知ったかぶり,,さ行
Wikipedia,広島弁,してい/してー,,（長さとしての）1日。1日2日は「していふつか」という。古代に「1日」を「ひとひ」と呼んだことに由来する,,さ行
Wikipedia,広島弁,してる,,捨てる。落とす,,さ行
Wikipedia,広島弁,しにいる,,青あざができる。共通語の「染みになった」から生じたもの,,さ行
Wikipedia,広島弁,しぬる【死ぬる】,,死ぬ。「往ぬる」とともに、古語のナ変動詞の活用が現在に残ったもの,,さ行
Wikipedia,広島弁,しまつ,,節約,,さ行
Wikipedia,広島弁,しみる【凍みる】,,凍る,,さ行
Wikipedia,広島弁,しゃび・しゃびる,,錆・錆びる,,さ行
Wikipedia,広島弁,しわい/しゅわい,,疲れる。しんどい。また、噛んでも噛み切れないような、筋の残る野菜を食べた時などにも使う,,さ行
Wikipedia,広島弁,しんきな,,辛気な。退屈な。しんどい。片腹痛い,,さ行
Wikipedia,広島弁,じなくそ,,嘘。大間違い。まったく駄目な様子,,さ行
Wikipedia,広島弁,じゃ,,だ。語尾に「じゃ」が残るのは、広島県周辺だけといわれる,,さ行
Wikipedia,広島弁,じゃっかぁしゃい・じゃっかぁしい,,やかましい。うるさい,,さ行
Wikipedia,広島弁,じゃっちゃ,,「です」、「だよ」の強調,,さ行
Wikipedia,広島弁,じゅるい,,ぬかるんでいる,,さ行
Wikipedia,広島弁,すいい,,酸っぱい,,さ行
Wikipedia,広島弁,すいじん（水神？）・すいじんさん,,シラスウナギ,,さ行
Wikipedia,広島弁,すいばり,,（木のごく小さい）とげ。木材表面のささくれ立った部分のこと。特に、皮膚に刺さったときに使われる,,さ行
Wikipedia,広島弁,すぐ/ずく,,調子に乗ってふざける。（東部）,,さ行
Wikipedia,広島弁,すなや,,するな、しないで,,さ行
Wikipedia,広島弁,ずえる,,崖・土手などが崩れ落ちること,,さ行
Wikipedia,広島弁,ずる,,ズボンなどが下にずり下がること,,さ行
Wikipedia,広島弁,ずんごむ,,突っ込む,,さ行
Wikipedia,広島弁,ずんだらかす,,ズボンを下にずらしてはくこと,,さ行
Wikipedia,広島弁,せ/せぇ【背】,,身長。年配者は「せぇが高い」というような言い方をする,,さ行
Wikipedia,広島弁,せにゃぁ/せんにゃぁ/せんとぉ,,○○しないと（いけないよ）,,さ行
Wikipedia,広島弁,せばい,,狭い,,さ行
Wikipedia,広島弁,せやぁーない,,大丈夫。問題ない,,さ行
Wikipedia,広島弁,せんとぉ,,→「せにゃぁ/せんにゃぁ」を参照,,さ行
Wikipedia,広島弁,せんとって,,しないで,,さ行
Wikipedia,広島弁,せんない,,面倒くさい,,さ行
Wikipedia,広島弁,そがいな/そげな/そんとな,,→「あがいな」を参照,,さ行
Wikipedia,広島弁,そばえ・そばえる,,通り雨・通り雨が降る,,さ行
Wikipedia,広島弁,そばり/そべら,,→「すいばり」を参照,,さ行
Wikipedia,広島弁,そら,,上(かみしものかみ)。北,,さ行
Wikipedia,広島弁,それみいや,,それみろよ,,さ行
Wikipedia,広島弁,そんなん,,そんなの。そんなこと。そこまで。子供が用いる,,さ行
Wikipedia,広島弁,たあ/たー,,○○より。○○以上である。比較を表す,,た行
Wikipedia,広島弁,たいがい【大概】,,共通語の「大概」と意味ではあまり相違なく、方言でないかもしれないがよく使う。しばしば、「いい加減」という意味で使う,,た行
Wikipedia,広島弁,たいがたぁ,,ありがたい。申し訳ない。（耐えがたいからの変化）,,た行
Wikipedia,広島弁,たける【猛る】,,大きい声を出す,,た行
Wikipedia,広島弁,たびにでる【旅に出る】,,地元を離れる,,た行
Wikipedia,広島弁,たびのひと【旅の人】,,他所から引っ越してきた人。《反対》…地の人,,た行
Wikipedia,広島弁,たべくさし・くいくさい,,食べかけ、食べ残し。「飲みかけ」や「飲み残し」は「飲みくさし」、「やり残し」は「やりくさし」,,た行
Wikipedia,広島弁,たわん,,届かない。肯定は「たう」である。→「たう」も参照,,た行
Wikipedia,広島弁,ちいちゃい/ちっさ,,小さい,,た行
Wikipedia,広島弁,ちびる,,磨り減る。摩耗する。若者には共通語の「漏らす」の意味で取られ、通じない場合がある,,た行
Wikipedia,広島弁,ちゃった、〇〇しちゃった,,→きちゃったを参照,,た行
Wikipedia,広島弁,ちょっくり,,ちょっと,,た行
Wikipedia,広島弁,ちょっと聞いてみるんですが..,,質問の冒頭に言う。他県では言わない。広島の新しい方言とみられる,,た行
Wikipedia,広島弁,ちんくそ,,恥垢,,た行
Wikipedia,広島弁,ちんこ,,身長が低いこと,,た行
Wikipedia,広島弁,ぢのひと【地の人】,,その地に住み続けている人。《反対》…旅の人,,た行
Wikipedia,広島弁,つぐ,,「注ぐ」が転じて、車にガソリンを給油する、ストーブに灯油を継ぎ足す場合に用いる（標準語ではそれぞれ「給油する」「継ぎ足す」）,,た行
Wikipedia,広島弁,つどう,,かち合う,,た行
Wikipedia,広島弁,つばえる,,ふざける。騒ぐ。（嬉しいとや喜ばしいことなどがあって）興奮してのぼせてしまう,,た行
Wikipedia,広島弁,つまらん,,1. 駄目な。面白くない。2. 機能しない。故障した,,た行
Wikipedia,広島弁,つもり,,予定,,た行
Wikipedia,広島弁,でべそ,,出たがり。外出好き,,た行
Wikipedia,広島弁,とうじん,,愚人,,た行
Wikipedia,広島弁,とぎ,,友達の意。おそらく「伽」の事。「とぎゃぁおらんのんか？（友達はいないの？）」（西部）,,た行
Wikipedia,広島弁,とどる,,液体などに溶けている固体や、なにかしらの成分が瓶など容器の底に沈澱すること,,た行
Wikipedia,広島弁,とらげる,,片付けるの意（東部）,,た行
Wikipedia,広島弁,どうたらこうたら,,どうしたこうしたの意。何をたらたらの変化か？ 広島人はこれを共通語と思っているが、これはれっきとした方言である。「とうたらこうたら言いんさんなよ（どうしたこうした言わないでね）」,,た行
Wikipedia,広島弁,どがい/どがー/どげ/どんと,,→「あがいな」を参照。どうにも、の意。「どがいもならん（どうにもならない）」「どげなことしたらこうなるんや（どんな事したらこの様なことになるのですか）」,,た行
Wikipedia,広島弁,どしたん？（どうしちゃったん？）,,どうしたの？ の意,,た行
Wikipedia,広島弁,どっしゃげる,,大きいものが他の大きなものにぶつかるの意。「あっこでどっしゃげとらぁ（あそこでぶつかっているよ）」,,た行
Wikipedia,広島弁,どぶ,,魚の内臓,,た行
Wikipedia,広島弁,どべ,,びり,,た行
Wikipedia,広島弁,どようし,,→莫大。きわめて大きいこと,,た行
Wikipedia,広島弁,どベ,,→ビリ,,た行
Wikipedia,広島弁,どーなろーにゃ,,どーにもならないの意,,た行
Wikipedia,広島弁,どーゆん,,→なんてゆん？,,た行
Wikipedia,広島弁,ないなかす,,なくす,,な行
Wikipedia,広島弁,ないなった、のうなった,,無くなった、の意味,,な行
Wikipedia,広島弁,ないようなった,,無くしてしまったの意。ないなった、のうなったの過去形。「財布ないようなった（無くしてしまった）」,,な行
Wikipedia,広島弁,なおす,,片付ける。近畿から九州にかけて使用。「使ったおもちゃはちゃんとなおしとくんよ」,,な行
Wikipedia,広島弁,なかろーもー,,→ もー,,な行
Wikipedia,広島弁,なげる,,置くという意味。「そこら辺になげといて（そこら辺に置いてて）」,,な行
Wikipedia,広島弁,なして,,なぜ、どうして。「なしてそがぁなことをしたん？（なんでそんなことをしたの？）」（県北・西部）,,な行
Wikipedia,広島弁,なば,,キノコ。その他の食べることができないキノコは「クソなば」と一括で表現（西部）,,な行
Wikipedia,広島弁,なまける,,湿気る,,な行
Wikipedia,広島弁,なりて,,する人、やる人。「段々なりてがおらんよーになるで（段々やる人がいなくなるよ）」,,な行
Wikipedia,広島弁,なんじゃかんじゃ,,何だかんだ,,な行
Wikipedia,広島弁,なんてゆん？ どーゆん,,〜なんて言うの？ 発音は「なんてゆん？」と「ゆ」を強く発音する。言い方が分からない時、繋ぎで女性がよく使う言い方。参考→ 〜ゆん？,,な行
Wikipedia,広島弁,なんぼう,,幾ら,,な行
Wikipedia,広島弁,なんもかんも,,何もかも,,な行
Wikipedia,広島弁,なんよのう..,,何だろうなぁ..。話をまとめたり変えたりする時に使う慣用句。あまり意味はない,,な行
Wikipedia,広島弁,にぎり,,ケチ、守銭奴の意（悪い意味で）。「あれはにぎりじゃけえのぉ（あいつはケチだからね）」（西部）,,な行
Wikipedia,広島弁,ぬくい,,ぬきい、とも。暖かい。「昨日はぬくかったのに、今日はさみいわぁ」（昨日は暖かかったのに、今日は寒いなあ）,,な行
Wikipedia,広島弁,ぬぶ,,伸びる。「髪がぬぶ（髪が伸びる）」、「草がぬぶ（草が伸びる）」,,な行
Wikipedia,広島弁,ねき,,そばの意（人間関係的な近さも表すか？）。「火のねきに行くなよ（火の側にいくなよ）」（西部）,,な行
Wikipedia,広島弁,ねと,,すぐそばの意「そのねとへ置いてぇてください（その近くに置いてください）」（県北・西部）,,な行
Wikipedia,広島弁,ねぶたい,,眠い。「ぶちねぶたい（凄く眠たい）」（西部）,,な行
Wikipedia,広島弁,ねぶる（舐る）,,なめる。「犬にねぶられたぁや（犬になめられたよ）」（西部）,,な行
Wikipedia,広島弁,ねま,,寝床、布団。「ねまぁひいたか？（布団ひいたか？）」,,な行
Wikipedia,広島弁,ねんだぁほる,,あれこれうるさく聞く。「ねんだほり」は人の噂話などをあれこれと探る人を指す,,な行
Wikipedia,広島弁,のかす、のく、のける、のけとく,,人間がどく（動く、動かす）場合と物を動かす時と両方使う。「ちーと掃除するけぇ、そこの机のけといてくれん？（ちょっと掃除するから、そこの机をどけておいてくれる？）」,,な行
Wikipedia,広島弁,のる,,「の」にアクセントがある。下を向いているときに顔を上に上げる動作。背筋を伸ばすことという意味もある。「のって食べんさい（背筋を伸ばして食べなさい）。」,,な行
Wikipedia,広島弁,はがええ、はぐいい,,はがゆい、腹立たしいの意。「あー、もうぶちはがえぇのう（あー、とてもはがゆいな）」,,は行
Wikipedia,広島弁,はぐる,,めくるの意。布団や衣服のようなある程度大きく厚みのあるものに使われ、カードのような薄く小さいものや、フィルム等を剥がす場合ははぐを使う。四段活用に準じて変化する,,は行
Wikipedia,広島弁,はさる,,挟まる事。「（食べかすが）歯にはさってしもうた」などと使う,,は行
Wikipedia,広島弁,はせる,,挟むの意。他地域で働いている時、書類をファイルに綴じてもらおうと「これ、そこのファイルにはせといて」などと言うと怪訝な顔をされる,,は行
Wikipedia,広島弁,はね,,のけ者。はねっこ、とも。「今日は遊びょうって、はねになった。」（今日、遊んでいて、のけ者になった。）,,は行
Wikipedia,広島弁,はぶ,,歯茎のこと。「歯槽膿漏で、はぶが痛とうてのう。」（歯槽膿漏で、歯茎が痛くてねえ。）,,は行
Wikipedia,広島弁,はめ・はみ,,まむしの意「はめぇ捕まえたけぇ、焼酎につけちゃろ（まむしを捕まえたから、焼酎につけよう）」県北では「はみ」（西部）,,は行
Wikipedia,広島弁,はやる,,紙切れ・布切れなどの薄くて小さなものが風に飛ばされる事,,は行
Wikipedia,広島弁,はよう,,早く,,は行
Wikipedia,広島弁,ばぁ,,〜ばっかりの意。「ばばぁばぁじゃ（婆さんばっかりです）」（東部）,,は行
Wikipedia,広島弁,ばち,,とってもの意。「ぶち」を参照,,は行
Wikipedia,広島弁,ばっち,,他所（よそ）、知らない遠方の場所。「某地」からの転,,は行
Wikipedia,広島弁,ばばいい,,まぶしい。（「まばゆい」からの変化）,,は行
Wikipedia,広島弁,ばんげ,,夜の意。「きにょうのばんげに（昨日の夜に）」（県北・西部）,,は行
Wikipedia,広島弁,ひ,,明かりの意。火、陽、灯などから。「ひ、つけてや（明かり、つけてよ）」（西部）,,は行
Wikipedia,広島弁,ひぃー,,必死の意。「そがいに、ひぃーなりんさんなや（そんなに必死にならないでください）」,,は行
Wikipedia,広島弁,ひこずる,,引きずるの意,,は行
Wikipedia,広島弁,ひてい,,1日の意。もう聞く事も少なくなった死語となりつつある広島弁の一つ。「ひてい、ふつか（1日、2日）」,,は行
Wikipedia,広島弁,ひなか,,日中の意。「日のひなかから、そとに出らりゃあせんわいや（日中（昼過ぎ）から、（暑くて）そとに出ることなんて出来ないよ）」（西部）,,は行
Wikipedia,広島弁,ひやい,,冷えた,,は行
Wikipedia,広島弁,ひよる,,風で物が飛んでいく。「洗濯物がひよる」,,は行
Wikipedia,広島弁,ひらめ,,やまめの意（西部）,,は行
Wikipedia,広島弁,ひる,,過剰な何か。極み。比類なき。「かばちのひる（戯言の極み）」「我儘のひる（我儘の極み）」「外道のひる（外道の極み)」（西部）,,は行
Wikipedia,広島弁,ひわる,,曲がること。漢字で書くと「干割る」。「この板はひわっとる（この板は曲がっている）」,,は行
Wikipedia,広島弁,ひんじょう,,文句、不平不満の意。「ひんじょう言うな（文句を言うな）」（西部）,,は行
Wikipedia,広島弁,びっしゃこ、びっちゃこ,,びしょ濡れの意。「急に雨降ってきて、びっしゃこじゃ（急な雨でびしょ濡れです）」（県北・西部）,,は行
Wikipedia,広島弁,びったれ,,小心者,,は行
Wikipedia,広島弁,ぴしゃげる,,叩くの意。平手打ちをすること。また、「平手打ち」を表す名詞として「ぴしゃげ」もある。「逆らうやつはぴしゃげるど!（逆らうやつはひっぱたくぞ！）」,,は行
Wikipedia,広島弁,ぴしゃっと,,ちゃんと。きちんと。「ぴしゃっとせえ！（ちゃんとしなさい！）」,,は行
Wikipedia,広島弁,ふうがええ,,風体・体裁（風）が良い（ええ）という意味で、「むすびのむさし」の包み紙にも「好都合である」と書かれているが、現在では皮肉を込めて逆の意味に用いられることの方が多い（西部）,,は行
Wikipedia,広島弁,ふうがわりい,,みっともない、風体、体裁が悪い、格好悪い,,は行
Wikipedia,広島弁,ふとい,,大きいの意。「ぶちふといはめ（はみ）がおったで（とても大きいマムシがいたよ）」（西部）,,は行
Wikipedia,広島弁,ぶと,,標準語でいう所のブユ（蚋）,,は行
Wikipedia,広島弁,ぶに,,分（ぶん）、物（もの）の意。「わしのぶに」「このぶに」。岡山弁であるが福山市でも使われる,,は行
Wikipedia,広島弁,ぶり、ブリ,,ぶちを参照。「これ、ブリうまいのう」など,,は行
Wikipedia,広島弁,へしゃげる・へちゃげる,,つぶれる、へこむの意。へちゃげるとも言う。「事故で車がへしゃげた（車がつぶれた）」,,は行
Wikipedia,広島弁,へり,,そば、ふちのこと。縁。「ねと」との違いは微妙。「本はテレビのへりに置いたる（ほんはてれびのそばにおいてある）」（西部）,,は行
Wikipedia,広島弁,べっち・べこ,,子牛の意。「べっちをこうてくらあ（子牛をかってくるよ）」,,は行
Wikipedia,広島弁,ほいじゃが,,そうですが,,は行
Wikipedia,広島弁,ほいで、ほいでから,,それで。「ほいでのぅ、いんだげなで（それで、帰ったらしいよ）」 （西部）,,は行
Wikipedia,広島弁,ほいと,,物乞い,,は行
Wikipedia,広島弁,ほいとぐい,,自分の欲しい物を最後まで取っておく食べ方。「あんたあ、ほしとぐいしんさんなや。」,,は行
Wikipedia,広島弁,ほうくる,,強調しかし、放くるか？ ほうくりだす（叩き出すのような）。ほうくりなげる（いまいましく投げ捨てるの意）,,は行
Wikipedia,広島弁,ほうじゃのお–,,そうだなあ–,,は行
Wikipedia,広島弁,ほうとくない,,情けない、だらしない、つまらないの意。「ほうとくない奴じゃのぉ（情けない奴だなぁ）」（西部）,,は行
Wikipedia,広島弁,ほうりほうり,,することがなくて身をもてあましているさま、ふらふらの意。「あんたぁほうりほうりしとらんとぴしゃっとしんさいや（あなたはふらふらしてないでちゃんとしてください)」（西部）,,は行
Wikipedia,広島弁,ほしい,,惜しい。ほしかった（惜しかった）,,は行
Wikipedia,広島弁,ほっとぬるい,,のろい、もたもたしている,,は行
Wikipedia,広島弁,ほんじゃーね,,それでは、さようなら。といった意味の広島弁。主に広島の若い女性がよく使う。男性や言葉遣いの荒い人だと「ほんじゃーの」となる,,は行
Wikipedia,広島弁,まくれる,,（豪快に）転ぶ。ひっくり返る。「ばあちゃんが、まくれた（婆ちゃんが、（股関節骨折していないか心配なくらい）。ころんだ。）」,,ま行
Wikipedia,広島弁,まげ,,見事、立派、上手。「あんたぁ、まげな鯉を釣ったのう（あんたは、立派な鯉を釣ったね）」、「まげにいかん（上手にできない）」,,ま行
Wikipedia,広島弁,まめ（に）,,元気（に）,,ま行
Wikipedia,広島弁,まん,,運,,ま行
Wikipedia,広島弁,まんまんきび,,トウモロコシ。南蛮黍からの変化,,ま行
Wikipedia,広島弁,まんまんさん,,南無阿弥陀仏（幼児語）,,ま行
Wikipedia,広島弁,みそ,,遊ぶ時に鬼などにはならない子供。鬼ごっこなどで年の離れた子供が遊ぶ時、小さな子供は走るのが遅く狙われやすいので、タッチなどされても鬼などになることを免れる,,ま行
Wikipedia,広島弁,みて,,観る人,,ま行
Wikipedia,広島弁,みてる,,（ある一定の量があったものが減って）無くなるの意。忌み言葉と同音のため、反義語「満てる」が転じて使われるようになった。「みなみてたわ（全部無くなったよ）」（全域）,,ま行
Wikipedia,広島弁,みな,,みんな。「みなおらんわ（みんないないな）」（全域） 全部という意味も持つ。「みな腐ってしもぅたわ（全部腐ってしまったよ）」,,ま行
Wikipedia,広島弁,みみご,,耳垢,,ま行
Wikipedia,広島弁,むつこい,,味がしつこい,,ま行
Wikipedia,広島弁,めぐ、めげる,,壊れるの意。人（精神）にも使う。「ゲームがめげてしもうた（ゲームが壊れてしまった）」。過去形は「めげた」と、故意に壊す意味を含む「めがした」、「めいだ」というのがある（全域）,,ま行
Wikipedia,広島弁,めぼ,,ものもらい,,ま行
Wikipedia,広島弁,もぐれ,,「まみれ（塗れ）」の意、「泥もぐれ」「借金もぐれ」の様に使用する,,ま行
Wikipedia,広島弁,もげる,,取れる。「あっ、腕がもげた！（あっ、腕がとれた！）」（西部）,,ま行
Wikipedia,広島弁,もとぉらん,,つまらない、駄目な、役に立たないの意。「もとぉらんことぉゆうな（つまらないことを言うな）」（西部）,,ま行
Wikipedia,広島弁,もぶれる,,まとわりつくの意,,ま行
Wikipedia,広島弁,もめさんかやす・もめさんかえす,,ぐちゃぐちゃに揉める,,ま行
Wikipedia,広島弁,もんすごい,,ものすごい,,ま行
Wikipedia,広島弁,や,,命令型。「はよぅせえや（早くしろ）」（安芸）,,や・ら・わ行・ん
Wikipedia,広島弁,やおい,,やわらかい,,や・ら・わ行・ん
Wikipedia,広島弁,やぎろおしい,,ややっこしい、むずかしい。「あんた、やぎろおしいことをいいんさんな（あなた、ややっこしい（難しい）事を言わないで）」,,や・ら・わ行・ん
Wikipedia,広島弁,やっちもない,,しょうもない（東部）,,や・ら・わ行・ん
Wikipedia,広島弁,やれん,,やっかい、しんどい、の意。。「あれはやれんことばぁ言うけえのぉ（彼はやっかいなことばかり言うからなぁ）」（西部）,,や・ら・わ行・ん
Wikipedia,広島弁,やーや,,感嘆句。「やーや、どぶにはまっとらあ。」または「やー、きしゃなあ（きたない）。」,,や・ら・わ行・ん
Wikipedia,広島弁,やーやー,,うるさく。「やーやー言う（うるさく言う）」,,や・ら・わ行・ん
Wikipedia,広島弁,ゆうことがええよ！,,相手の物言いに不平がある場合に使う慣用句。共通語で訳すと「言うことがいいな」だが、「いいな」は皮肉で、実際には言うことは「悪い」という意味,,や・ら・わ行・ん
Wikipedia,広島弁,ゆうとったるがの！,,（最初に）言っておくがな！,,や・ら・わ行・ん
Wikipedia,広島弁,ゆわん,,言わない。ゆわんでいいんよね（言わなくていいのよ）,,や・ら・わ行・ん
Wikipedia,広島弁,ゆーたげんさんな,,言うのはやめてあげなさい,,や・ら・わ行・ん
Wikipedia,広島弁,よいよ,,文頭に用い、あきれた気持ちを表す。「よいよ、あんたぁ何回言やぁわかるんねえ。」（まったく、あなたは何度言ったら解るのか。）,,や・ら・わ行・ん
Wikipedia,広島弁,よぉ,,良く,,や・ら・わ行・ん
Wikipedia,広島弁,よぉよぉ,,良く良く,,や・ら・わ行・ん
Wikipedia,広島弁,よぉよぉせにゃぁ,,良く良くしないと。→ せにゃぁ/せんにゃぁ/せんとぉ,,や・ら・わ行・ん
Wikipedia,広島弁,よごれ,,見た目の汚れた人ではなく、生き方のなっていない人の意。「あんたあ、よごれじゃのに、けがれじゃねえ。」（君は、見た目汚いのに、汚いのが嫌いなんじゃねえ。）転じて、自分には甘いのに人には厳しいという指摘に使う,,や・ら・わ行・ん
Wikipedia,広島弁,よしてえや〜,,私（私たち）も仲間に入れてくださいの意。子供が遊びの輪に入りたいときの呼びかけ,,や・ら・わ行・ん
Wikipedia,広島弁,よす,,仲間に入れる,,や・ら・わ行・ん
Wikipedia,広島弁,よせる,,仲間に入れる,,や・ら・わ行・ん
Wikipedia,広島弁,よったり,,4人,,や・ら・わ行・ん
Wikipedia,広島弁,よばれる,,ご馳走になる。「お隣さんが茶ぁ用意して待っとってくれてじゃけぇ、早よぅ呼ばれようやぁ」（お隣さんがお茶を用意してくださってるから、早くいただこうよ」,,や・ら・わ行・ん
Wikipedia,広島弁,わがた,,自分の。「わかたの田（自分の田）」 または、自分の家,,や・ら・わ行・ん
Wikipedia,広島弁,わち,,わたしの意。「わちがするけぇ（私がします）」年配の女性がよく使う,,や・ら・わ行・ん
Wikipedia,広島弁,わやくそ、わやくちゃ,,「わや」よりも更にめちゃくちゃな様子。「部屋がわやくちゃじゃけぇ、はよぉなおしんさい（部屋がぐちゃぐちゃだから、早く片付けなさい）」,,や・ら・わ行・ん
Wikipedia,広島弁,わるさ,,悪い事、いたずら,,や・ら・わ行・ん
Wikipedia,広島弁,アナダコ,,スナダコ。砂に穴を掘って生息しており、鍬で掘り返して捕る,,あ行
Wikipedia,広島弁,イモハゼ,,クラカケトラギス。海水魚の一種,,あ行
Wikipedia,広島弁,カギジャコ,,トビヌメリ。スズキ目・ネズッポ亜目・ネズッポ科に分類される海水魚の一種,,か行
Wikipedia,広島弁,カラコギ,,ハオコゼ。カサゴ目ハオコゼ科の海水魚,,か行
Wikipedia,広島弁,カラスギザ,,ニシキベラ、スズキ目ベラ科の魚,,か行
Wikipedia,広島弁,ガゾウ（ガドウ）,,モクズガニ,,か行
Wikipedia,広島弁,ギザミ,,キュウセン（ベラ科の魚）。オスは青いので「青ギザ」、メスは赤いので「赤ギザ」とも言う,,か行
Wikipedia,広島弁,ギョールさん,,少女。若い女性。ハワイやカリフォルニアに居住経験のあるがよく使う,,か行
Wikipedia,広島弁,ギンガー,,ヒイラギ (魚)。スズキ目ヒイラギ科に分類される魚の一種。シンギン、ギンギンとも。表面が銀色に光るから？,,か行
Wikipedia,広島弁,ギース,,キリギリス。鳴き声が「チョンギース」と聞こえることから、その後ろ半分をとったもの,,か行
Wikipedia,広島弁,クモのえば（蜘蛛のえば）,,クモの糸。網を張るクモの糸を指すこともあるが、倉庫・小屋などにハエトリグモなどの網を張らないクモがはいた糸を指すことが多い,,か行
Wikipedia,広島弁,グレン,,クレーン,,か行
Wikipedia,広島弁,ケーキ,,アイスクリーム。広島弁では、アイスクリームのことをアイスケーキと言い、さらにそれを略した言い方,,か行
Wikipedia,広島弁,ゲが出る,,嘔吐する以外に非常に印象が悪い時にも使う,,か行
Wikipedia,広島弁,コッペパン,,メロンパン（共通語でのコッペパンは、味付けパンという。）,,か行
Wikipedia,広島弁,シクチ,,メナダ。海水魚の一種。ボラに似ているが、目が赤く頭部がボラより平たい,,さ行
Wikipedia,広島弁,ショウト,,ホオジロ（古い呼び名である「シトド」からの変化）,,さ行
Wikipedia,広島弁,スタンド,,スナック,,さ行
Wikipedia,広島弁,タイタイ,,魚の幼児語。（そこにタイタイがおるよ。）,,た行
Wikipedia,広島弁,チンボキリ,,タイコウチ。水生昆虫の一種,,た行
Wikipedia,広島弁,チンボスター,,カワテブクロ。ヒトデの一種,,た行
Wikipedia,広島弁,チンボダシ,,アサヒアナハゼ。海水魚の一種。大きな生殖器が体外に出ていることから,,た行
Wikipedia,広島弁,チンボミミズ,,フトミミズなどの大きなミミズ,,た行
Wikipedia,広島弁,テカブリ,,イトヒキハゼ。スズキ目・ハゼ科に分類される魚,,た行
Wikipedia,広島弁,デングイ(デングリ),,スナメリ。ネズミイルカ科に属する小型のイルカ,,た行
Wikipedia,広島弁,デンチョウ,,ウシノシタ（シタビラメ）。伝助ガレイ,,た行
Wikipedia,広島弁,ドンコウ,,河口・沿岸部で見られる、体表がヌメヌメとした食用とはならない小型のハゼ科の魚の総称,,た行
Wikipedia,広島弁,ノウクリ,,ドチザメ。海岸部では湯引きして、酢味噌で食用にする,,な行
Wikipedia,広島弁,ハランキョウ,,スモモ,,は行
Wikipedia,広島弁,ブイブイ,,グミ (植物),,は行
Wikipedia,広島弁,ブンダイ,,バテイラ。ニシキウズガイ科もしくはサザエ科に分類される巻貝の一種,,は行
Wikipedia,広島弁,ブンブン,,カナブン・ドウガネブイブイ・ハナムグリなどのコガネムシの総称,,は行
Wikipedia,広島弁,ホゴ,,カサゴ。カサゴ目フサカサゴ科の魚類,,は行
Wikipedia,広島弁,ボンジャコ,,シャコ。軟甲綱 トゲエビ亜綱 口脚目・シャコ科に属する甲殻類,,は行
Wikipedia,広島弁,マメダヌキ,,ニホンアナグマ。イタチ科アナグマ属に分類される食肉類,,ま行
Wikipedia,広島弁,マルムシ,,ダンゴムシ,,ま行
Wikipedia,広島弁,マンジュウガニ,,マメコブシガニ,,ま行
Wikipedia,広島弁,メンタイ,,広島では辛子明太子ではなく、白身魚のヨロイイタチウオを指す言葉。ロシア語のミンタイに通じる。また白身魚のフライと言うと、このメンタイのフライを指す,,ま行
Wikipedia,広島弁,ヤズ,,ブリの子。ヤズ（〜40cm)、ハマチ（40〜60cm）、メジロ（60〜80cm）、ブリ（80cm〜、または8kg以上）の様にサイズで変化する,,や・ら・わ行・ん
Wikipedia,広島弁,ラム,,ビー玉（ラムネの中に入っているからか？）,,や・ら・わ行・ん
Wikipedia,広島弁,ワチ,,サッパ。海水魚の一種。岡山でいうママカリ。ワチを食べると、春が来たなあと思う。焼いて、酢醤油につけて食べる,,や・ら・わ行・ん
Wikipedia,広島弁,何して、なんして,,共通語では「何(を)して」。これを用いた活用例として「何してええかわからん」などがある。これは三つの広島弁が合わさった言い方。「何して（何をしたら）ええか（いいのか）わからん（分からない）」,,な行
Wikipedia,広島弁,何となし(に),,何となく,,な行
Wikipedia,広島弁,取り敢えず,,･･･たちまちの意。広島弁では共通語とは逆転していることがある,,た行
Wikipedia,広島弁,味付けパン,,コッペパン。学校給食時の校内放送で、単に「パン」というとコッペパンを指すことが多い,,あ行
Wikipedia,広島弁,市内（しない）,,広島市。広島で「市内」と言ったら広島市を指す。他県で広島出身者にあったら、最初の会話は「広島のどこなん、市内?」,,さ行
Wikipedia,広島弁,貝かき,,潮干狩り,,か行
Wikipedia,広島弁,（い）よいよ,,→「よいよ」を参照,,あ行
Wikipedia,庄内方言,nda,,ndake,,述部の形態
Wikipedia,庄内方言,sa-nε,,s&ccedil;i||su||suC||s&ccedil;e-mba||s&ccedil;e,,述部の形態
Wikipedia,庄内方言,完了,,s&ccedil;ita||s&ccedil;itake,,述部の形態
Wikipedia,庄内方言,未然,,連用||終止||連体||仮定||命令,,述部の形態
Wikipedia,庄内方言,非回想,,回想,,述部の形態
Wikipedia,庄内方言,非完了,,su||sukke,,述部の形態
Wikipedia,房州弁,〜くったい,,〜ください。 （例）持ってってくったい。→持っていってください,,か行
Wikipedia,房州弁,あおなじみ,,青あざ,,あ行
Wikipedia,房州弁,あかんぺろん,,擦り剥いて、皮が剥がれた様子,,あ行
Wikipedia,房州弁,あじ,,如何。但し、単体では使わない。下記、「あじ」の派生,,あ行
Wikipedia,房州弁,あじした？,,どうした？ （例） そん顔あじした？→その顔どーした？,,あ行
Wikipedia,房州弁,あじする？,,どうする？ （例）にしゃ、あじする？→あなたは、どーする？,,あ行
Wikipedia,房州弁,あじょうだ？,,どう？ （例）こんおつけ、あじょうだ？→このお味噌汁、どう？,,あ行
Wikipedia,房州弁,あて,,私・俺など自称。｢あてら｣＝私たち,,あ行
Wikipedia,房州弁,あてこともねー,,どうしようもない。救いようがない。 （例）また寝ションベン漏らしたんか？あてこともねぇ。→またオネショしたの？どうしようもないね,,あ行
Wikipedia,房州弁,あに,,何。何ですか,,あ行
Wikipedia,房州弁,あんが,,いやいや、 （例）はー飯よそっけ？あんが、まだいらねぇ。→もうご飯よそう？いや、まだいいや,,あ行
Wikipedia,房州弁,あんご,,ヒキガエル、蛙の事 （例）あそーの、田さあんごん子がいたぁお,,あ行
Wikipedia,房州弁,いいあんばい,,良い天気。 通りがかりの挨拶に用いられる,,あ行
Wikipedia,房州弁,いそっぴ,,イワガニ、イソガニ、ヒライソガニなど、海岸でみられる小型のカニの総称,,あ行
Wikipedia,房州弁,いっぺえ,,たくさん。いっぱい。一杯。 （例1）いっぺえあらあで→たくさんありますね。（例2）いっぺえやんべんね→一杯飲みましょうよ,,あ行
Wikipedia,房州弁,うなう,,耕す,,あ行
Wikipedia,房州弁,うならかす,,相手を圧倒させる。急いでやる。（例）うならかして行かないと間にあわない,,あ行
Wikipedia,房州弁,うら,,後ろ,,あ行
Wikipedia,房州弁,うんてえ・おんて,,重い,,あ行
Wikipedia,房州弁,おいねぇ・おんね,,駄目。無理。 （例）そらおいねぇよ。（例）おいないですねぇ,,あ行
Wikipedia,房州弁,おいもんかい,,駄目、コラ！ (例)それおいもんかい！,,あ行
Wikipedia,房州弁,おぅよ,,いいよ。 （例）おぅよ。明日いくべよ,,あ行
Wikipedia,房州弁,おごいぼぅ,,おこりん坊,,あ行
Wikipedia,房州弁,おせる,,捕まえる。教える。(人間が)交尾する,,あ行
Wikipedia,房州弁,おっける,,ころぶ。（例）田ん畔でねえごんでおっけっちまったぁよ,,あ行
Wikipedia,房州弁,おみおつけ,,味噌汁,,あ行
Wikipedia,房州弁,おめぇらが,,お宅。あなたらが。 （例）おめえらがじゃ、はあ田植え終わったんか？,,あ行
Wikipedia,房州弁,おれ,,私。 ～が、がつくと略されて「おが」という場合もある。 アクセントは「お」にある,,あ行
Wikipedia,房州弁,おんごしょる,,折れる,,あ行
Wikipedia,房州弁,おんだら,,私達。 （例）おんだらはけぇんべ,,あ行
Wikipedia,房州弁,かぁかぁ,,馬鹿。阿呆。 （例）成績悪いかんかぁかぁって言われんだべ,,か行
Wikipedia,房州弁,かぁねぇ,,食べない。（例）はーかぁねぇか？→もう食べないの？,,か行
Wikipedia,房州弁,かせる,,かぶれる,,か行
Wikipedia,房州弁,かっくらす,,殴る,,か行
Wikipedia,房州弁,かってぼ,,あほか！ （例）つまらない駄洒落にツッコミを入れる時、「かってぼさぁ！」,,か行
Wikipedia,房州弁,かます,,はさむ。動かないように言葉や動作・くさびをたてること,,か行
Wikipedia,房州弁,かわばち,,川魚 ナマズ目ギギ科、標準和名ギバチ,,か行
Wikipedia,房州弁,かんます,,かき回す,,か行
Wikipedia,房州弁,きばる,,痛くなる。 （例）腹がきばっちってどうしようもねぇ,,か行
Wikipedia,房州弁,きもいる,,むかつく。腹がたつ,,か行
Wikipedia,房州弁,くむ,,崩れる。壊れる。 （例）あっちの土手が、つっくんでたぁよ,,か行
Wikipedia,房州弁,ぐしゃる,,情交する。「遇し合う」又は「具を合わせる」から来ていると思われる,,か行
Wikipedia,房州弁,けぇ,,食え。 （例）まっとけぇよ。→もっと食えよ。※まっと→もっと,,か行
Wikipedia,房州弁,けえる,,帰る。 （例）おせぇかいけえんべよ。 はぁけぇっかい。（帰るから。）,,か行
Wikipedia,房州弁,げっぽ,,嘔吐物,,か行
Wikipedia,房州弁,こええ,,硬い。一部地域で疲れる,,か行
Wikipedia,房州弁,こちょぐってぇ,,くすぐったい,,か行
Wikipedia,房州弁,こっぺ,,屁理屈。（例）こっぺ、きゅうな！→屁理屈を言うな！ ※きゅうな→利くな,,か行
Wikipedia,房州弁,こばっこ,,端・隅っこ,,か行
Wikipedia,房州弁,さーしぶりだね,,久しぶり,,さ行
Wikipedia,房州弁,じょうぼ,,門前・家の前の通路,,さ行
Wikipedia,房州弁,じょんごろ,,おたまじゃくし,,さ行
Wikipedia,房州弁,ずんねぇ,,大きい,,さ行
Wikipedia,房州弁,せど,,裏。 （例）せど山,,さ行
Wikipedia,房州弁,そうだいねぇ,,そうだよね,,さ行
Wikipedia,房州弁,そば,,近く。近所。周辺,,さ行
Wikipedia,房州弁,たんご,,牛糞、肥やし。一部地域で「ふませ」とも言う,,た行
Wikipedia,房州弁,だんみゃく,,散らかっている様をいう。 （例）うちん中がだんみゃくっしょ,,た行
Wikipedia,房州弁,ちいちゃっけぇ・ちっけぇ,,小さい,,た行
Wikipedia,房州弁,ちっこ,,乳房。おっぱい。※牛の初乳を火入れ加工した「ちっこかためたーの」というバターに似た料理が実在する,,た行
Wikipedia,房州弁,ちょんぴこ,,アゴハゼ属に属する魚の総称,,た行
Wikipedia,房州弁,ちょんぽ・ちょんぽこ,,ぺにす。ちょんぽこ＝子どものぺにす,,た行
Wikipedia,房州弁,ないびーびー,,泣き虫。意気地なし,,な行
Wikipedia,房州弁,にぎぃめし,,おにぎり,,な行
Wikipedia,房州弁,にし,,二人称を意味する。あなた。君,,な行
Wikipedia,房州弁,ねんぽ,,穴 （例）鼻ねんぽ,,な行
Wikipedia,房州弁,はがち,,ムカデ,,は行
Wikipedia,房州弁,はしけぇ,,チクチクすること、様子（例）はしけーよ,,は行
Wikipedia,房州弁,はなっと,,岬の先端部。かど,,は行
Wikipedia,房州弁,はー,,もう。 （例）はーいいけ？→もういいのか？,,は行
Wikipedia,房州弁,ひして,,一日。ひしてふつかかかる。＝二日かかる,,は行
Wikipedia,房州弁,ひとみず,,人見知り,,は行
Wikipedia,房州弁,ひゃっけぇ、ひゃっこい,,冷たい,,は行
Wikipedia,房州弁,びたびた、びたんびたん,,びしょびしょ（雨などにぬれた時に使う）,,は行
Wikipedia,房州弁,ぷっくす、ぼっこす,,壊す。破壊する,,は行
Wikipedia,房州弁,ぷっくらす,,かっくらす（殴る）よりも強い意味合いを持つ,,は行
Wikipedia,房州弁,ほいで,,それで,,は行
Wikipedia,房州弁,ほてる,,熱くなる。顔などが熱くなる。怒る,,は行
Wikipedia,房州弁,ほと,,女陰,,は行
Wikipedia,房州弁,ほんこん,,本気で。マジで。[転じて→]強く。力いっぱい,,は行
Wikipedia,房州弁,まっこ,,かやの葉、真菰（まこも）の葉 盆供に用いる,,ま行
Wikipedia,房州弁,まっと,,もっと。 （例）まっとけぇよ。→もっと食えよ。※けぇ→食え,,ま行
Wikipedia,房州弁,もぢける,,壊れて外れる,,ま行
Wikipedia,房州弁,やあしんぼぅ,,食いしん坊,,や行
Wikipedia,房州弁,やあばっしぇ,,おいで,,や行
Wikipedia,房州弁,やあんでく,,歩く。 （例）今日天気がいいからよぉ、木更津までやんでくべや,,や行
Wikipedia,房州弁,やってらぁ,,始まっている。 （例）宴会ははぁやってらぁ,,や行
Wikipedia,房州弁,やぶ,,歩いてゆく。行く,,や行
Wikipedia,房州弁,やべさ,,行こうよ,,や行
Wikipedia,房州弁,やまべ,,川魚、コイ科オイカワのこと,,や行
Wikipedia,房州弁,やんべぇ,,～をやろう。～をしよう。 （例）はや、釣りやんべぇおー（訳：はやく釣りをやろうよ）,,や行
Wikipedia,房州弁,わら,,お前たち。あなた方。「わんら」ともいう,,わ行
Wikipedia,房州弁,わん,,お前。あなた。「われ」は「わん」の丁寧語,,わ行
Wikipedia,房州弁,ケバ,,陰毛,,か行
Wikipedia,房州弁,～かし,,～かしら,,か行
Wikipedia,房州弁,～がん～,,～の～。（例）にしらんがん畑→あなた達の畑,,か行
Wikipedia,房州弁,～け,,～か。 （例）そうけ。→そうか,,か行
Wikipedia,房州弁,～じっか,,君津・木更津周辺のみ。静岡弁の「～じゃんかぁ」に相当。～じゃないか,,さ行
Wikipedia,房州弁,～だで,,静岡弁の「～じゃんかぁ」に相当。～じゃないか,,た行
Wikipedia,房州弁,～っしょ,,～でしょ。 （例）おめぇ昨日君津駅に来なかったっしょ,,た行
Wikipedia,房州弁,～でん,,～じゃん。～でしょ。 （例）こらぁ、ひでーでん。→これはヒドイじゃん！,,た行
Wikipedia,房州弁,～でんいぇー,,～じゃんかよー。※～でん。より荒っぽい。 （例）そらぁ、ひでーでんいぇー。→それはひどいじゃんかよー！,,た行
Wikipedia,播州弁,-あるく（複合動詞）,,飛ぶ・走るなどの後ろに接続し、動きを表す,,語彙
Wikipedia,播州弁,…かいな、…かいや,,動詞連用形に続き、反語を示す。また、動詞／名詞に続いて、軽い落胆を表す,,語法
Wikipedia,播州弁,…がい,,感嘆を表す終助詞 他の近畿方言での「…がな」に相当,,語法
Wikipedia,播州弁,…さかい、…さけぇ、…はけぇ,,…だから。「さ」「は」が省略されて「…かい」「…けぇ」になることもある,,語法
Wikipedia,播州弁,…しとみない／…しともない,,…やりたくない、…するのが嫌だ,,語彙
Wikipedia,播州弁,…ど,,他の近畿方言での「･･･で」に相当,,語法
Wikipedia,播州弁,…なら、…な,,…だ。西播が主。中国方言にも同様の表現がある,,語法
Wikipedia,播州弁,…のう,,…なぁ、…ねぇ,,語法
Wikipedia,播州弁,…やから,,…だから。「だ」が「や」になる,,語法
Wikipedia,播州弁,…やねや,,…なのだ。「…やねん」と同じ。「…ねん」は本来の播州弁ではないが、関西共通語化の影響で使用する人も増えている,,語法
Wikipedia,播州弁,…やん,,…なのだ。「…やねん」と同じ。播州弁では、ほかの近畿方言より使用回数は方言上少々少なめ,,語法
Wikipedia,播州弁,…よる、…よん、…よう,,…言っている。中国方言、四国方言にも同様の表現がある,,語法
Wikipedia,播州弁,…わい,,…ぞ、…だよ,,語法
Wikipedia,播州弁,あた,,強調の意味を持つ接頭語。相手に対し嫌悪の城があることを示す（漢字では「仇」）,,語彙
Wikipedia,播州弁,あだける,,転げ落ちる。元は京都語で、他動詞型は「あだす」,,語彙
Wikipedia,播州弁,いがむ,,歪む,,語彙
Wikipedia,播州弁,いきいきごんぼ,,半死半生、今にも死にそうな様,,語彙
Wikipedia,播州弁,いぬ,,帰る。平板アクセント,,語彙
Wikipedia,播州弁,いのく,,動く,,語彙
Wikipedia,播州弁,いらう,,いじる、からかう、推敲する。触る。手を加える,,語彙
Wikipedia,播州弁,うっとこ,,【名】うちのところ、から転じた言葉。または妻が夫のことを他者に呼ぶ語,,語彙
Wikipedia,播州弁,えらい,,とても、すごい、（えらい疲れたの略で）疲れる,,語彙
Wikipedia,播州弁,おく／しまう,,（作業などを）終える、終わる,,語彙
Wikipedia,播州弁,おせらしい,,おとなっぽい,,語彙
Wikipedia,播州弁,おぞ毛が立つ,,鳥肌が立つ。「ぞぞ毛が立つ」とも言う,,語彙
Wikipedia,播州弁,おたやん,,【名】おたふく、おかめ。播州地方は獅子どころと呼ばれるが、獅子舞に登場することが多い,,語彙
Wikipedia,播州弁,おてしょ／おてし,,【名】小皿。「お手塩」から,,語彙
Wikipedia,播州弁,おとろしい／おっとろしい,,怖い,,語彙
Wikipedia,播州弁,おとんぼ,,末っ子,,語彙
Wikipedia,播州弁,おまん／おまはん／おのれ,,あなた、お前,,語彙
Wikipedia,播州弁,おわえる,,追いかける,,語彙
Wikipedia,播州弁,おんどりゃ,,お前。怒ったときなどに言う,,語彙
Wikipedia,播州弁,おんびん,,臆病。岡山弁にも同様の表現がある,,語彙
Wikipedia,播州弁,おんまく,,思いきり、力いっぱい、全力で,,語彙
Wikipedia,播州弁,かじく,,耕す、掘る,,語彙
Wikipedia,播州弁,かだ／かいだ,,香り、匂い、匂いの正体。「かざ」が変化したもの,,語彙
Wikipedia,播州弁,かちます／かちまあす,,ひどく殴る、痛い目に遭わせる,,語彙
Wikipedia,播州弁,かばちたれ,,屁理屈を言う（奴）。中国方言にも同様の表現がある,,語彙
Wikipedia,播州弁,きょうとい／きょーとい,,恐ろしい。気味が悪い。いとわしい。気にそまない。うとましい。「気疎い（けうとい）」から,,語彙
Wikipedia,播州弁,ぎょうさん,,たくさん,,語彙
Wikipedia,播州弁,けったい,,妙、変,,語彙
Wikipedia,播州弁,げっと／げぼ,,一番あと、ビリ,,語彙
Wikipedia,播州弁,こそばい,,くすぐったい,,語彙
Wikipedia,播州弁,こまい／ちんまい,,【形】小さい,,語彙
Wikipedia,播州弁,ごおわく,,【動】腹が立つ。業が沸く,,語彙
Wikipedia,播州弁,ごじゃ,,無茶。動詞形「ごじゃする」もある,,語彙
Wikipedia,播州弁,ごっつい／ごっつー,,とても、すごい,,語彙
Wikipedia,播州弁,ごっと,,ご馳走,,語彙
Wikipedia,播州弁,さら,,新品,,語彙
Wikipedia,播州弁,さんこ／わたけた,,散らかっている状態を意味する言葉,,語彙
Wikipedia,播州弁,しゃしゃりでる,,でしゃばる,,語彙
Wikipedia,播州弁,しゅむ,,染みこむ,,語彙
Wikipedia,播州弁,しょーとろしい,,もったいない,,語彙
Wikipedia,播州弁,しんたく,,分家のことを「新宅」と表す,,語彙
Wikipedia,播州弁,しんどい,,疲れた,,語彙
Wikipedia,播州弁,じっき／じき,,すぐ,,語彙
Wikipedia,播州弁,じゃまくさい,,面倒,,語彙
Wikipedia,播州弁,じゅるい,,ぬかるんでいる,,語彙
Wikipedia,播州弁,じょうさん,,【副】たくさん,,語彙
Wikipedia,播州弁,ずつない,,【形】腹がいっぱいで苦しい状態。「術無い」から,,語彙
Wikipedia,播州弁,ずんべらぼん,,元々あったものが何もない様、丸裸、つるつるぺったんの状態、のっぺらぼう,,語彙
Wikipedia,播州弁,せえらいて,,精を出して、頑張って,,語彙
Wikipedia,播州弁,せたろうて／負うて,,背負って,,語彙
Wikipedia,播州弁,せんどぶり,,久しぶり,,語彙
Wikipedia,播州弁,そうれん,,葬儀、葬式。「葬殮／葬斂」からきたと思われる,,語彙
Wikipedia,播州弁,たぁ,,とは,,語彙
Wikipedia,播州弁,だっちょもない,,つまらない、値打ちのない,,語彙
Wikipedia,播州弁,だぼ,,【形】「アホ」を強調した形。神戸から阪神間の地域でも使用される,,語彙
Wikipedia,播州弁,だんない,,【形】構わない、大丈夫,,語彙
Wikipedia,播州弁,ちいとま,,少しの間,,語彙
Wikipedia,播州弁,ちゅーとる,,（と）言っている,,語彙
Wikipedia,播州弁,ちょっきり,,ぴったり、ちょうど,,語彙
Wikipedia,播州弁,つぶす,,両替する（紙幣を小銭に替える）,,語彙
Wikipedia,播州弁,てったう,,手伝う,,語彙
Wikipedia,播州弁,どくしょい,,ひどい、むごい,,語彙
Wikipedia,播州弁,どどこそ,,【副】なんとか、どうにか,,語彙
Wikipedia,播州弁,どない,,どう,,語彙
Wikipedia,播州弁,なけんならん,,…でなければならない,,語法
Wikipedia,播州弁,なり（が）わるい,,体裁が悪い、世間体が悪い,,語彙
Wikipedia,播州弁,ぬかす,,言う,,語彙
Wikipedia,播州弁,はしかい／はしこい,,痛がゆい、かゆい。大阪では「すばしこい」の意となる。姫路でも「俊敏、考えが早い、賢い」の意で通じる,,語彙
Wikipedia,播州弁,ひらげる,,【動】広げる,,語彙
Wikipedia,播州弁,ひんね,,昼寝,,語彙
Wikipedia,播州弁,ぴりぴり,,【副】（雨などが）ぽつぽつ、ちょっと。丹波方言などと共通する表現,,語彙
Wikipedia,播州弁,ぶいぶい,,コガネムシ,,語彙
Wikipedia,播州弁,へらへと,,【副】たくさん、嫌というほど。東播西部が主,,語彙
Wikipedia,播州弁,ほろ,,だいたい、おおよそ,,語彙
Wikipedia,播州弁,ぽいんた,,ミニバイク。新明和工業が販売していたバイクのブランド「ポインター」より,,語彙
Wikipedia,播州弁,むつごい,,脂濃い、しつこい、あっさりしていない。讃岐弁などと共通する表現,,語彙
Wikipedia,播州弁,むりと,,わざと、わざわざ、あえて,,語彙
Wikipedia,播州弁,めぐ,,【他動】壊す。自動詞は「めげる」,,語彙
Wikipedia,播州弁,めんどい,,みっともない、不出来な,,語彙
Wikipedia,播州弁,もおる,,帰る。「いぬ」と違って、「帰って来る」の意味合いが強い,,語彙
Wikipedia,播州弁,やぎろしい,,ややこしい,,語彙
Wikipedia,播州弁,よけまえに,,【副】余計に、余分に,,語彙
Wikipedia,播州弁,よる,,選別する、良し悪しを分ける,,語彙
Wikipedia,播州弁,よーけ,,沢山、いっぱい,,語彙
Wikipedia,播州弁,らく,,都合がよい、不都合でないの意、大丈夫,,語彙
Wikipedia,播州弁,わい／わし,,私、僕。男性語,,語彙
Wikipedia,播州弁,わえ／われ,,お前。「おんどりゃ」より少し優しい,,語彙
Wikipedia,播州弁,わへた／わっせた,,忘れた,,語彙
Wikipedia,播州弁,わや,,無茶苦茶,,語彙
Wikipedia,播州弁,動詞連体形／名詞 + やんな,,付加疑問を表し、相槌代わりにも用いる,,語法
Wikipedia,播州弁,始末する,,節約する,,語彙
Wikipedia,播州弁,知らん／分からん,,【動】「…なのかも知れない」の意味の時も、こう言う,,語彙
Wikipedia,播州弁,～円ガン,,～円で。かつては関西一円で使われた表現で、神河町の一部地域、多可郡多可町に残る,,語彙
Wikipedia,新方言,いっすんずり,,大分弁でなかなか前に進まない様子を表す表現だが、現在は主に「渋滞」を指す言葉として用いられる,,ア行
Wikipedia,新方言,じゃみじゃみ,,福井県で、テレビ放送終了後のいわゆる「砂嵐」画面を表現する言葉。関西・四国地方でも耳にする事がある,,サ行
Wikipedia,新方言,すかぶる,,空振りすること。四国・関西地方の一部の若年層の間で用いられている,,サ行
Wikipedia,新方言,とんしゃ,,北海道においてタクシーを指す言葉,,タ行
Wikipedia,新方言,エンジン,,静岡市や川根本町では大井川鐵道井川線を指す言葉である。元々は大井川鐵道大井川本線と区別する為に千頭森林鉄道を指していたものが引き継がれた,,ア行
Wikipedia,新方言,ジャス,,仙台弁でジャージーの意味,,サ行
Wikipedia,新方言,ジャッシー,,甲州弁でジャージーの意味,,サ行
Wikipedia,新方言,スチロパール,,長野県の長野市周辺で1960年代に定着した「発泡スチロール」の新方言。長野市内の企業の登録商標だが、一般名詞として使用されるようになった,,サ行
Wikipedia,新方言,ハイヤー,,北海道においては、タクシーは呼び出すものであり流しのタクシーに馴染みのない地域が多かった為、ハイヤーとタクシーの境界が曖昧となり、結果として北海道では「ハイヤー」はタクシーを指す方言となった,,ハ行
Wikipedia,新方言,ビール,,甲州弁で手押し式のトロッコを指す表現。英語で遺体や棺桶を移動する為の四輪手押し車を指す「ビア」が語源,,ハ行
Wikipedia,新方言,ボンゴ,,広島でワンボックスカーのこと。もともとはマツダの車種だが、高齢世代はワンボックスカーやミニバン全般を指して言うこともある,,ハ行
Wikipedia,新方言,ポンポン,,遠江を中心にオートバイを意味する方言である,,ハ行
Wikipedia,新方言,ポンポン船,,一般的には焼玉エンジンを使う船の愛称だが、横須賀市では浦賀の渡船を指す言葉である,,ハ行
Wikipedia,新方言,モータープール,,主に大阪府を中心とする関西地方で駐車場を意味する言葉。太平洋戦争後、進駐軍の配車場を意味するMotor Poolがそのまま駐車場を意味する言葉として転用されたもの,,マ行
Wikipedia,新方言,ラーフル,,宮崎県や鹿児島県、愛媛県の一部などで黒板消しの意味で使われている用語。本来は商品名だったが、同県内では一般名詞化している,,ラ行
Wikipedia,新方言,入る,,富山県や青森県などでテレビ番組の放送が始まる、あるいは番組にある人物が登場することを指して使われる（「（番組名）が入る」=番組が始まる。「（人物名）が入る」=人物がテレビ番組に登場する、など）,,ハ行
Wikipedia,新方言,円タク,,東京都区部及び大阪市では、タクシーメーターが義務化された後も、流しのタクシーを指す方言として永らく残存した,,ア行
Wikipedia,新方言,死にかぶる,,熊本弁で難儀な目に遭うことを、若い世代がこの様に言う,,サ行
Wikipedia,方言周圏論,東北地方の北部・九州の西部,,ナメクジ || 最も古い,,概要
Wikipedia,方言周圏論,東北地方・九州,,ツブリ || 古い,,概要
Wikipedia,方言周圏論,近畿地方,,デデムシ || 最も新しい,,概要
Wikipedia,方言周圏論,関東・四国,,カタツムリ || 中間,,概要
Wikipedia,日本マクドナルド,2,,世界のことば マクドナルド||1979年（昭和54年） - 1984年（昭和59年）|| - ||テーマソングが存在していた。初代キャッチコピー同様、サウンドロゴとして使用されたが初代のメロディとは異なる,,歴代キャッチコピー
Wikipedia,日本マクドナルド,3,,おいしい笑顔 マクドナルド||1985年（昭和60年） - 1988年（昭和63年）|| - || -,,歴代キャッチコピー
Wikipedia,日本マクドナルド,5,,おいしいね、マクドナルド||1992年（平成4年）頃 - 1995年（平成7年）3月頃|| - ||サウンドロゴは「だから...ー」のテーマソングから「マクドナルド」の部分のみ使用,,歴代キャッチコピー
Wikipedia,日本マクドナルド,6,,いい顔いっぱい、バリューがいっぱい。||1995年（平成7年）4月 - 1998年（平成10年）3月頃|| - ||CM末尾で「マークドナールドー」のサウンドロゴが流れる,,歴代キャッチコピー
Wikipedia,日本マクドナルド,7,,いつでもそこに マクドナルド||1998年（平成10年） - 2001年（平成13年）頃|| - ||,,歴代キャッチコピー
Wikipedia,日本マクドナルド,8,,スマイルそして スマイル||2002年（平成14年） - 2003年（平成15年）頃|| - ||,,歴代キャッチコピー
Wikipedia,日本マクドナルド,楽天Edy（旧称,,Edy）,,電子マネー
Wikipedia,日本語の方言,あがる,,あ||ある||||||あがる||ある,,方言間の対応関係
Wikipedia,日本語の方言,いく,,い||く||||||いく||く,,方言間の対応関係
Wikipedia,日本語の方言,うしが,,う||う||||||うしが||うが,,方言間の対応関係
Wikipedia,日本語の方言,おとが,,おが||おがみが※||とが||とが||おが||おが,,方言間の対応関係
Wikipedia,日本語の方言,かが,,か||か||||||かが||が,,方言間の対応関係
Wikipedia,日本語の方言,かるぃ,,か||かい||るい||い||かるい||るぃ,,方言間の対応関係
Wikipedia,日本語の方言,なが,,な||が||あが||が||なが||が,,方言間の対応関係
Wikipedia,日本語の方言,ケセン語,,岩手県気仙地方（旧気仙郡）の方言を文法体系を整備構築し、独立言語とみなす研究の中でこの方言のことをケセン語と呼ぶ。この地方の方言には古代蝦夷の言語の影響があるとの指摘もある,,第3の言語
Wikipedia,日本語の方言,サンカ語,,山窩が使用していたとされる言語。暗号の一種ともいわれる,,第3の言語
Wikipedia,日本語の方言,マタギ言葉,,マタギが使用していた言語。アイヌ語からの借用語を多く含む,,第3の言語
Wikipedia,日本語の方言,連用形,,五段動詞はイ段で、上一段動詞はイ段で、下一段動詞はエ段で表す,,動詞
Wikipedia,日本語の方言,音便形,,音便形は、「-て」「-た」などがついた場合に用いられる活用形である。もともとは連用形であったが、「書きて→書いて」「待ちて→待って」のように五段動詞では音便が起こっているためここでは区別して音便形とする,,動詞
Wikipedia,日本語の方言のアクセント,H○○,,○○||○○||○○||H○○||!○○||L○||○||○||!○○||○||○||○○||○○||○○||○○||○○,,各方言の比較表
Wikipedia,日本語の方言のアクセント,L○○,,○○||○○||○||L○○||&○○||L○○||○○||○○||○○||○○||○○||○○||○||○||○||○,,各方言の比較表
Wikipedia,日本語の方言のアクセント,あかい,,"colspan=""2""|あかい",,金田一春彦の説
Wikipedia,日本語の方言のアクセント,あがる,,"colspan=""2""|あがる",,金田一春彦の説
Wikipedia,日本語の方言のアクセント,あずきが,,"colspan=""2""|あずきが",,金田一春彦の説
Wikipedia,日本語の方言のアクセント,ある,,ある||ある,,金田一春彦の説
Wikipedia,日本語の方言のアクセント,いく,,"colspan=""2""|いく",,金田一春彦の説
Wikipedia,日本語の方言のアクセント,いしが,,"colspan=""2""|いしが",,金田一春彦の説
Wikipedia,日本語の方言のアクセント,いとが,,いとが||いとが,,金田一春彦の説
Wikipedia,日本語の方言のアクセント,うごく,,"colspan=""2""|うごく",,金田一春彦の説
Wikipedia,日本語の方言のアクセント,おきて,,おきて||おきて,,金田一春彦の説
Wikipedia,日本語の方言のアクセント,かぜが,,"colspan=""2""|かぜが",,金田一春彦の説
Wikipedia,日本語の方言のアクセント,かたちが,,"colspan=""2""|かたちが",,金田一春彦の説
Wikipedia,日本語の方言のアクセント,かぶとが,,かぶとが||かぶとが,,金田一春彦の説
Wikipedia,日本語の方言のアクセント,こが,,"colspan=""2""|こが",,金田一春彦の説
Wikipedia,日本語の方言のアクセント,さるが,,さるが||さるが,,金田一春彦の説
Wikipedia,日本語の方言のアクセント,しろい,,"colspan=""2""|しろい",,金田一春彦の説
Wikipedia,日本語の方言のアクセント,しろく,,しろく||しろく,,金田一春彦の説
Wikipedia,日本語の方言のアクセント,ちからが,,"colspan=""2""|ちからが",,金田一春彦の説
Wikipedia,日本語の方言のアクセント,てが,,てが||てが,,金田一春彦の説
Wikipedia,日本語の方言のアクセント,なが,,"colspan=""2""|なが",,金田一春彦の説
Wikipedia,日本語の方言のアクセント,本島式・山城谷式の分布地域,,* 塩飽諸島の塩飽本島、粟島、手島、牛島,,讃岐式と真鍋式
Wikipedia,星・星座に関する方言,δ星,,コメニャボシ（熊本）,,オリオン座
Wikipedia,星・星座に関する方言,ζ星,,アワニャボシ（熊本）,,オリオン座
Wikipedia,星・星座に関する方言,ぎょしゃ座,,五角星（群馬）、五つ星（岐阜）,,ぎょしゃ座
Wikipedia,星・星座に関する方言,こぐま座,,カジボシサン（京都）、コヒチヨウ（静岡）,,こぐま座
Wikipedia,星・星座に関する方言,さんかく座,,サンカクボシ・サンカクサマ（山形・新潟）,,さんかく座
Wikipedia,星・星座に関する方言,はくちょう座,,ジュウモンジサマ（京都：野尻抱影推定による）,,はくちょう座
Wikipedia,星・星座に関する方言,へびつかい座,,讃岐の箕（香川の櫃石島）,,へびつかい座
Wikipedia,星・星座に関する方言,アルコル,,寿命星ジュミョウボシ（広島の倉橋島）,,おおぐま座
Wikipedia,星・星座に関する方言,アルタイル,,チクサグル（吾々が船で渡す人の意。アイヌ）,,わし座
Wikipedia,星・星座に関する方言,アルデバラン,,モクサのアトボシ（岩手）,,おうし座
Wikipedia,星・星座に関する方言,アンタレス,,粟いないさん（長崎）,,さそり座
Wikipedia,星・星座に関する方言,アークトゥルス,,麦星（愛媛・静岡・岡山）、サミダレボシ（東京）、カジガイボシ（静岡）、ウオジマボシ（兵庫）、狗賓星グヒンボシ（岐阜）、能登睨みノトネラミ（京都）,,うしかい座
Wikipedia,星・星座に関する方言,オリオン座,,鼓星ツヅミボシ（京都・山梨・大阪）、クビレボシ（静岡）,,オリオン座
Wikipedia,星・星座に関する方言,カシオペヤ座,,ヤライノホシ（北海道・岡山）,,カシオペヤ座
Wikipedia,星・星座に関する方言,ケフェウス座,,備前の箕（香川の櫃石島）,,ケフェウス座
Wikipedia,星・星座に関する方言,シリウス,,オボシ（青森・岩手）、ミツボシノアトボシ（広島・兵庫）、カラツキノオムシ（福井）、カナツキノオウボシ（カラスキの尾星の意。京都）、ムヅラノアトボシ（岩手）、アトボシ（島根）,,おおいぬ座
Wikipedia,星・星座に関する方言,スピカ,,しんじぼし（福井。野尻抱影は「真珠星」と推定）,,おとめ座
Wikipedia,星・星座に関する方言,デネブ,,アトタナバタ（福井）,,はくちょう座
Wikipedia,星・星座に関する方言,ヒアデス星団,,ミボシ（群馬）,,おうし座
Wikipedia,星・星座に関する方言,フォーマルハウト,,フナボシ（静岡）、八畑星ヤバタボシ（京都）,,みなみのうお座
Wikipedia,星・星座に関する方言,プロキオン,,小さいオオボシ（三重）、イロシロ（島根）,,こいぬ座
Wikipedia,星・星座に関する方言,小三ツ星,,トカキ（群馬）,,オリオン座
Wikipedia,東京式アクセント,○○,,言う・居る・買う・着る・する・寝る・乗る,,概要
Wikipedia,東京式アクセント,○○○,,上げる・入れる・変わる・使う・運ぶ・負ける・止める,,概要
Wikipedia,東京式アクセント,○○○○,,悲しい・やさしい・宜しい,,概要
JMdict,東北,おばこ,,,young girl; daughter,
JMdict,東北,おばん,お晩,,evening; good evening,
JMdict,東北,おばんです,お晩です,,"good evening (greeting, e.g. in emails sent in the evening)",
JMdict,東北,がっこ,,,tsukemono; Japanese pickled vegetables,
JMdict,東北,さ,,,"-ness; indicates assertion; come (on); come now; er; um; indicates scrutiny, critique or mistrust; i",
JMdict,東北,さすけね,,,no problem; that's OK,
JMdict,東北,ずんだ,豆打,,"zunda; mashed boiled green soybeans, often sweetened and used as a topping or filling",
JMdict,東北,はも,鱧,,daggertooth pike conger (Muraenesox cinereus); conger eel; garden eel,
JMdict,東北,ばさま,,,granny,
JMdict,東北,べこ,,,cow,
JMdict,東北,やしっこ,やしっ子,,thin person; skinny person,
JMdict,東北,わらし,童,,child,
JMdict,東北,んだ,,,that's right; yes,
JMdict,東北,ホットドッグ,,,hot dog; corn dog,
Wikipedia,東山陰方言,その他,,「借りる」は多くの西日本方言で「借る」だが、東山陰方言では「かれる」と言う。（雲伯方言では「かりる」。どちらも東日本と共通）,,特徴
Wikipedia,東山陰方言,断定助動詞「だ」,,断定の助動詞には「だ」を用いる（雲伯方言も同様）。他の西日本方言が「じゃ、や」を用いるのとは異なる,,特徴
Wikipedia,柳川弁,うつしか（美しい）,,うつし-||から||（うつしゅ）||か||か||けりゃー,,形容詞・形容動詞
Wikipedia,柳川弁,おかしか（恥ずかしい、変な）,,おかし-||から||（おかし）||か||か||けりゃー,,形容詞・形容動詞
Wikipedia,柳川弁,おかしげなか（変な/だ）,,おかしげな-||-||-||か||か||-,,形容詞・形容動詞
Wikipedia,柳川弁,こわか（硬い）,,こわ-||から||（こを）||か||か||けりゃー,,形容詞・形容動詞
Wikipedia,柳川弁,じゅつなか（寂しい）,,じゅつな-||から||（じゅつのー）||か||か||けりゃー,,形容詞・形容動詞
Wikipedia,柳川弁,たぶる（食べる）,,た-||べ||べ||ぶる||ぶっ||べりゃー||べれ||ぶー||たべた,,動詞
Wikipedia,柳川弁,づる（出る）,,||で||で||づる||づっ||づりゃー||でれ||でろー||でた,,動詞
Wikipedia,柳川弁,でくる,,で-||き||き||くる||くっ||きりゃー||きれ||きろー/くー||でけた,,動詞
Wikipedia,柳川弁,ぬる（寝る）,,||ね/ねら||ね/ねり||ぬる||ぬっ||ねりゃー||ねれ||ねろー/ぬー||ねった,,動詞
Wikipedia,柳川弁,ばさらか（いっぱい/たくさん)/,,ばさら-||から||-||か||か||-,,形容詞・形容動詞
Wikipedia,柳川弁,会う,,あ-||わ||い||う||う||いゃー||え||おー||おーた,,動詞
Wikipedia,柳川弁,出る,,||で/でら||で||でる||でっ||でりゃー||でれ/でろ||でろー||でた,,動詞
Wikipedia,柳川弁,接頭辞,,動詞に接頭辞をつけて、感動や強調を表し、意味が変異することもある,,動詞
Wikipedia,柳川弁,書く,,か-||か||き||く||く||きゃー||け||こー||けーた,,動詞
Wikipedia,柳川弁,良か（良い）,,よ-||から||かり（ゆー）||か||か||けりゃー,,形容詞・形容動詞
Wikipedia,柳川弁,落つる,,お-||ち/ちら||ち||つる||つっ||ちりゃー||ちれ||ちろー/つー||おちた,,動詞
Wikipedia,柳川弁,見る,,||み||み||みる||みっ||みりゃー||みれ||みろー||みた,,動詞
Wikipedia,柳川弁,赤か（赤い）,,あか-||から||（あこ）||か||か||けりゃー,,形容詞・形容動詞
Wikipedia,柳川弁,起きる,,お-||き/きら||き/きり||きる||きっ||きりゃー||きれ||きろー||おきった,,動詞
Wikipedia,柳川弁,音便,,「書く」の過去形は、イ音便で「書いた」となるがai → e:変化により「けーた」となる,,動詞
Wikipedia,標準語,アフリカーンス語,,標準アフリカーンス語 || ||アフリカーンス語#方言,,標準語の一覧
Wikipedia,標準語,アラビア語,,複数中心地の標準アラビア語 || 『クルアーン』、複数のアラビア語アカデミー || アーンミーヤ,,標準語の一覧
Wikipedia,標準語,アルバニア語,,標準アルバニア語 || ティラナアルバニア学研究所、プリシュティナアルバニア学研究所 || ゲグ・アルバニア語,,標準語の一覧
Wikipedia,標準語,イタリア語,,標準イタリア語 || クルスカ学会 || 、イタロ・ダルマチア語、ガロ・イタリア語、サルデーニャ語,,標準語の一覧
Wikipedia,標準語,オランダ語,,標準オランダ語 || オランダ語連合 ||,,標準語の一覧
Wikipedia,標準語,スワヒリ語,,標準スワヒリ語（ザンジバル方言Kiungujaに基づく） || || モンバサ方言など,,標準語の一覧
Wikipedia,標準語,ソマリ語,,標準ソマリ語 || ||,,標準語の一覧
Wikipedia,標準語,デンマーク語,,|| ||,,標準語の一覧
Wikipedia,標準語,バスク語,,標準バスク語 || エウスカルツァインディア ||,,標準語の一覧
Wikipedia,標準語,ブルガリア語,,標準ブルガリア語|| ブルガリア語研究所||,,標準語の一覧
Wikipedia,標準語,ポーランド語,,標準ポーランド語 || ||,,標準語の一覧
Wikipedia,武州弁,埼玉弁,,埼玉県の方言,,_lead
Wikipedia,武州弁,多摩弁,,東京都多摩地域の方言,,_lead
Wikipedia,武州弁,東京方言,,東京都心部の方言,,_lead
Wikipedia,武州弁,神奈川県方言,,神奈川県の方言。川崎市・横浜市の一部地域が該当する,,_lead
Wikipedia,武州弁,秩父弁,,埼玉県のうち秩父地方の方言,,_lead
Wikipedia,江州弁,-したらわ,,〔湖東?〕勧誘や提案を表す女性語。-してはどうかしら,,感動詞・連語など
Wikipedia,江州弁,-しとみない／しとむない,,〔湖東〕-するのは気が引ける。-するのはなんとなく嫌だ,,感動詞・連語など
Wikipedia,江州弁,-しとー／しとん,,〔湖南〕-しておくれ。-して。京都と共通する表現,,感動詞・連語など
Wikipedia,江州弁,-ね／ねん,,「-の家」の縮まったもの。同義語に「とこ」,,感動詞・連語など
Wikipedia,江州弁,あおぢ,,〔不明〕あおたん。内出血,,名詞
Wikipedia,江州弁,あくしょーな,,《悪性な》〔甲賀〕随分な,,形容動詞・副詞
Wikipedia,江州弁,あじない／あんない,,《味無い》美味しくない。味が薄い,,形容詞
Wikipedia,江州弁,いじこ,,〔湖東〕藁で作られたもっこ。穀物を運んだり、子どもを入れて遊ばせておいたりする,,名詞
Wikipedia,江州弁,いっけ,,〔不明〕《一家》分家。日本各地で用いられる語彙だが、滋賀県以外の多くでは「親類」や「親戚」を表す,,名詞
Wikipedia,江州弁,いぬ,,《去ぬ・往ぬ》帰る。古語由来。「いんでくる」（「いぬ」+「来る」）とも,,動詞
Wikipedia,江州弁,うい,,《憂い》恥ずかしい。憂鬱だ。可愛らしい。（世話になって・面倒をかけて）申し訳ない。古語「憂し」に由来。派生語に動詞「うーがる」がある,,形容詞
Wikipedia,江州弁,うたてい／うたとい,,《転てい・転とい》〔湖東・甲賀〕鬱陶しい。古語「うたてし」の転。形容動詞形「うたて」とも,,形容詞
Wikipedia,江州弁,うみ,,《海・湖》単純に方言とは言い難いが、滋賀県においては琵琶湖を「うみ」と呼び親しむことがある。「うみのこ」のように公共物にもよく用いられる,,名詞
Wikipedia,江州弁,えがむ,,〔湖東・甲賀〕「歪む」の転「いがむ」がさらに転じたもの。曲がる。傾く,,動詞
Wikipedia,江州弁,えらい,,「偉い」「とても」「とんでもない」のほかに、「しんどい」「つらい」の意で多用する,,形容詞
Wikipedia,江州弁,えんやらやっと,,〔湖東・湖西〕やっとのことで,,形容動詞・副詞
Wikipedia,江州弁,おいねる,,《負いねる》〔湖北・湖東・甲賀〕背負う。おんぶする,,動詞
Wikipedia,江州弁,おが,,〔湖南・湖西?〕カメムシ。「青香虫」の転か,,名詞
Wikipedia,江州弁,おっさん,,お坊さん。「和尚様」の転。「」（＝おじさん）ではなく、「さん」と発音する,,名詞
Wikipedia,江州弁,おーさらしい,,〔湖東〕大袈裟だ。仰々しい。同義語に、形容動詞「おおさな／おおさわな（湖北・湖東・湖西）」がある,,形容詞
Wikipedia,江州弁,おーやけ,,《大宅》〔湖東〕大家族。反対に、少人数の家族のことを「こやけ」という,,名詞
Wikipedia,江州弁,かす,,《浸す・淅す》米を研ぐ、ゆすぐ,,動詞
Wikipedia,江州弁,かたうま／かたんま,,《肩馬》肩車。湖南では「かたくま／かたこま／かたこんま（肩駒）」とも,,名詞
Wikipedia,江州弁,かなな,,〔湖西・湖南〕《仮名な》たやすい。簡単な。甲賀では形容詞形「かなるい」,,形容動詞・副詞
Wikipedia,江州弁,かなん,,《敵ん》嫌だ。つらい。「かなわぬ」の転,,感動詞・連語など
Wikipedia,江州弁,かにここ,,〔湖西〕やっとこのことで。大津市北部では「かなり」または「もう少し」の意,,形容動詞・副詞
Wikipedia,江州弁,がいっと,,〔湖北・湖東〕力を入れて勢いよく行う様子,,形容動詞・副詞
Wikipedia,江州弁,きんまい,,立派だ。美しい。愉快だ。「金米」の転とされる,,形容詞
Wikipedia,江州弁,くろしい,,「苦しい」の転。特定の形容詞の語尾に付けて、嫌悪や不満の気持ちを強める。暑くろしい（暑苦しい）、よぞくろしい（とても気持ちが悪い）など,,接頭語・接尾語
Wikipedia,江州弁,けなるい／けなりい,,羨ましい。古語「異なり」に由来（普通とは異なっている→際立っている→秀でている→そのようであるのが羨ましい）,,形容詞
Wikipedia,江州弁,げこする,,《下向する》〔湖東〕寺の仏事から帰る,,動詞
Wikipedia,江州弁,げなげなばなし,,《げなげな話》噂話。聞き伝え。伝聞の助動詞「げな」から,,感動詞・連語など
Wikipedia,江州弁,げべ／げべった／げべっちゃ,,〔湖西・湖北・湖東〕最下位。びり,,名詞
Wikipedia,江州弁,こつきがわるい,,《こつきが悪い》〔湖東〕愛想が悪い。「取っ付きが悪い」の転か,,感動詞・連語など
Wikipedia,江州弁,こぼつ,,《毀つ》〔湖北・湖東・甲賀〕壊す。古語由来。彦根市の一部では「こぼる」とも,,動詞
Wikipedia,江州弁,こんめ／おこんめ,,お手玉。語源としては、「米」を布に詰めてお手玉を作ることから、または材料を「込め」て作ることからか。「おじゃみ」とも。「おじゃみ」は西日本各地に分布するが、「こんめ・おこんめ」は滋賀県とその周辺にしか分布しない,,名詞
Wikipedia,江州弁,ごえんさん,,《御院様》〔湖北〕ご住職さん。和尚さん。お坊さん。thumb|150px|彦根市にて,,名詞
Wikipedia,江州弁,ごもく／ごもくた,,ゴミ。五目飯や五目並べの「五目」ではなく、「ごみあくた」の転とされる,,名詞
Wikipedia,江州弁,ごんぎりめ,,〔湖東・湖北〕一生懸命,,形容動詞・副詞
Wikipedia,江州弁,ごーがわく,,《業が沸く》〔湖北・湖東・湖南〕業を煮やす。腹が立つ,,感動詞・連語など
Wikipedia,江州弁,さいぜん,,《最前》先程,,名詞
Wikipedia,江州弁,したまわり,,下働きの意のほか、湖北では「舌が曲がる」毒草ということからヒガンバナを、湖東では膳の「下回り」ということから料理の添え物をも指す,,名詞
Wikipedia,江州弁,しまえる,,《仕舞える》〔湖北・湖東〕「しまう」の自動詞形。なくなる。尽きる,,動詞
Wikipedia,江州弁,しらんてる／しらんとる,,《知らんてる・知らんとる》知らないでいる,,感動詞・連語など
Wikipedia,江州弁,じしん,,《地震》〔不明〕「じ」にアクセントがくる,,名詞
Wikipedia,江州弁,じゃこももろこも,,《雑魚も諸子も》玉石混交。なんでもかんでも。「もろこ」とは、美味な魚として珍重される琵琶湖固有種ホンモロコのこと,,感動詞・連語など
Wikipedia,江州弁,じゅんじゅん,,すき焼き風の鍋料理。具の煮える音から,,名詞
Wikipedia,江州弁,すいばら／すいばり／すじばら,,〔湖北・湖東・甲賀〕（材木の）トゲ,,名詞
Wikipedia,江州弁,ずつない,,《術無い》辛い。苦しい。古語「ずちなし」に由来。「気ずつない」で「恥ずかしさや申し訳なさなどで気が滅入る、心苦しい」の意,,形容詞
Wikipedia,江州弁,そこそーば／そこそーばい,,〔湖北など〕そんな場合では。それどころでは,,感動詞・連語など
Wikipedia,江州弁,そこよかろよーに,,《其処良かろ様に》〔湖東・甲賀〕その場が上手く行くように、適当に済ませるさま,,感動詞・連語など
Wikipedia,江州弁,そこらそこらに,,《其処等其処等に》〔湖東〕適当なところで。大概のところで。「そこよかろように」とほぼ同義,,感動詞・連語など
Wikipedia,江州弁,ぞーさ,,《造作・雑作》〔湖北・湖東〕面倒。難儀,,名詞
Wikipedia,江州弁,たい／たえ,,〔湖東〕下さい。頂戴。古語「賜べ」の転,,感動詞・連語など
Wikipedia,江州弁,だしかいな／だしかいね,,〔湖北〕相手の辞去を引き留める挨拶語。まだまだ良いじゃないか。遠慮しなさんな,,感動詞・連語など
Wikipedia,江州弁,だんない／だじない／だしない,,差し支えない。大丈夫だ。どうもない。「大事無い」の転,,感動詞・連語など
Wikipedia,江州弁,ちびる,,摩耗していくこと。ラ行五段活用,,動詞
Wikipedia,江州弁,ちゅんちゅん,,〔湖東など〕湯などが沸いている様子を表す擬態語,,形容動詞・副詞
Wikipedia,江州弁,といれる,,《取入れる》〔湖北・湖東〕干しておいたものを取り込む,,動詞
Wikipedia,江州弁,とっと,,全くもって。十分に。いかにも,,形容動詞・副詞
Wikipedia,江州弁,どぼどぼ,,ずぶ濡れな様子を表す擬態語。びしょびしょ。「どぼ濡れ」とも,,形容動詞・副詞
Wikipedia,江州弁,どろず,,《泥酢》〔湖東〕酢味噌,,名詞
Wikipedia,江州弁,どんつき,,《どん突き》突き当たり。よく「ドンと突き当たるところだからどんつき」と解されるが、単に「突き当たり」を接頭語「どん」で強調したものともいう,,名詞
Wikipedia,江州弁,どーで,,〔湖東〕どうして。何故,,形容動詞・副詞
Wikipedia,江州弁,どーなろ,,単に「どうなろうか」の意だけでなく、湖東では強い否定・拒否表現に用いることがある,,感動詞・連語など
Wikipedia,江州弁,ないない,,〔湖東〕はい。承知・承諾の意を表す。かつて彦根の城下町特有の表現として有名だった（[http://www.seiro.co.jp/w_museum/6/joka4.htm 参考リンク]）,,感動詞・連語など
Wikipedia,江州弁,なぶる,,《嬲る》手で触れる。いじる。手を入れる・修理する（甲賀）。共通語にあるようなマイナスの意味合いを持たずに用いることがある,,動詞
Wikipedia,江州弁,なまずけない,,怠けている。不精だ。だらしがない。『日葡辞書』に記録がある,,形容詞
Wikipedia,江州弁,なんぞ／なんど,,《何ぞ・何ど》〔湖西・甲賀〕おやつ。子が親におやつをねだる際の「なんぞええもんおくれ」を省略したもの,,名詞
Wikipedia,江州弁,にごはち,,《二五八》〔湖北・湖東・甲賀〕ちょうどではないこと。いい加減。大体。まあまあ。「二五十」に満たないことから,,形容動詞・副詞
Wikipedia,江州弁,にゅー,,〔湖西・湖北〕藁や草を積んだもの。稲むら。古語「にほ」の転,,名詞
Wikipedia,江州弁,ねき,,《根際》〔湖北・湖東・湖南・甲賀〕側。脇。近く,,名詞
Wikipedia,江州弁,のどへつり,,《喉剥り》〔甲賀〕おやつ時に訪ねて相伴をあずかった際の挨拶語。特に土山で言う。「へつる」とは削る・減らすの意,,感動詞・連語など
Wikipedia,江州弁,はい,,早くも。「早」の転。「もうはい」「はいから」「もうはいから」の形でよく用いる,,形容動詞・副詞
Wikipedia,江州弁,はいらこ／わいらこ,,〔湖東〕祭りの掛け声,,感動詞・連語など
Wikipedia,江州弁,はしかい,,《芒い》（細かいトゲなどが当たって）ちくちくと痛い。風邪などで喉の奥がひりひりする。「はしか」とは、病気の「麻疹」ではなく、稲や麦の穂にある突起のこと,,形容詞
Wikipedia,江州弁,はんちゃらけ・はんちらけ,,仕事などを中途半端に投げ出すこと。同義語に「なまはんじゃく・なまりはんじゃく」などがある,,形容動詞・副詞
Wikipedia,江州弁,ひどい,,《酷い》悪い意味だけでなく、ひどい条件下で働く人に対するねぎらいの挨拶言葉としても用いる。特に湖東で、「おきばりやす」とほぼ同義で「おひどいな」や「おひどうすな」と言う,,形容詞
Wikipedia,江州弁,ひんず,,〔湖北〕不意,,名詞
Wikipedia,江州弁,びちかく／びちがく,,《びち掻く》〔湖西・湖北・甲賀〕指先でつねる。つねりながら引っ掻く,,動詞
Wikipedia,江州弁,ふてる,,〔湖北・湖東・湖南〕捨てる。「ほかす」「ほる」とともに併用,,動詞
Wikipedia,江州弁,ぶげんしゃ／ぶえんしゃ,,《分限者》金持ち,,名詞
Wikipedia,江州弁,ぶんど,,〔湖北〕エンドウなどの豆,,名詞
Wikipedia,江州弁,へんねし,,〔湖北・湖東・甲賀〕嫉妬。派生語に動詞「へんねしがる」がある（湖東）,,名詞
Wikipedia,江州弁,べら／べた,,「-側」を表す接尾語。「ほっぺた」の「ぺた」と同源と思われる。あっちべら（あちら側）、こっちべら（こちら側）、向こうべら（向こう側）、みなべら（南側）など,,接頭語・接尾語
Wikipedia,江州弁,ほえない,,〔湖西〕あっけない。「映え無い」の転か,,形容詞
Wikipedia,江州弁,ほたえる,,騒ぐ。ふざける,,動詞
Wikipedia,江州弁,ほたれ／ほだれ,,〔湖北・湖西・湖東〕つらら。「ほんだら」や「ほんだれ」などとも。『物類称呼』にも近江の方言として記録がある,,名詞
Wikipedia,江州弁,ほどのよい,,《程の良い》〔湖東〕万事調子の良いことを言って、その場を程々にやり過ごすこと,,感動詞・連語など
Wikipedia,江州弁,ほんでに,,接続詞。それだから。そうだから,,感動詞・連語など
Wikipedia,江州弁,まいらしてもらう,,《参らして貰う》単に神仏に参詣するの意だけでなく、特に湖東や湖北で、極楽往生の意にも用いる,,感動詞・連語など
Wikipedia,江州弁,みざら,,靴を履きかえる場所に敷く板。すのこ。学校などで用いられる,,名詞
Wikipedia,江州弁,むしろうりこもにねる,,《筵売り菰に寝る》〔湖北〕自分の専門分野に限って、かえって自分自身には顧みないこと。紺屋の白袴,,感動詞・連語など
Wikipedia,江州弁,むっかい,,〔不明〕「むつかしい」のくだけた形。滋賀県の若者言葉,,形容詞
Wikipedia,江州弁,め,,一般には「ばかめ」や「わたくしめ」のように罵倒や卑下に用いる接尾語だが、湖北などでは特定の動物名につけて親愛の接尾語とする（福井弁と共通）。あいめ（鮎）、がにめ（蟹）、へるめ（蛭）、とりめ（鶏）、うしめ（牛）など,,接頭語・接尾語
Wikipedia,江州弁,めめくそ／まめくそ／まねくそ,,《目目糞》ほんの少し。ほんの僅か。「―かす」とも,,形容動詞・副詞
Wikipedia,江州弁,め（ー）ぼ,,《目疣》麦粒腫。ものもらい。大阪などの「めばちこ」はほとんど用いない,,名詞
Wikipedia,江州弁,ももける,,セーターなどに毛玉が出来る。毛羽立つ,,動詞
Wikipedia,江州弁,もらう,,《貰う》〔湖北・湖東〕子どもを授かる,,動詞
Wikipedia,江州弁,もりこす,,《盛り越す》湯水などが容器の容量を超えて溢れること,,動詞
Wikipedia,江州弁,もんどり,,川魚を獲る籠。一度引っかかると逃げられない作りになっている。「戻り」の転,,名詞
Wikipedia,江州弁,やまいき,,《山行き》〔甲賀〕山へ仕事に行くこと。特に共有林の奉仕作業のこと,,名詞
Wikipedia,江州弁,よけのまい／よけまい,,〔湖北・湖東・甲賀〕余計。余分。「余計の米」が語源か,,名詞
Wikipedia,江州弁,よさり,,《夜去り》〔湖西・湖南・湖東〕夜。古語由来,,名詞
Wikipedia,江州弁,よぞい,,〔湖北・湖東・甲賀〕嫌だ。不快だ。毛嫌いすべきさま。おぞましい。甲賀の一部では鬱陶しいの意,,形容詞
Wikipedia,江州弁,よばれる,,「御馳走に呼ばれる」から用法が拡大し、「食う」の丁寧語として用いることがある。さらに派生して「よぶ」を「御馳走する」「（飲食物などを）やる」などの意で用いることがある,,動詞
Wikipedia,江州弁,よー -して,,〔湖東〕「よう -してくれた」の略。相手の行為への感謝や歓迎を表す,,感動詞・連語など
Wikipedia,江州弁,よーかよーか,,〔湖東〕可能性を強く否定する表現。よくもよくもそんなことができようか、いやできっこない,,感動詞・連語など
Wikipedia,江州弁,よーそーやろぞ,,〔甲賀〕「よくそうであろうぞ」の転。相手の謝意や挨拶に対する反語的な返し言葉。とんでもない,,感動詞・連語など
Wikipedia,江州弁,よーな／よーね,,〔湖北・湖東〕ありがとう。「おおきに」よりも古風な物言いとされる。甲賀では「よーえ」や「よーや」。湖西では「よーよー」,,感動詞・連語など
Wikipedia,江州弁,よーゆーとくれる,,〔湖東〕自分のことをよく言ってくれたことに対する感謝を表す言葉。またはひどいことを言ってきたことに対する皮肉的な返し言葉,,感動詞・連語など
Wikipedia,江州弁,りんちょく,,〔湖北・湖東・甲賀〕几帳面。「凜+率直」ということか,,形容動詞・副詞
Wikipedia,江州弁,三人称,,一般的なのは「あのひと」で、親しい同輩以下には「あのこ」とも（大人であっても「子」）。やや下品ではあるが、「あいつ」「そいつ」「こいつ」も男性がよく用いる。このほか、下品とされる表現として「あのじん」「（あの）てき」「あのごれ」などがある,,人称代名詞
Wikipedia,江州弁,坂田式,,坂田方言,,方言区画
Wikipedia,江州弁,大津方言,,県南部,,方言区画
Wikipedia,沖永良部与論沖縄北部諸方言,hakaː,,haka||haki||hakeː||haki||hakeː||haki||haku||hakura||hakun||hakun||hakuru||hakura||haku||haku||hatʃi,,動詞
Wikipedia,沖永良部与論沖縄北部諸方言,hakkaː,,hakka||hakki||hakki||hakku||hakki||hakku||hakkimuhakkin||hakkinuhakkin||hakkiru||hakkira||hakki||hattʃi,,動詞
Wikipedia,沖永良部与論沖縄北部諸方言,takaku,,takaʃeːra-ba||takaʃeːri-ba||takaʃeːreː||takaʃeː||takaʃeːn||takaʃeːnu||takaʃeːru||takaʃeːra||takaʃeː||takasati,,形容詞
Wikipedia,沖永良部与論沖縄北部諸方言,taːku,,taːsaʔari-ja||taːsa||taːsaʔan||taːsaʔanu||taːsaʔaːru||taːsaʔaːra||taːsaːʔaː||taːsaʔatti,,形容詞
Wikipedia,沖縄北部方言,b,,b || bu || r,,語幹
Wikipedia,沖縄北部方言,g,,g || gu || dʒ,,語幹
Wikipedia,沖縄北部方言,ir,,i || ii || itʃ,,語幹
Wikipedia,沖縄北部方言,k,,k || ku || tʃ,,語幹
Wikipedia,沖縄北部方言,m,,m || mu || r,,語幹
Wikipedia,沖縄北部方言,n,,n || nu || dʒ,,語幹
Wikipedia,沖縄北部方言,r,,○ || i || t,,語幹
Wikipedia,沖縄北部方言,s,,s || su || tʃ,,語幹
Wikipedia,沖縄北部方言,t,,t || tu || tʃ,,語幹
Wikipedia,沖縄對話,あん,,さよう、そう,,形容動詞
Wikipedia,沖縄對話,いつでん,,いつでも（九州方言）,,副詞
Wikipedia,沖縄對話,うへー,,すこし,,副詞
Wikipedia,沖縄對話,うんじゅ,,あなた,,人称代名詞
Wikipedia,沖縄對話,うんじゅなー,,あなたがた,,人称代名詞
Wikipedia,沖縄對話,うー,,はい,,間投詞・指示代名詞
Wikipedia,沖縄對話,くぬ,,この,,代名詞
Wikipedia,沖縄對話,くんづち,,今月,,一般
Wikipedia,沖縄對話,ぐる,,頃,,一般
Wikipedia,沖縄對話,せーちゅう,,最中。「盛り」の意,,一般
Wikipedia,沖縄對話,ちぬー,,昨日,,一般
Wikipedia,沖縄對話,ちゅー,,今日,,一般
Wikipedia,沖縄對話,てんち,,天気,,一般
Wikipedia,沖縄對話,でーびる,,〜でございます。（中古日本語「～で侍る」）,,語尾・接尾詞
Wikipedia,沖縄對話,どっと,,だいぶ、しきりに,,副詞
Wikipedia,沖縄對話,なま,,今、只今,,一般
Wikipedia,沖縄對話,なー,,もはや、もう,,副詞
Wikipedia,沖縄對話,はだむち,,気候。（肌持ち）,,一般
Wikipedia,沖縄對話,はちうえ,,盆栽。（鉢植え）,,一般
Wikipedia,沖縄對話,むむ,,桃,,一般
Wikipedia,沖縄對話,むめー,,梅,,一般
Wikipedia,沖縄對話,んな,,皆,,一般
Wikipedia,沖縄對話,～さん,,「さあり」から。形容詞接尾辞,,語尾・接尾詞
Wikipedia,沖縄方言の表記体系,その他表記,,rowspan=2 | か || rowspan=2 | き || rowspan=2 | く || rowspan=2 | け || rowspan=2 | こ || rowspan=2 | きゃ || ||,,基本音節と開拗音
Wikipedia,沖縄方言の表記体系,協議会表記,,|| ゆぃ || rowspan=2 | をぅ || ゆぇ || rowspan=3 | を,,基本音節と開拗音
Wikipedia,沖縄方言の表記体系,慣習,,"rowspan=""4"" | あ || rowspan=""4"" | い || rowspan=""4"" | う || え いぇ || お うぉ || や || ゆ || || よ",,基本音節と開拗音
Wikipedia,沖縄方言の表記体系,慣習的な表記法,,前述のような「限定的な手法」が、沖縄県において散見される,,種々の表記体系
Wikipedia,沖縄方言の表記体系,新沖縄文字,,|| い゙ || 24px || え゙,,基本音節と開拗音
Wikipedia,沖縄方言の表記体系,琉球大学,,|| ゐ || え,,基本音節と開拗音
Wikipedia,沖縄方言の表記体系,県正書法案,,きゅ || || きょ,,基本音節と開拗音
Wikipedia,沖縄方言の表記体系,語中,,|| colspan=4 | （不使用） 2,,基本音節と開拗音
Wikipedia,沖縄方言の表記体系,語頭 1,,|| || || || || || || ||,,基本音節と開拗音
Wikipedia,沖縄県の名字,伊江、小禄、本部、読谷山など,,永山、玉城、伊舎堂、仲井真など || 小禄、与那原、宮平、仲吉、仲眞など || 池城、美里、東風平、佐渡山など || 豊見城、国頭、富川、亀川など,,五大姓
Wikipedia,沖縄県の名字,向,,象賢 || 羽地 || 按司 || 朝秀,,特徴
Wikipedia,沖縄県の名字,尚円王,,国頭親方盛順||大浦添親方良憲||新城親方安基||中城護佐丸盛春,,五大姓
Wikipedia,沖縄県の名字,思五良金（ウミグルガニ）,,思五良（ウミグル）|| 五良（グラー）,,童名
Wikipedia,沖縄県の名字,思徳金（ウミィトゥクガニ）,,思徳（ウミトゥク）|| 徳（トゥクー）,,童名
Wikipedia,沖縄県の名字,思樽金（ウミタルガニ）,,樽金（タルガニ）|| 樽（タルー）,,童名
Wikipedia,沖縄県の名字,思次良金（ウミジルガニ）,,思次良（ウミジル）|| 次良（ジラー）,,童名
Wikipedia,沖縄県の名字,思真呉勢（ウミマグジ）,,真呉勢（マグジ）|| 呉勢（グジー）,,童名
Wikipedia,沖縄県の名字,朝,,盛 || 良 || 安 || 盛,,五大姓
Wikipedia,沖縄県の名字,真三良金（マサンルガニ）,,真三良（マサンル）|| 三良（サンルー、サンラー、サンダー）,,童名
Wikipedia,沖縄県の名字,真牛金（モウシガニ）,,真牛（モウシ）|| 牛（ウシー、ウサー）,,童名
Wikipedia,沖縄県の名字,真鶴金（マヅルガニ）,,真鶴（マヅル）|| 鶴（チルー）,,童名
Wikipedia,沖縄語,タカク,,タカサラー||タカサレー||タカサイ||タカサ||タカサン||タカサル||タカサラ||タカサティ||タカサタン||タカサテーン||タカサイビーン,,形容詞
Wikipedia,泉州弁,あるじゃないか,,あるがな、あるやん ||colspan=2| あらし、あらして,,方言区分
Wikipedia,泉州弁,してある,,したーる ||colspan=2| しちゃーる,,方言区分
Wikipedia,泉州弁,してやる,,したる ||colspan=2| しちゃる,,方言区分
Wikipedia,泉州弁,敬語「はる」,,使用 ||colspan=2| 不使用,,方言区分
JMdict,津軽,とっつぱれ,,,the end; closing,
Wikipedia,津軽弁,A 「お! んだべな。いぐべ!」,,（あ!そうだね。行こう!）,,津軽弁での会話の一例（若者編）
Wikipedia,津軽弁,A 「おー、ひゃーろー」,,（おー、それじゃあまた）,,津軽弁での会話の一例（若者編）
Wikipedia,津軽弁,B 「おー急ぐべー!」,,（うん。急ごう!）,,津軽弁での会話の一例（若者編）
Wikipedia,津軽弁,断定,,断定には、共通語と同じく「だ」を使い、丁寧形は「です」。「です」の否定が「でひぇん」（←でせん）となる点が共通語と異なる,,助動詞など各表現
JMdict,琉球,あしてびち,足てびち,,pig's feet,
JMdict,琉球,あんだ,,,oil,
JMdict,琉球,あんだーぎー,,,deep-fried; Okinawan doughnut,
JMdict,琉球,いじゅ,伊集,,Chinese guger tree (Schima wallichii),
JMdict,琉球,いっぺい,,,very; exceedingly,
JMdict,琉球,うちなあぐち,沖縄口,,Okinawan language; Okinawan dialect,
JMdict,琉球,うみんちゅ,海人,,fisherman,
JMdict,琉球,うわり,,,very; awfully,
JMdict,琉球,かみんちゅ,神人,,shrine maiden,
JMdict,琉球,かりゆし,,,happy; auspicious,
JMdict,琉球,くわっちーさびら,,,thank you (for the meal just served),
JMdict,琉球,ぐすーよー,,,everybody,
JMdict,琉球,ぐゎー,小,,small; little,
JMdict,琉球,げいおん,迎恩,,welcoming reception,
JMdict,琉球,こおれえぐす,高麗胡椒,,"capsicum; chili pepper (chile, chilli)",
JMdict,琉球,さんぴんちゃ,さんぴん茶,,jasmine tea,
JMdict,琉球,しきかん,四季柑,,Calamansi (Citrus x microcarpa),
JMdict,琉球,しまくとぅば,島言葉,,mother tongue (from the island where one was raised); Okinawan neologism (developed by the language ,
JMdict,琉球,しまんちゅ,,,islanders,
JMdict,琉球,じょうご,上戸,,"(heavy) drinker; tippler; ... drinker (e.g. merry drinker, maudlin drinker); ... drunk; liker of; fa",
JMdict,琉球,ずり,尾類,,prostitute,
JMdict,琉球,だいず,,,very; awfully,
JMdict,琉球,ちゅら,美ら,,beautiful; pretty,
JMdict,琉球,ちゅらさん,,,beauty; prettiness,
JMdict,琉球,とぅんち,殿内,,residence of a government official in the Ryukyu Kingdom,
JMdict,琉球,なんくるない,,,"don't worry, be happy",
JMdict,琉球,にんじんしりしり,人参しりしり,,Okinawan dish of grated carrot stir-fried with egg and sometimes meat or fish,
JMdict,琉球,まぶい,,,spirit; soul,
JMdict,琉球,みやらび,美童,,handsome young woman; pretty girl,
JMdict,琉球,めんそーれ,,,welcome,
JMdict,琉球,やちむん,焼物,,Okinawan pottery,
JMdict,琉球,やまとんちゅ,大和んちゅ,,Japanese mainlander,
JMdict,琉球,ゆた,,,"shaman (Okinawa, Amami); medium",
JMdict,琉球,アカマチ,,,queen snapper (Etelis coruscans); ruby snapper,
JMdict,琉球,アチサン,,,"hot (thing, temper, gaze, topic); hot; warm; thick; deep",
JMdict,琉球,アメじょ,アメ女,,woman attracted to Americans (particularly in the military),
JMdict,琉球,イリチー,,,stir-frying then boiling in liquid sauce; food that has been stir-fried and boiled in liquid sauce,
JMdict,琉球,ウチナンチュー,,,Okinawan person,
JMdict,琉球,ウチナーヤマトグチ,沖縄大和口,,Okinawan Japanese,
JMdict,琉球,ウージ,,,sugar cane; sugarcane,
JMdict,琉球,ガチマヤー,,,glutton; gourmand,
JMdict,琉球,キジムナー,,,kijimuna (mythological red-faced spirits),
JMdict,琉球,グスク,,,gusuku (Okinawan castle or fortress),
JMdict,琉球,ゴーヤ,,,bitter melon (Momordica charantia); bitter gourd,
JMdict,琉球,ゴーヤチャンプル,,,"bitter melon stir-fried with pork, tofu and other vegetables",
JMdict,琉球,サーターアンダギー,,,sata andagi; Okinawan sweet deep-fried bun similar to a doughnut,
JMdict,琉球,シーミー,,,"tomb sweeping festival (Okinawa, April 4 or 5)",
JMdict,琉球,ジョーグー,上戸,,liker of; fan,
JMdict,琉球,スクガラス,,,young mottled spinefoot pickled in salt (usu. served on tofu),
JMdict,琉球,スーチカー,,,Okinawan salt pork,
JMdict,琉球,ソーキ,,,Okinawan-style stewed pork spare ribs,
JMdict,琉球,チャンプルー,,,chanpuru; champuru; jumble; mess,
JMdict,琉球,チンナン,,,snail,
JMdict,琉球,テビチ,,,pig's feet,
JMdict,琉球,トントンミー,,,southern Japanese mudskipper,
JMdict,琉球,トンファー,旋棍,,tonfa; traditional Okinawan weapon similar to a nightstick,
JMdict,琉球,ナイチャー,,,mainlander; non-Okinawan Japanese,
JMdict,琉球,ハイサイ,,,hello; hi,
JMdict,琉球,ハイタイ,,,hello; hi,
JMdict,琉球,バクチャー,,,gambler,
JMdict,琉球,ピパーツ,,,Javanese long pepper (Piper retrofractum),
JMdict,琉球,マーサン,,,delicious; tasty,
JMdict,琉球,ヤマトンチュー,,,Japanese mainlander,
JMdict,琉球,ラフテー,,,"rafute; boned pork rib meat, cut into squares and stewed in awamori, soy, dashi broth and sugar",
Wikipedia,琉球諸語,あ a,,あ a||あ a||あ a||あ a,,日本語との対応関係
Wikipedia,琉球諸語,あい ai,,ëː、eː||eː||aï、ai||ai||ai,,日本語との対応関係
Wikipedia,琉球諸語,あう au,,oː||oː||oː||au||u,,日本語との対応関係
Wikipedia,琉球諸語,あえ ae,,ëː、eː||eː||ai||ai||ai,,日本語との対応関係
Wikipedia,琉球諸語,あお ao,,oː||oː||oː、au||oː、au||au,,日本語との対応関係
Wikipedia,琉球諸語,い i,,い i||い i||いぅ ï||い i,,日本語との対応関係
Wikipedia,琉球諸語,う u,,う u||う u||う u||う u,,日本語との対応関係
Wikipedia,琉球諸語,え e,,いぅ ï||い i||い i||い i,,日本語との対応関係
Wikipedia,琉球諸語,お o,,う u||う u||う u||う u,,日本語との対応関係
Wikipedia,琉球諸語,おえ oe,,ïː、ëː||iː、eː||ui||ui||ui,,日本語との対応関係
Wikipedia,琉球諸語,北琉球諸語,,* 奄美大島・徳之島・喜界島北部 -- i、ï、u、e、ë、o、aの7母音またはこのうちëを欠いた6母音,,母音体系
Wikipedia,琉球諸語,南琉球諸語,,* 宮古列島・八重山列島の大部分 -- i、ï、u、e、o、aの6母音。ïは[s]または[z]に近い摩擦音を伴う,,母音体系
Wikipedia,甲州弁,いく,,何,,語彙
Wikipedia,甲州弁,おばやん,,おばさん,,語彙
Wikipedia,甲州弁,おまん,,お前、あなた,,語彙
Wikipedia,甲州弁,かじる,,掻く,,語彙
Wikipedia,甲州弁,からかう,,（時間）をかける、または（修理などを）試してみること,,語彙
Wikipedia,甲州弁,こう,,来い,,語彙
Wikipedia,甲州弁,こっちん,,こっちが,,語彙
Wikipedia,甲州弁,こぴっと,,物事がきちんと整っているさま。ちゃんと。しゃんと。しっかりと,,語彙
Wikipedia,甲州弁,ちゅうこん （ちゅこん）,,っていうこと。「こと」が撥音化して「こん」になる,,語彙
Wikipedia,甲州弁,て,,あぁ,,語彙
Wikipedia,甲州弁,てて,,うわぁ,,語彙
Wikipedia,甲州弁,はんで,,急いで。早く,,語彙
Wikipedia,甲州弁,ぼこ,,子供,,語彙
Wikipedia,甲州弁,～じゃんけ,,～じゃないか,,語彙
Wikipedia,白峰弁,あさいくわっしゃいましたかよ,,「おはようございます」。「あさい」は「朝飯（あさいい）」。つまり「朝ごはんをお食べになりましたか」という意味になる,,あいさつ
Wikipedia,白峰弁,あんぎゃの衆,,「あなたの家族」,,その他
Wikipedia,白峰弁,かっつき,,「ジャガイモ」。白峰は地質のせいかイモが大きく育たず、ピンポン玉程度の大きさにしかならない。そこで、そのイモを皮のまま砂糖と醤油だけで甘辛く煮付けた『かっちり』という郷土料理がある,,その他
Wikipedia,白峰弁,がまだれ,,「つらら」,,その他
Wikipedia,白峰弁,ぎら,,白峰地区における男性の一人称。漢字を当てると「儀等」となる。最近は音便化して「ぎゃー」と発音する人が多い。桑島地区では福井弁と同じく「うら」と言う。複数形はそれぞれ「ぎらら」「うらら」,,人称
Wikipedia,白峰弁,けっこうな,,「きれいな」。桑島地区では「うつくしい」,,その他
Wikipedia,白峰弁,ございの,,「いらっしゃいよ」。「ござい」は「居る・行く・来る」の丁寧語に当たる表現「ござる」の命令形（ござれではない）。ちなみに「ござる」の否定形は「ござらん」である,,その他
Wikipedia,白峰弁,しゃんじゃ,,「その通りだ」。「そうだけど」は「しゃんじゃけっと」、「そうだから」は「しゃんじゃさかい」となる,,あいづち
Wikipedia,白峰弁,のいの,,「さようなら」。「のう、往のう」で「さあ、行こう」の意,,あいさつ
Wikipedia,白峰弁,はんじゃ,,「そうしよう」。普通くり返して言う。「はんじゃはんじゃ～」,,あいづち
Wikipedia,白峰弁,ばんげでございます,,「こんばんは」。「ばんげ」は「晩餉」。つまり「晩御飯（の時間）でございます」,,あいさつ
Wikipedia,白峰弁,ぺたい,,「冷たい」。地区運動会の種目の一つに、バトン代わりに氷の塊を素手で持ってリレーする「ヤッペタ・リレー」がある,,その他
Wikipedia,白峰弁,やーとろ,,驚いた時に叫ぶ言葉。「やあ、おとろしや（ああ、恐ろしい）」の短縮形,,その他
Wikipedia,白峰弁,よしたい,,「ありがとう」。「良したい」＝「良くしたね」の意。「よしたいよ」「ようさっしゃった」とも言う,,あいさつ
Wikipedia,白峰弁,わえ,,白峰地区における男性の2人称。「え」はiとeの中間音。複数形は「わっら」,,人称
Wikipedia,白峰弁,～くれんこ？,,「～くれないか？」疑問詞,,接尾語
Wikipedia,白峰弁,～ちょる,,「～している」。「なっている」は「なっちょる」になる,,接尾語
Wikipedia,白峰弁,～にゃぁ,,「～ね」。白峰弁の特徴であり、このことから白峰弁を「にゃーにゃー弁」とも言う。「あのにゃぁ～」,,接尾語
Wikipedia,白峰弁,～め,,動物の種類につく。桑島地区ではつけない。いぬ＝いりめ、ねこ＝にょこめ、へび＝へんめ、かえる＝べっとめ 等,,接尾語
Wikipedia,神奈川県方言,Pパン,,【名】ブルマー(女子の体操服)※横須賀市,,語彙
Wikipedia,神奈川県方言,あんべぇ,,【形】塩梅、塩加減など。「ちょうどいいあんべえ」など用いる,,語彙
Wikipedia,神奈川県方言,うっちゃる,,【動】捨てる,,語彙
Wikipedia,神奈川県方言,うねう,,【動】耕す,,語彙
Wikipedia,神奈川県方言,うんねっかる,,【動】寄りかかる,,語彙
Wikipedia,神奈川県方言,おっぺがす,,【動】はがす,,語彙
Wikipedia,神奈川県方言,おっぺす,,【動】押す,,語彙
Wikipedia,神奈川県方言,かったりぃ,,【形】面倒と疲れる、疲れた。不足や足らないこと。「けったりぃ」「けぇったりぃ」とも言う,,語彙
Wikipedia,神奈川県方言,かっぺらう,,【動】盗み取る,,語彙
Wikipedia,神奈川県方言,かどっこ,,【名】角,,語彙
Wikipedia,神奈川県方言,かんます,,【動】かきまわす,,語彙
Wikipedia,神奈川県方言,きける,,【動】載せる,,語彙
Wikipedia,神奈川県方言,くっちゃべる,,【動】しゃべる,,語彙
Wikipedia,神奈川県方言,けっさらう,,【動】蹴り飛ばす,,語彙
Wikipedia,神奈川県方言,こぐ,,【動】抜く,,語彙
Wikipedia,神奈川県方言,しゃっこい,,【形】冷たい,,語彙
Wikipedia,神奈川県方言,すばしっけえ,,【形】動きが機敏,,語彙
Wikipedia,神奈川県方言,せぇる,,【動】言う,,語彙
Wikipedia,神奈川県方言,つっとす,,【動】突き刺す,,語彙
Wikipedia,神奈川県方言,でーこ,,【名】大根。（母音「アイ」が融合し「エー」になっている一例）,,語彙
Wikipedia,神奈川県方言,のうのうさん,,【名】仏様,,語彙
Wikipedia,神奈川県方言,ほかる,,【動】捨てる,,語彙
Wikipedia,神奈川県方言,ぼこす,,【動】ひどい目に合わす,,語彙
Wikipedia,神奈川県方言,ぼっこす,,【動】ぶっ壊す,,語彙
Wikipedia,神奈川県方言,ゆんべ,,【名】昨夜,,語彙
Wikipedia,神奈川県方言,よこっちょ,,【名】横,,語彙
Wikipedia,神奈川県方言,よこはいり,,【サ変名】割り込み。※注意書きの際にも書かれる所もある(もともとは中部地方の言葉),,語彙
Wikipedia,神奈川県方言,ヘランカ,,【名】ブルマー※三浦市の一部,,語彙
Wikipedia,神戸弁,文例,,#「いらっしゃいますか」→「おってですか」,,敬語体系
Wikipedia,福井弁,-てる,,-とる,,概要
Wikipedia,福井弁,-ん,,-ん、-へん、-しぇん,,概要
Wikipedia,福井弁,くどい,,からい,,概要
Wikipedia,福井弁,たるき,,つらら、なんりょー,,概要
Wikipedia,福井弁,め（ー）ろ,,おなご,,概要
Wikipedia,福井弁,起こりやすい,,あまり目立たない（特に嶺南西部）,,概要
Wikipedia,福岡弁,あんじょう,,兄。（関西弁に言う具合良く、の意味ではない）,,特徴
Wikipedia,福岡弁,うんだあ、おかしさー,,まあ、おかしいこと,,特徴
Wikipedia,福岡弁,がっしゃい,,「来てがっしゃい」「見てがっしゃい」のように使われ、それぞれ「来て下さい」「見て下さい」の意。消滅,,特徴
Wikipedia,福岡弁,ござあ,,らっしゃる。「してござあ、しござあ、ござあ」等⇒「していらっしゃる」、「来（き）ござあ」⇒来られる。博多弁に吸収,,特徴
Wikipedia,福岡弁,ござっしゃる,,「ござあ」の強調。「来（き）ござっしゃる」⇒お出でになる,,特徴
Wikipedia,福岡弁,しかちゅーこいとる,,不手際な事をしている,,特徴
Wikipedia,福岡弁,しゃんしゃん,,武家の娘。（「様々」から）,,特徴
Wikipedia,福岡弁,しよんさる,,していらっしゃる。（「しよんさあ」とも）。博多弁に吸収（「しよんしゃる、しよんしゃあ」）,,特徴
Wikipedia,福岡弁,ぜー,,（終助詞）よ、だよ。（「ちぇ」とも）。博多弁に吸収（「しとるぜ、しとうぜ、しとっつぇ」等）,,特徴
Wikipedia,福岡弁,たにわくろう,,下級武士。福岡城南西の谷筋（現在の城南区谷の周辺）に住んでいた事から。また、「わくど、わくろう」はヒキガエルの事,,特徴
Wikipedia,福岡弁,ちっと,,ちょっとは。岡山弁から（「ちったあ」とも）,,特徴
Wikipedia,福岡弁,ちんちくどん,,下級武士。沈竹（ウセンチク、蓬莱竹）を屋敷の生垣としていた事から,,特徴
Wikipedia,福岡弁,つかあさい,,（して）ください。岡山弁から。（「つかーさい」とも）,,特徴
Wikipedia,福岡弁,とんとん,,武家の息子。ボンボン。（「殿々」から）,,特徴
Wikipedia,福岡弁,よこになる,,「横になる」＝横臥から、「休憩する」の意。隠喩であり本当に横臥する意ではない。博多弁に吸収,,特徴
Wikipedia,福岡弁,わくろうどん,,下級武士。「たにわくろう」参照,,特徴
Wikipedia,福岡弁,（し）ない,,「してください」の意。「おいでない」⇒いらっしゃい、おいでください、「おあがんない」⇒おあがりなさい、等。否定の意味ではない。博多弁に吸収,,特徴
Wikipedia,福岡県豊前方言,「て」の口蓋化,,助詞の「て」は、豊前南部では「みちぇ」（見て）のように「ちぇ」になり、豊前北部や筑前東部では「ち」になる。また引用の助詞「と」も「ち」になる,,発音
Wikipedia,福岡県豊前方言,古音,,「つ」の発音として[tu]が残っている。ただ、「づ」と「ず」などの四つ仮名の区別はない,,発音
Wikipedia,福岡県豊前方言,撥音化,,他の九州方言と同じく、ナ行音やマ行音が撥音化する傾向があり、特に豊前南部で著しい,,発音
Wikipedia,福岡県豊前方言,狭母音化,,南部に、母音「o」が「u」に、「e」が「i」になる狭母音化がある,,発音
Wikipedia,秋田弁,-（用言）,,-ネァ || -タ || -（終止）-（体言）-ベ（-デロ）（-ガロ） || -バ,,形容動詞
Wikipedia,秋田弁,H○○高高,,"○○低高 || colspan=""2"" | ○○低低 || 着る・似る・煮る・寝る",,一段動詞
Wikipedia,秋田弁,する,,サ-（シ-） || シ- || シル-シ- || シレ-シェ- || シレシェ || シロ（ー）ショ（ー）ソ（ー） || シ-,,動詞
Wikipedia,秋田弁,アイ、ソエ,,"align=""center""|0|| あれ。あいつ（あの人）。 || &nbsp;",,代名詞
Wikipedia,秋田弁,アイー、アヤー,,"align=""center""|0|| あらー！ || &nbsp;",,感動詞
Wikipedia,秋田弁,アサマ,,"align=""center""|0, 2|| 朝 || 「朝間」（あさま）から",,名詞
Wikipedia,秋田弁,アソゴ,,"align=""center""|0||rowspan=""2""| あそこ。 || &nbsp;",,代名詞
Wikipedia,秋田弁,アッコ,,"align=""center""|2|| &nbsp;",,代名詞
Wikipedia,秋田弁,アラゲル,,"align=""center""|0|| 下一段 || 乱暴する。暴れる。 || &nbsp;",,動詞
Wikipedia,秋田弁,アンタニ,,"align=""center""|0|| あんなに。 || &nbsp;",,副詞
Wikipedia,秋田弁,ウルガス,,"align=""center""|3|| サ行五段 || 液体に浸して柔らかくする。 || 「潤わせる」からか",,動詞
Wikipedia,秋田弁,ウルゲル,,"align=""center""|3|| 下一段 || 液体に浸って柔らかくなる。 || &nbsp;",,動詞
Wikipedia,秋田弁,ウルダグ,,"align=""center""|3|| ガ行五段 || 慌てて急ぐ。 || &nbsp;",,動詞
Wikipedia,秋田弁,エ,,"align=""center""|1|| 家 || &nbsp;",,名詞
Wikipedia,秋田弁,エダマシ、イダワシ,,"align=""center""|4|| 惜しい、勿体無い。 || 「痛ましい」、「いたわしい」から",,形容詞
Wikipedia,秋田弁,オイ、オエ,,"align=""center""|0|| 私、俺 || &nbsp;",,代名詞
Wikipedia,秋田弁,オカ゜ル,,"align=""center""|2|| ラ行五段 || 成長する。伸びる。育つ。 || 「ガ」は鼻濁音であることに注意",,動詞
Wikipedia,秋田弁,オガ,,"align=""center""|1|| あんまり。とても。 || 後ろに「だ」をつけて「オガだ」（あんまりだ）、「でね」をつけて「オガでね」（あんまりではないか）とも言う",,副詞
Wikipedia,秋田弁,オヅゲッコ,,"align=""center""|0|| 味噌汁 || &nbsp;",,名詞
Wikipedia,秋田弁,オド,,"align=""center""|2|| 父 || オヤズ（親父）とも言う",,名詞
Wikipedia,秋田弁,オドデナ、オドトイ,,"align=""center""|0|| 一昨日 || &nbsp;",,名詞
Wikipedia,秋田弁,オメ(ンガとも言う),,"align=""center""|0|| 君、お前 || &nbsp;",,代名詞
Wikipedia,秋田弁,オモシェ,,"align=""center""|3|| 楽しい。 || 「面白い」から",,形容詞
Wikipedia,秋田弁,カイ,,"align=""center""|2",,形容詞
Wikipedia,秋田弁,カガンシ,,カグ（ッ）シ || カグスカグ（ッ）シカグデアンシ || カグ（ン）シ || カギアンシ,,敬語
Wikipedia,秋田弁,カダル,,"align=""center""|1|| ラ行五段 || 仲間に入る。参加する。 || &nbsp;",,動詞
Wikipedia,秋田弁,カッチャグ,,"align=""center""|3|| カ行五段 || 引っ掻く。 || 「掻き裂く」の音変化",,動詞
Wikipedia,秋田弁,カマドケェス,,"align=""center""|4|| サ行五段 || 破産する。 || 「竈を返す」からか",,動詞
Wikipedia,秋田弁,ガッコ,,"align=""center""|1|| 漬け物、香の物 || 「香々」（かうこ）からか",,名詞
Wikipedia,秋田弁,ガメル,,"align=""center""|2|| 下一段 || くすねる。盗む。取って独り占めにする。 || &nbsp;",,動詞
Wikipedia,秋田弁,ガモ,,"align=""center""|2|| 男児の陰部 || &nbsp;",,名詞
Wikipedia,秋田弁,ガリット,,"align=""center""|3|| ぴったりと。しっかりと。 || &nbsp;",,副詞
Wikipedia,秋田弁,キカネ,,"align=""center""|0|| 粗暴だ。 || 主に子供の粗暴な様子を表す",,形容詞
Wikipedia,秋田弁,クヅ,,"align=""center""|2|| 靴 || &nbsp;",,名詞
Wikipedia,秋田弁,ケァ、ケェ、ケ,,"align=""center""|1||rowspan=""2""| かゆい。 ||rowspan=""2""| &nbsp;",,形容詞
Wikipedia,秋田弁,コイ、コエ,,"align=""center""|0|| これ。こいつ（この人）。 || &nbsp;",,代名詞
Wikipedia,秋田弁,コエァ、コエ,,"align=""center""|2|| 疲れている。疲れた。 || 「強い」（こわい）からか",,形容詞
Wikipedia,秋田弁,コエジ,,ソエジ || アエジ || ドエジ,,指示代名詞
Wikipedia,秋田弁,コゴ,,ソゴ || アソゴ・アッコ || ドゴ,,指示代名詞
Wikipedia,秋田弁,コサ （「コゴサ」とも言う）,,"align=""center""|0, 1|| ここに。こちらに。 || 「コゴ」＋「サ」",,代名詞
Wikipedia,秋田弁,コチョケ,,"align=""center""|3|| くすぐったい。 || &nbsp;",,形容詞
Wikipedia,秋田弁,コッチ,,ソッチ || アッチ || ドッチ,,指示代名詞
Wikipedia,秋田弁,コノ,,ソノ || アノ || ドノ,,指示代名詞
Wikipedia,秋田弁,コレ・コエ,,ソレ・ソエ || アレ・アエ || ドレ・ドエ,,指示代名詞
Wikipedia,秋田弁,コンタ,,ソンタ || アンタ || ドンタナンタ,,指示代名詞
Wikipedia,秋田弁,コンタニ,,ソンタニ || アンタニ || ドンタニナンタニ,,指示代名詞
Wikipedia,秋田弁,コー,,ソー || アー || ドーナント,,指示代名詞
Wikipedia,秋田弁,ゴシャグ,,"align=""center""|2|| カ行五段 || 怒る。叱る。 || &nbsp;",,動詞
Wikipedia,秋田弁,ゴッキリやる,,"align=""center""|3|| ラ行五段 || （指導として頭を）拳骨で叩く。 || &nbsp;",,動詞
Wikipedia,秋田弁,ゴンボ,,"align=""center""|0|| ゴボウ || &nbsp;",,名詞
Wikipedia,秋田弁,サガシ,,"align=""center""|3|| 賢い。 || 「賢しい」（さかしい）から",,形容詞
Wikipedia,秋田弁,サット、サットガ,,"align=""center""|0|| 少し。ちょっと。 || &nbsp;",,副詞
Wikipedia,秋田弁,サトッコ,,"align=""center""|2|| 砂糖 || &nbsp;",,名詞
Wikipedia,秋田弁,シカダネ,,"align=""center""|4|| 申し訳ない。気の毒だ。 || 「仕方ない」からだが謝罪や同情を表す",,形容詞
Wikipedia,秋田弁,ショシ,,"align=""center""|1||恥ずかしい。 || 「笑止」の形容詞化",,形容詞
Wikipedia,秋田弁,ジョサネ,,"align=""center""|3|| 簡単だ。 || 「造作無い」からか",,形容詞
Wikipedia,秋田弁,スッタゲ、シンタゲ,,"align=""center""|0|| すごく。とても。とても一所懸命に。 || 「死ぬほど」の意",,副詞
Wikipedia,秋田弁,ソイ、ソエ,,"align=""center""|0|| それ。そいつ（その人）。 || &nbsp;",,代名詞
Wikipedia,秋田弁,ソゴ,,"align=""center""|0|| そこ。 || &nbsp;",,代名詞
Wikipedia,秋田弁,ソサ （「ソゴサ」とも言う）,,"align=""center""|0, 1|| そこに。そちらに。 || 「ソゴ」＋「サ」",,代名詞
Wikipedia,秋田弁,ソンタニ,,"align=""center""|0|| そんなに。 || &nbsp;",,副詞
Wikipedia,秋田弁,ソーダンシ,,ンダ（ッ）シ || ンダスンダ（ッ）シソーデアンシ || ンダ（ン）シ || ンデゴザリアンシンデガンシ,,敬語
Wikipedia,秋田弁,タガグ,,"align=""center""|2|| ガ行五段 || 持つ。 || 「ガ」は鼻濁音であることに注意",,動詞
Wikipedia,秋田弁,ダマッコ,,"align=""center""|2|| 球体 || &nbsp;",,名詞
Wikipedia,秋田弁,ダミ,,"align=""center""|2|| 駄目 || &nbsp;",,名詞
Wikipedia,秋田弁,チャッチャド,,"align=""center""|0|| さっさと。てきぱきと。すぐに。 || &nbsp;",,副詞
Wikipedia,秋田弁,チョス,,"align=""center""|1|| サ行五段 || 弄る。触る。弄ぶ。 || 「嘲す」から",,動詞
Wikipedia,秋田弁,デハル,,"align=""center""|2|| ラ行五段 || 外に出る。 || 「出張る」から",,動詞
Wikipedia,秋田弁,デラット,,"align=""center""|3|| 全て。すっかり。 || &nbsp;",,副詞
Wikipedia,秋田弁,トギ,,"align=""center""|0|| 遠い。 || 「遠い」の連体形「遠き」を「遠きい」として終止形に用いたもの",,形容詞
Wikipedia,秋田弁,トショル,,"align=""center""|2|| ラ行五段 || 年をとる。老いる。 || 「年寄る」から",,動詞
Wikipedia,秋田弁,ドイ、ドエ,,"align=""center""|0|| どれ。 || &nbsp;",,代名詞
Wikipedia,秋田弁,ドゴ,,"align=""center""|0|| どこ。 || &nbsp;",,代名詞
Wikipedia,秋田弁,ドサ （「ドゴサ」とも言う）,,"align=""center""|0, 1|| どこに。 || 「ドゴ」＋「サ」",,代名詞
Wikipedia,秋田弁,ドデする,,"align=""center""|2|| サ行変格 || びっくりする。 || 「動転する」からか",,動詞
Wikipedia,秋田弁,ナカ゜マル,,"align=""center""|3|| ラ行五段 || 横になる。 || 「長める」からか",,動詞
Wikipedia,秋田弁,ナケ゜ル,,"align=""center""|2|| 下一段 || 捨てる。 || 「ゲ」は鼻濁音。「投げる」から。（東北地方および北海道で広く用いられる。）",,動詞
Wikipedia,秋田弁,ナシテ,,"align=""center""|1|| なぜ。 || &nbsp;",,副詞
Wikipedia,秋田弁,ナモカモネ,,"align=""center""|1|| 大変だ。冷静でいられない。 || 単独では用いず、前に接続する節を強調するときに用いる。「何もかにもない」からか",,形容詞
Wikipedia,秋田弁,ニャー、ンニャー,,"align=""center""|0|| あらー！ || &nbsp;",,感動詞
Wikipedia,秋田弁,ヌグダマル,,"align=""center""|4|| ラ行五段 || 暖まる。 || &nbsp;",,動詞
Wikipedia,秋田弁,ヌグダメル,,"align=""center""|4|| 下一段 || 暖める。 || &nbsp;",,動詞
Wikipedia,秋田弁,ネフテ,,"align=""center""|0|| 眠い。 || &nbsp;",,形容詞
Wikipedia,秋田弁,ネマル,,"align=""center""|2|| ラ行五段 || 座る。 || &nbsp;",,動詞
Wikipedia,秋田弁,ノギ、ヌグエ、ヌギ,,"align=""center""|2|| 暖かい。暑い。 || 「温い」（ぬくい）から",,形容詞
Wikipedia,秋田弁,ノッカガル,,"align=""center""|4|| ラ行五段 || 寄り掛かる。 || &nbsp;",,動詞
Wikipedia,秋田弁,ハヤス,,"align=""center""|2|| サ行五段 || 野菜などを切る。 || &nbsp;",,動詞
Wikipedia,秋田弁,ハラワリ,,"align=""center""|2|| 腹立たしい。胸糞が悪い。 || 「腹悪い」から",,形容詞
Wikipedia,秋田弁,バガケ,,"align=""center""|0|| 馬鹿 || 「馬鹿」に接尾辞の「け」が付いたもの",,名詞
Wikipedia,秋田弁,バシ,,"align=""center""|0|| 嘘 || &nbsp;",,名詞
Wikipedia,秋田弁,バシコギ,,"align=""center""|0|| 嘘つき || &nbsp;",,名詞
Wikipedia,秋田弁,バッチャ,,"align=""center""|1, 3|| 祖母、伯叔母、妹 || &nbsp;",,名詞
Wikipedia,秋田弁,ヒズネ,,"align=""center""|3|| 辛い。苦しい。 || 「せつなし」から",,形容詞
Wikipedia,秋田弁,フルシ,,"align=""center""|3|| 古い。 || 「古い」のシク活用形「古しい」から",,形容詞
Wikipedia,秋田弁,ブリコ、ブリッコ,,"align=""center""|0|| ハタハタの卵 || &nbsp;",,名詞
Wikipedia,秋田弁,ヘナガ,,"align=""center""|2|| 背中 || &nbsp;",,名詞
Wikipedia,秋田弁,ベゴ,,"align=""center""|2|| 牛 || 牛の鳴き声を表す「メー」「ベー」に指小辞「-コ」が付いて一語化したもの",,名詞
Wikipedia,秋田弁,ボウ,,"align=""center""|0|| ワ行五段 || 追う。 || &nbsp;",,動詞
Wikipedia,秋田弁,ボダ、ボダッコ,,"align=""center""|0|| 塩ジャケ。 || &nbsp;",,名詞
Wikipedia,秋田弁,ボッコエル,,"align=""center""|4|| 下一段 || 壊れる。 || 「ぶっ壊れる」からか",,動詞
Wikipedia,秋田弁,ボッコス,,"align=""center""|3|| サ行五段 || 壊す。 || 「ぶっ壊す」からか",,動詞
Wikipedia,秋田弁,マガエル,,"align=""center""|3|| 下一段 ||rowspan=""2""| （器の中の液体が）こぼれる。 ||rowspan=""2""| &nbsp;",,動詞
Wikipedia,秋田弁,マガス,,"align=""center""|2|| サ行五段 || （器の中の液体を誤って）こぼす。 ||",,動詞
Wikipedia,秋田弁,マガル,,"align=""center""|2|| ラ行五段",,動詞
Wikipedia,秋田弁,マナグ,,"align=""center""|2|| 目、眼 || 「眼」（まなこ）の母音転化",,名詞
Wikipedia,秋田弁,ヤガナル,,"align=""center""|2|| ラ行五段 || 世話になる。 || 「厄介になる」からか",,動詞
Wikipedia,秋田弁,ヤッコエ、ヤッケェ,,"align=""center""|4|| 柔らかい。 || 「やわっこい」の音変化形",,形容詞
Wikipedia,秋田弁,ヤットガ,,"align=""center""|0|| なんとか。辛うじて。やっと。 || &nbsp;",,副詞
Wikipedia,秋田弁,ヤナサッテ,,"align=""center""|3|| 明々後日、三日後 || 東北地方で広く用いられる。標準語の「やのあさって」は、四日後のことであることに注意",,名詞
Wikipedia,秋田弁,ワラシ、ワラシッコ,,"align=""center""|0|| 子供 || &nbsp;",,名詞
Wikipedia,秋田弁,ンタ、ンカ,,"align=""center""|1|| いやだ。|| 「ソエダバ、ンタ。」（それはいやだ。それではいやだ。） 「ンタグナル。」（いやになる。）",,形容動詞
Wikipedia,秋田弁,ンタ、ンカ(南地方では、ヤンダ),,"align=""center""|1|| いやだ。 || &nbsp;",,感動詞
Wikipedia,秋田弁,ンダ,,"align=""center""|0, 2|| そうだよ。はい。 || &nbsp;",,感動詞
Wikipedia,秋田弁,ンダガラ,,"align=""center""|3|| だから。 || &nbsp;",,接続詞
Wikipedia,秋田弁,ンダドモ,,"align=""center""|3|| でも。しかし。 || &nbsp;",,接続詞
Wikipedia,秋田弁,ンメァ,,"align=""center""|0|| 甘い。おいしい。 || 「うまい」から",,形容詞
Wikipedia,秋田弁,寝る,,ネ- || ネ- || ネル- || ネレ- || ネレ（ネロ） || ネロ（ー） || ネ-,,動詞
Wikipedia,秋田弁,平鹿地方,,横手市 || 横手市・平鹿郡,,秋田方言内の区画
Wikipedia,秋田弁,書く,,カガ- || カギ- || カグ- || カゲ- || カゲ || カゴ（ー） || ケァ-カエ-,,動詞
Wikipedia,秋田弁,来る,,コ- || キ- || クル- || コエ-（クレ-）（ケ-） || コエケ || クロ（ー）コロ（ー） || キ-,,動詞
Wikipedia,秋田弁,河辺地方,,秋田市 || 秋田市・河辺郡,,秋田方言内の区画
Wikipedia,秋田弁,由利方言,,子吉川流域方言 || 海岸地帯 || 由利地方 || 由利本荘市・にかほ市 || 本荘市・由利郡,,秋田方言内の区画
Wikipedia,秋田弁,見る,,ミ- || ミ- || ミル- || ミレ- || ミレ（キロ） || ミロ（ー） || ミ-,,動詞
Wikipedia,秋田弁,雄勝地方,,湯沢市・雄勝郡 || 湯沢市・雄勝郡,,秋田方言内の区画
Wikipedia,秋田弁,静か,,-ニ || -デ || -デアッ-ダッ || -ダ（-ナ） || -ダ（-ナ）,,形容動詞
Wikipedia,秋田弁,高い,,タゲァ- || タゲァ- || タゲァ- || タゲァ-,,形容詞
Wikipedia,秋田弁のアクセント,H○○高高,,"H○○高高 || H○○高高 || ○○低高 || colspan=""2"" | ○○低低 || 着る・似る・煮る・寝る",,一段動詞
Wikipedia,秋田弁の文法,&nbsp;,,-ガラ || -エンテ-ンテ || &nbsp; || -テガ || &nbsp; || &nbsp; || &nbsp;,,確定条件（原因・理由）
Wikipedia,秋田弁の文法,-タエニ-タメニ,,-ガラ || -ハンテ-シャンテ || &nbsp; || &nbsp; || &nbsp; || &nbsp; || &nbsp;,,確定条件（原因・理由）
Wikipedia,秋田弁の文法,-タメニ,,-ガラ || -アンテ-ンテ || &nbsp; || -ンテガ || &nbsp; || &nbsp; || &nbsp;,,確定条件（原因・理由）
Wikipedia,秋田弁の文法,-タメニ-タエニ,,-ガラ || -ンテ || &nbsp; || -テガネ || &nbsp; || &nbsp; || &nbsp;,,確定条件（原因・理由）
Wikipedia,秋田弁の文法,-（用言）,,-ネァ || -タ || -（終止）-（体言）-ベ（-デロ）（-ガロ） || -バ,,形容動詞
Wikipedia,秋田弁の文法,する,,サ-（シ-） || シ- || シル-シ- || シレ-シェ- || シレシェ || シロ（ー）ショ（ー）ソ（ー） || シ-,,動詞
Wikipedia,秋田弁の文法,アゲァ赤い,,アゲァ赤い || アゲァガッタ赤かった,,状態述語
Wikipedia,秋田弁の文法,アルある,,アルある || アッタ・アッテアッタ（アッタッタ）あった,,状態述語
Wikipedia,秋田弁の文法,エルいる,,エダいる || エダ・エデアッタ（エダッタ）いた,,状態述語
Wikipedia,秋田弁の文法,カゲル書ける,,カゲダ書ける || カゲダ・カゲデアッタ（カゲダッタ）書けた,,状態述語
Wikipedia,秋田弁の文法,コエジ,,ソエジ || アエジ || ドエジ,,指示代名詞
Wikipedia,秋田弁の文法,コゴ,,ソゴ || アソゴ・アッコ || ドゴ,,指示代名詞
Wikipedia,秋田弁の文法,コッチ,,ソッチ || アッチ || ドッチ,,指示代名詞
Wikipedia,秋田弁の文法,コノ,,ソノ || アノ || ドノ,,指示代名詞
Wikipedia,秋田弁の文法,コレ・コエ,,ソレ・ソエ || アレ・アエ || ドレ・ドエ,,指示代名詞
Wikipedia,秋田弁の文法,コンタ,,ソンタ || アンタ || ドンタナンタ,,指示代名詞
Wikipedia,秋田弁の文法,コンタニ,,ソンタニ || アンタニ || ドンタニナンタニ,,指示代名詞
Wikipedia,秋田弁の文法,コー,,ソー || アー || ドーナント,,指示代名詞
Wikipedia,秋田弁の文法,サ変動詞,,"colspan=""4"" | 語彙的可能動詞「できる」",,可能態
Wikipedia,秋田弁の文法,シル,,シテル || シテラ || シタ || シテアッタ,,動態述語
Wikipedia,秋田弁の文法,ソーダンシ,,ンダ（ッ）シ || ンダ（ッ）シソーデアンシ || ンダ（ン）シ || ンデゴザリアンシンデガンシ,,敬語
Wikipedia,秋田弁の文法,一段動詞,,"rowspan=""2"" colspan=""4"" | 可能接辞形、可能動詞形（非規範的）",,可能態
Wikipedia,秋田弁の文法,五段動詞,,"colspan=""4"" | 可能動詞形、可能接辞形（古風）",,可能態
Wikipedia,秋田弁の文法,刺す,,ササ- || サシ- || サシ- || サシェ- || サシェ || サソ（ー） || サシ-,,動詞
Wikipedia,秋田弁の文法,取る,,トラ- || トリ- || トル- || トレ- || トレ || トロ（ー） || トッ-,,動詞
Wikipedia,秋田弁の文法,安い,,ヤシ- || ヤシ- || ヤシ- || ヤシ-,,形容詞
Wikipedia,秋田弁の文法,寝る,,ネ- || ネ- || ネル- || ネレ- || ネレ（ネロ） || ネロ（ー） || ネ-,,動詞
Wikipedia,秋田弁の文法,居る,,エ- || エ- || エル- || エレ- || エレ（エロ） || エロ（ー） || エ-,,動詞
Wikipedia,秋田弁の文法,書く,,カガ- || カギ- || カグ- || カゲ- || カゲ || カゴ（ー） || ケァ-カエ-,,動詞
Wikipedia,秋田弁の文法,有情物,,意思的 || 強い || ○ || ○ || ○ || ○ || ○ || ○ || × || 太郎が次郎ドゴ殴った,,対象
Wikipedia,秋田弁の文法,来る,,コ- || キ- || クル- || コエ-（クレ-）（ケ-） || コエケ || クロ（ー）コロ（ー） || キ-,,動詞
Wikipedia,秋田弁の文法,欲しい,,ホシ- || ホシ- || ホシ- || ホシ-,,形容詞
Wikipedia,秋田弁の文法,死ぬ,,シナ- || シニ- || シヌ- || シネ- || シネ || シノ（ー） || シン-,,動詞
Wikipedia,秋田弁の文法,漕ぐ,,コカ゜- || コキ゜- || コク゜- || コケ゜- || コケ゜ || ココ゜（ー） || コエ-,,動詞
Wikipedia,秋田弁の文法,無情物,,意思的 || 強い || × || ○ || ○ || ○ || ○ || ○ || × || 太郎が石ドゴ蹴飛ばした,,対象
Wikipedia,秋田弁の文法,白い,,シレ- || シレ- || シレ- || シレ-,,形容詞
Wikipedia,秋田弁の文法,着る,,キ- || キ- || キル- || キレ- || キレ（キロ） || キロ（ー） || キ-,,動詞
Wikipedia,秋田弁の文法,立つ,,タダ- || タジ- || タジ- || タデ- || タデ || タド（ー） || タッ-,,動詞
Wikipedia,秋田弁の文法,見る,,ミ- || ミ- || ミル- || ミレ- || ミレ（キロ） || ミロ（ー） || ミ-,,動詞
Wikipedia,秋田弁の文法,読む,,ヨマ- || ヨミ- || ヨム- || ヨメ- || ヨメ || ヨモ（ー） || ヨン-,,動詞
Wikipedia,秋田弁の文法,買う,,カワ-（カラ-） || カエ-（カリ-） || カウ-（カル-） || カエ-（カレ-） || カエ（カレ） || カオ（ー）（カロ（ー）） || カッ-,,動詞
Wikipedia,秋田弁の文法,静か,,-ニ || -デ || -デアッ-ダッ || -ダ（-ナ） || -ダ（-ナ）,,形容動詞
Wikipedia,秋田弁の文法,飛ぶ,,トバ- || トビ- || トブ- || トベ- || トベ || トボ（ー） || トン-,,動詞
Wikipedia,秋田弁の文法,食う,,クヮ-カ- || クエ- || ク（ー） || ケ- || ケ || クオ（ー）- || クッ-,,動詞
Wikipedia,秋田弁の文法,高い,,タゲァ- || タゲァ- || タゲァ- || タゲァ-,,形容詞
Wikipedia,秩父弁,あがりこむ,,寄り込む,,あ行
Wikipedia,秩父弁,あがりはな,,家の登り口、上がり端,,あ行
Wikipedia,秩父弁,あしっつるし,,アシナガバチ,,あ行
Wikipedia,秩父弁,あちぃにあたる,,日射病になる、暑いに中る,,あ行
Wikipedia,秩父弁,あちゃ,,それでは,,あ行
Wikipedia,秩父弁,あっぱーめく,,慌てふためく,,あ行
Wikipedia,秩父弁,あなっこ,,（掘った）穴,,あ行
Wikipedia,秩父弁,あぶらげずし,,稲荷寿司,,あ行
Wikipedia,秩父弁,あらいまて,,食器類を洗うこと,,あ行
Wikipedia,秩父弁,ありんどう,,あり,,あ行
Wikipedia,秩父弁,あんき,,安心,,あ行
Wikipedia,秩父弁,いいあんべぇ,,良い具合、良い塩梅,,あ行
Wikipedia,秩父弁,いいかげんずっぽ,,でたらめ,,あ行
Wikipedia,秩父弁,いくらか,,ちょっとずつ、少し,,あ行
Wikipedia,秩父弁,いごく,,動く,,あ行
Wikipedia,秩父弁,いっける,,載せる,,あ行
Wikipedia,秩父弁,いってんべー,,行ってみよう、（他人の家などに寄っている場合に）帰ろう,,あ行
Wikipedia,秩父弁,いどころね,,うたた寝,,あ行
Wikipedia,秩父弁,うしい,,薄い,,あ行
Wikipedia,秩父弁,うちゃぁる,,捨てる、打ち捨てる,,あ行
Wikipedia,秩父弁,うっかく、おっかく,,折る、打ち欠く、折り欠く,,あ行
Wikipedia,秩父弁,うっぽぉーる,,放り投げる,,あ行
Wikipedia,秩父弁,うんと,,沢山,,あ行
Wikipedia,秩父弁,うんまける,,空にする,,あ行
Wikipedia,秩父弁,えこっか,,にこにこと,,あ行
Wikipedia,秩父弁,えっこはっこ,,（愛想）笑いを浮かべて,,あ行
Wikipedia,秩父弁,えってみる、えんでみる,,帰る,,あ行
Wikipedia,秩父弁,えら,,沢山,,あ行
Wikipedia,秩父弁,えらいさわぎだ,,大変なことになっている,,あ行
Wikipedia,秩父弁,えれぇ,,偉い、大変,,あ行
Wikipedia,秩父弁,えれる,,入れる,,あ行
Wikipedia,秩父弁,えんこする,,座る,,あ行
Wikipedia,秩父弁,えんでみる,,帰る、失礼する,,あ行
Wikipedia,秩父弁,えーまち,,怪我すること,,あ行
Wikipedia,秩父弁,おあがんな,,召し上がれ,,あ行
Wikipedia,秩父弁,おおごと,,大変なこと,,あ行
Wikipedia,秩父弁,おおしんつく,,ツクツクボウシ,,あ行
Wikipedia,秩父弁,おくり,,奥,,あ行
Wikipedia,秩父弁,おこんじょう,,意地が悪い,,あ行
Wikipedia,秩父弁,おごっつぉう,,御ご馳走、大ご馳走,,あ行
Wikipedia,秩父弁,おっかあ,,自分の奥さん,,あ行
Wikipedia,秩父弁,おっかけとく,,立てかけておく、負い掛けておく,,あ行
Wikipedia,秩父弁,おっきりこみ,,太く短いうどん,,あ行
Wikipedia,秩父弁,おっくう,,めんどう、億劫,,あ行
Wikipedia,秩父弁,おっくじく,,挫く,,あ行
Wikipedia,秩父弁,おっこくる,,押し出す,,あ行
Wikipedia,秩父弁,おっそろし～,,感嘆した時、とんでもない事象に関して言う（言い方としては、口を「あ」を言うように開け「お」と発音する）,,あ行
Wikipedia,秩父弁,おっとう,,自分の旦那さん,,あ行
Wikipedia,秩父弁,おっぱい,,つらい、大変な事,,あ行
Wikipedia,秩父弁,おっぺす,,押す、（女性を）押し倒す,,あ行
Wikipedia,秩父弁,おてんたら,,おせいじ,,あ行
Wikipedia,秩父弁,おでんげえり,,出戻り,,あ行
Wikipedia,秩父弁,おとこし,,男の人、男衆,,あ行
Wikipedia,秩父弁,おひまち,,月に一度集落内の一家庭に集まり、その家庭で夕飯をいただく行事（現在は廃れている）,,あ行
Wikipedia,秩父弁,おらぁ,,自分のこと,,あ行
Wikipedia,秩父弁,おらがち,,私の家,,あ行
Wikipedia,秩父弁,おらがほう、おらほぅ,,私の方,,あ行
Wikipedia,秩父弁,おんなし,,女の人、女衆,,あ行
Wikipedia,秩父弁,おーだあげる,,油を売る,,あ行
Wikipedia,秩父弁,かかあ,,奥さん,,か行
Wikipedia,秩父弁,かかりゅーど,,すねかじり、ニート,,か行
Wikipedia,秩父弁,かせる,,かぶれる,,か行
Wikipedia,秩父弁,かてめし,,混ぜご飯,,か行
Wikipedia,秩父弁,かてる,,まぜる,,か行
Wikipedia,秩父弁,かんます,,かき混ぜる、掻き回す,,か行
Wikipedia,秩父弁,がしょーき（＝がとー）,,がむしゃら、乱暴,,か行
Wikipedia,秩父弁,きない,,来（こ）ない,,か行
Wikipedia,秩父弁,きもがいれる,,いらいらする、腹が立つ,,か行
Wikipedia,秩父弁,きやぁしねぇ,,まだ来ない,,か行
Wikipedia,秩父弁,ぎっつ,,バッタ,,か行
Wikipedia,秩父弁,くでぇ,,くどい,,か行
Wikipedia,秩父弁,くなげーし,,繰り返し,,か行
Wikipedia,秩父弁,くもりっぴ,,曇りの日,,か行
Wikipedia,秩父弁,くれらぁ,,あげる,,か行
Wikipedia,秩父弁,くんろい,,頂戴,,か行
Wikipedia,秩父弁,けぇりしな,,帰りながら、帰りしな,,か行
Wikipedia,秩父弁,けぇる,,帰る,,か行
Wikipedia,秩父弁,けぇるべぇ、けぇるんべぇ,,帰ろう,,か行
Wikipedia,秩父弁,けち、けちなもん,,粗末なもの、クセの悪い人,,か行
Wikipedia,秩父弁,けちく,,妙に,,か行
Wikipedia,秩父弁,けなりー,,うらやましい,,か行
Wikipedia,秩父弁,げぇーやねぇ,,つまらない,,か行
Wikipedia,秩父弁,げっとこしょー,,ヒキガエル（＝べっとこしょー）,,か行
Wikipedia,秩父弁,こうしゃく,,雑談,,か行
Wikipedia,秩父弁,こうに,,こういう風に,,か行
Wikipedia,秩父弁,こげたま,,沢山（こげーたま、とも）,,か行
Wikipedia,秩父弁,こしご,,腰につけるかご、腰籠,,か行
Wikipedia,秩父弁,こじゅうはん,,間食,,か行
Wikipedia,秩父弁,こすい,,ケチ,,か行
Wikipedia,秩父弁,こせぇる,,作る,,か行
Wikipedia,秩父弁,こっぱ,,木片,,か行
Wikipedia,秩父弁,こてえさんねぇ,,たまらない、堪えられない,,か行
Wikipedia,秩父弁,こわい,,堅い,,か行
Wikipedia,秩父弁,こんがらかる,,複雑になる,,か行
Wikipedia,秩父弁,ごうぎ,,立派なこと,,か行
Wikipedia,秩父弁,さくい,,気さく,,さ行
Wikipedia,秩父弁,さっぽぉる,,放り投げる（＝うっぽぉーる）,,さ行
Wikipedia,秩父弁,さみぃ,,寒い,,さ行
Wikipedia,秩父弁,さんざ,,十分に、過ぎるほど,,さ行
Wikipedia,秩父弁,さーねー,,世話はない、心配ない（＝あんじゃーねー）,,さ行
Wikipedia,秩父弁,しぃ,,何々するひと。英語のerに相当（例：パチンコしぃ＝パチンカー）,,さ行
Wikipedia,秩父弁,しゃなぐる,,かきむしる、払いのける,,さ行
Wikipedia,秩父弁,しょんべん,,小便,,さ行
Wikipedia,秩父弁,しりゃあしねぇ,,知らない,,さ行
Wikipedia,秩父弁,しわい,,けち,,さ行
Wikipedia,秩父弁,じいじいやき,,ニイニイゼミ,,さ行
Wikipedia,秩父弁,じみぃいう,,（地味を言う）ぜいたくを言う,,さ行
Wikipedia,秩父弁,じゃんじゃりき,,山肌の露出したゆるやかな崖,,さ行
Wikipedia,秩父弁,じゅうくう,,生意気,,さ行
Wikipedia,秩父弁,じんじくする,,似合う,,さ行
Wikipedia,秩父弁,すけてくれぇ,,手伝って,,さ行
Wikipedia,秩父弁,すんべぇ,,しましょう,,さ行
Wikipedia,秩父弁,ずいてる,,生意気な,,さ行
Wikipedia,秩父弁,ずっぽおす,,（思いがけないことが）うまくいく ※1,,さ行
Wikipedia,秩父弁,ずでぇ,,かなり,,さ行
Wikipedia,秩父弁,せっちょうする,,世話する,,さ行
Wikipedia,秩父弁,せやぁねぇ,,大丈夫,,さ行
Wikipedia,秩父弁,そうだむし,,そうですね,,さ行
Wikipedia,秩父弁,そうでがんす,,その通り,,さ行
Wikipedia,秩父弁,そおけぇ,,そうですか,,さ行
Wikipedia,秩父弁,そおなん,,そうなんですか,,さ行
Wikipedia,秩父弁,そそらっぺぇ,,いい加減,,さ行
Wikipedia,秩父弁,そらっこと,,でたらめな事,,さ行
Wikipedia,秩父弁,そらっぺぇ,,でたらめを言う事,,さ行
Wikipedia,秩父弁,そんぬぐれぇ,,そのぐらい,,さ行
Wikipedia,秩父弁,ぞんぜえる,,態度が大きい,,さ行
Wikipedia,秩父弁,たまか,,つつましい,,た行
Wikipedia,秩父弁,たらっぺ,,たらの芽,,た行
Wikipedia,秩父弁,だけんども,,だけど,,た行
Wikipedia,秩父弁,だごうしゃく,,くだらない話をすること,,た行
Wikipedia,秩父弁,ちっとんべえ,,少し,,た行
Wikipedia,秩父弁,ちょうきゅう,,正確,,た行
Wikipedia,秩父弁,つぐひ,,翌日,,た行
Wikipedia,秩父弁,つっこくる,,つつく,,た行
Wikipedia,秩父弁,つっとおす,,突き通す,,た行
Wikipedia,秩父弁,つっとさる,,入る、ささる,,た行
Wikipedia,秩父弁,つっぺぇしこむ,,押し込む,,た行
Wikipedia,秩父弁,つぶあし,,素足,,た行
Wikipedia,秩父弁,つみっこ,,すいとん,,た行
Wikipedia,秩父弁,つるっとく,,吊るして置く,,た行
Wikipedia,秩父弁,つんつるてんてん,,つんつるてん,,た行
Wikipedia,秩父弁,つんのめる,,そっくり返る,,た行
Wikipedia,秩父弁,つんむぐる,,水に潜る,,た行
Wikipedia,秩父弁,つんもす,,燃やすこと,,た行
Wikipedia,秩父弁,てぇーら,,平ら,,た行
Wikipedia,秩父弁,てえ,,人たち,,た行
Wikipedia,秩父弁,てえげえ,,たいがい,,た行
Wikipedia,秩父弁,てんぐるま,,かたぐるま,,た行
Wikipedia,秩父弁,てんごうべえしている,,いたずらばかりしている,,た行
Wikipedia,秩父弁,てんでぇに,,それぞれに,,た行
Wikipedia,秩父弁,でぇろ,,カタツムリ,,た行
Wikipedia,秩父弁,とばっくち,,入り口付近、一番手前,,た行
Wikipedia,秩父弁,とぶ,,走る,,た行
Wikipedia,秩父弁,とんする,,仲間に入れる,,た行
Wikipedia,秩父弁,どうに,,どういう風に,,た行
Wikipedia,秩父弁,なから,,かなり,,な行
Wikipedia,秩父弁,なす,,返す,,な行
Wikipedia,秩父弁,なびる,,ぬる,,な行
Wikipedia,秩父弁,なるい,,なだらか,,な行
Wikipedia,秩父弁,なんだんべえ,,何だろう,,な行
Wikipedia,秩父弁,にかしにする,,邪魔にする,,な行
Wikipedia,秩父弁,ぬきい・ぬくい,,あったかい,,な行
Wikipedia,秩父弁,ねっくそをきる,,前転をする,,な行
Wikipedia,秩父弁,のしていく,,早足でいく,,な行
Wikipedia,秩父弁,のしてんまわる,,スピードを出して走り回る,,な行
Wikipedia,秩父弁,のす,,スピードを出す,,な行
Wikipedia,秩父弁,のめっけー,,つるつるしてる（＝のめっこい）,,な行
Wikipedia,秩父弁,のめっこい,,（＝のめっけー）,,な行
Wikipedia,秩父弁,はあ,,もう,,は行
Wikipedia,秩父弁,はぎる,,（はさみで）切る,,は行
Wikipedia,秩父弁,はしっけぇ,,すばしこい,,は行
Wikipedia,秩父弁,はだかでぇろ,,ナメクジ,,は行
Wikipedia,秩父弁,はっくりげえす,,（根元から）倒す,,は行
Wikipedia,秩父弁,はっこう,,早く来い,,は行
Wikipedia,秩父弁,ば,,所、場所,,は行
Wikipedia,秩父弁,ばきゃあろめ,,馬鹿野郎め,,は行
Wikipedia,秩父弁,ひぃる,,ヒル（蛭）,,は行
Wikipedia,秩父弁,ひがっぷしい,,まぶしい,,は行
Wikipedia,秩父弁,ひだりい,,お腹が空いてる,,は行
Wikipedia,秩父弁,ひっちょる,,背負う,,は行
Wikipedia,秩父弁,ひっぽおす,,（風呂などの）水を抜く,,は行
Wikipedia,秩父弁,ひもし,,焚き火,,は行
Wikipedia,秩父弁,ひゃっけえ,,冷たい,,は行
Wikipedia,秩父弁,ひょうぎゃあねえや,,たいした事は無い,,は行
Wikipedia,秩父弁,ふえんどう,,スズメバチ,,は行
Wikipedia,秩父弁,ふっこし,,かざはな,,は行
Wikipedia,秩父弁,ふんぐりげえし,,ねんざ,,は行
Wikipedia,秩父弁,ふんごむ,,泥などに足を取られること,,は行
Wikipedia,秩父弁,ふんとけえ,,本当かい,,は行
Wikipedia,秩父弁,ぶき,,不器用,,は行
Wikipedia,秩父弁,ぶちかる,,あぐらをかく,,は行
Wikipedia,秩父弁,ぶっこぬき,,瓜二つ,,は行
Wikipedia,秩父弁,ぶっつむ,,積む,,は行
Wikipedia,秩父弁,ぶっぱたく,,叩く,,は行
Wikipedia,秩父弁,ぶに,,（～の）分,,は行
Wikipedia,秩父弁,ぶんやん,,ホームレス,,は行
Wikipedia,秩父弁,ぶーたん,,カブトムシのメス（荒川東岸）,,は行
Wikipedia,秩父弁,へえる,,入る,,は行
Wikipedia,秩父弁,へげる,,はげる,,は行
Wikipedia,秩父弁,べっちょ,,女性器,,は行
Wikipedia,秩父弁,べっとこしょー,,ヒキガエル（＝げっとこしょー）,,は行
Wikipedia,秩父弁,べべっこうしゃく,,卑猥な話,,は行
Wikipedia,秩父弁,ほうじゃく,,スズメバチ（特に大きいもの）,,は行
Wikipedia,秩父弁,ほうぼう,,いろいろな所,,は行
Wikipedia,秩父弁,ほうる,,なげる（放り投げると同意）,,は行
Wikipedia,秩父弁,ほそっぴ,,やせているひと,,は行
Wikipedia,秩父弁,ほっかい,,そうなのかい,,は行
Wikipedia,秩父弁,ほりっこ,,堀･側溝,,は行
Wikipedia,秩父弁,ほりねえ,,はずかしい,,は行
Wikipedia,秩父弁,まぐそ・まぐそがんのう,,カブトムシのメス（荒川西岸）,,ま行
Wikipedia,秩父弁,まず,,まったくもって,,ま行
Wikipedia,秩父弁,まったくねぇ,,まったくその通りだね,,ま行
Wikipedia,秩父弁,まっと,,もっと,,ま行
Wikipedia,秩父弁,まーさか・まーさかまあ,,ずいぶんと,,ま行
Wikipedia,秩父弁,むぐす,,（便を）もらす,,ま行
Wikipedia,秩父弁,むぐってぇー,,くすぐったい,,ま行
Wikipedia,秩父弁,むる,,漏れる,,ま行
Wikipedia,秩父弁,むるい,,弱い,,ま行
Wikipedia,秩父弁,めかご,,ものもらい,,ま行
Wikipedia,秩父弁,めたらっこ,,でたらめ,,ま行
Wikipedia,秩父弁,めっかんねえ,,見つからない,,ま行
Wikipedia,秩父弁,めっためった,,何度も何度も,,ま行
Wikipedia,秩父弁,めめず,,ミミズ,,ま行
Wikipedia,秩父弁,めめんたろう,,ミミズ,,ま行
Wikipedia,秩父弁,もちにいく,,取りに行く,,ま行
Wikipedia,秩父弁,やごろ,,そのうち,,や行
Wikipedia,秩父弁,やっけぇ,,めんどう、やわらかい（発音のしかたによる）,,や行
Wikipedia,秩父弁,やまんね,,山のふもとの方(（「山の根」から）,,や行
Wikipedia,秩父弁,ゆんべ,,昨晩,,や行
Wikipedia,秩父弁,ようる,,触る,,や行
Wikipedia,秩父弁,よええ,,弱い,,や行
Wikipedia,秩父弁,よおっぱり,,夜更かし,,や行
Wikipedia,秩父弁,よかんべぇ,,よかろう,,や行
Wikipedia,秩父弁,よげ,,良さそう,,や行
Wikipedia,秩父弁,よげになる,,うぬぼれる,,や行
Wikipedia,秩父弁,よさげ,,良さそう（＝よげ）,,や行
Wikipedia,秩父弁,よた,,弱虫,,や行
Wikipedia,秩父弁,よめいごと,,愚痴,,や行
Wikipedia,秩父弁,よめご,,お嫁さん,,や行
Wikipedia,秩父弁,わきゃあねえ,,簡単,,わ行
Wikipedia,秩父弁,わけえし,,若い人,,わ行
Wikipedia,秩父弁,わざと,,少し,,わ行
Wikipedia,秩父弁,わっくさ,,カメムシ,,わ行
Wikipedia,秩父弁,わりいんね,,ありがとう,,わ行
Wikipedia,秩父弁,わるげ,,悪そう,,わ行
Wikipedia,秩父弁,わるさ,,いたずら,,わ行
Wikipedia,秩父弁,スムース,,スムーズ。「甘酒祭り」を「あまさけまつり」と発音するなど、清音で発音する傾向がある,,さ行
Wikipedia,秩父弁,当てこたーねー,,とんでもない,,あ行
Wikipedia,秩父弁,朝っぱか,,朝飯前の仕事,,あ行
Wikipedia,秩父弁,朝っぱら,,朝早く,,あ行
Wikipedia,秩父弁,腕っこき,,力の限り、精一杯,,あ行
Wikipedia,秩父弁,～きし,,～だけ、～ぐらいしか,,か行
Wikipedia,秩父弁,～げぇ,,～（人物）に,,か行
Wikipedia,秩父弁,～べえ,,～だらけ,,は行
Wikipedia,美濃弁,…かしゃん,,"【接尾】疑問をともなった独り言。東京・山の手言葉の女性語「…かしら」と同様、""…か、知らぬ""の転。性別に関係なく用いる。…かなあ。…だろうか。 （例）「明日雨降るかしゃん」（明日雨降るかなあ）",,か
Wikipedia,美濃弁,…こいた,,【動】…した。（例）「びっくりこいた」（びっくりした）,,こ
Wikipedia,美濃弁,…さ,,【接尾】…さん。（例）「シゲさ」（シゲさん）,,さ
Wikipedia,美濃弁,…ちょ、ちょう（せ）【動】,,…（して）くれ。相手へのお願い。「せ」を付けるとより丁寧になる,,ち
Wikipedia,美濃弁,…まう,,【動】…（して）しまう。（異なるアクセントで）…（して）もらう。 過去形は「…まった」。（例）食べてまう（食べてしまう） やってまえよ（やってしまえよ） 飲んでまった（飲んでしまった）,,ま
Wikipedia,美濃弁,…まるけ,,【形動】…だらけ。…まみれ。（例）砂まるけ（砂まみれ）,,ま
Wikipedia,美濃弁,…やの,,【接尾】なの。「どういうことやの？」（どういうことなの？）,,や
Wikipedia,美濃弁,…んた（あ）,,【接尾】…たち、…ら。（例）「俺んたあ」（俺たち） （cf.「あんたんた」「うちんた」「びんた」「ぼんた」）,,わ行
Wikipedia,美濃弁,あいさ,,【名】あいだ,,あ
Wikipedia,美濃弁,あうつ,,【動】（うちわで）扇ぐ,,あ
Wikipedia,美濃弁,あからかす,,【動】こぼす,,あ
Wikipedia,美濃弁,あかる,,【動】こぼれる,,あ
Wikipedia,美濃弁,あかん、あかへん,,【複合】だめ。いけない。「埒が開かん」に由来。「あかすか」「だちかん」とも言う,,あ
Wikipedia,美濃弁,あがる,,【尊】召し上がる。「あがってくだせぇぁ（お召し上がりください）。」,,あ
Wikipedia,美濃弁,あじない,,【形】不味い,,あ
Wikipedia,美濃弁,あすぶ,,【動】遊ぶ、時間を持て余す。使っていないもの。（例）「あっこの畑あすんどらっせるなら、この肥やし撒いてみてちょーでぇぁ。（あそこの畑を休耕してらっしゃるなら、この肥料を撒いてみてちょうだい。）」,,あ
Wikipedia,美濃弁,あつこい,,【形】厚い,,あ
Wikipedia,美濃弁,あばばする,,【動】溺れる,,あ
Wikipedia,美濃弁,あぶつ,,【動】動悸がする。（例）「心臓があぶった」（心臓がドキドキした）,,あ
Wikipedia,美濃弁,あらけない,,【形】沢山の,,あ
Wikipedia,美濃弁,あらへん,,【複合】（物などが）無い,,あ
Wikipedia,美濃弁,あらや（新家）,,【名】分家。名古屋弁では「しんや」と言う。本家は「ほんや」,,あ
Wikipedia,美濃弁,あんき,,【名】安心。気楽。気軽。「安気」と書く,,あ
Wikipedia,美濃弁,あんじゃない,,心配ない。「案じはない」から,,あ
Wikipedia,美濃弁,あんばよう,,塩梅よく。程よく,,あ
Wikipedia,美濃弁,あんも,,【名】あんころ餅,,あ
Wikipedia,美濃弁,いがむ,,【形】ゆがむ,,い
Wikipedia,美濃弁,いきる,,【動】蒸し暑い。「今日は、えろういきるなぉ（今日は随分と蒸し暑いな）」,,い
Wikipedia,美濃弁,いげる,,【動】飽きる。東濃では「いげる」加茂郡から下呂市南部では「えげる」と言う,,い
Wikipedia,美濃弁,いざる、いのかす、いごく,,【動】座ったまま動く。動かす,,い
Wikipedia,美濃弁,いしな,,【名】石,,い
Wikipedia,美濃弁,いたまらかす,,【動】壊す,,い
Wikipedia,美濃弁,いてる,,【動】凍る,,い
Wikipedia,美濃弁,いろむ,,【動】熟す,,い
Wikipedia,美濃弁,いんさった,,【尊】おっしゃった,,い
Wikipedia,美濃弁,いんだ,,【動】死んでしまった,,い
Wikipedia,美濃弁,いんね,,【感】いいえ,,い
Wikipedia,美濃弁,うちんた,,【代名】我々、私共,,う
Wikipedia,美濃弁,うでる,,【動】茹でる,,う
Wikipedia,美濃弁,ええころかげん,,【連】いい加減,,え
Wikipedia,美濃弁,ええて,,【文】（投げやりな意味で）いいよ。（例）「まーえーて」（もういいよ）,,え
Wikipedia,美濃弁,えか,,【接尾】強調・念押しに使う。良いか。さらに強調して念押す場合は「えかて」（例）やっといてちょ。えか！（やっといてくれ。いいか！）,,え
Wikipedia,美濃弁,えれる,,【動】入れる,,え
Wikipedia,美濃弁,えんぺつ,,【名】えんぴつ,,え
Wikipedia,美濃弁,おいでる,,【尊】いらっしゃる,,お
Wikipedia,美濃弁,おうじょうこく（往生こく）,,【動】びっくりする,,お
Wikipedia,美濃弁,おうちゃき・おうちゃくい,,【形】手抜きでいい加減な。名古屋弁の「横着」に相当,,お
Wikipedia,美濃弁,おおきに（大きに）,,【文】ありがとう。（主に西濃で）,,お
Wikipedia,美濃弁,おく,,【動】やめる。やめておく,,お
Wikipedia,美濃弁,おくりさん,,【名】僧侶の妻,,お
Wikipedia,美濃弁,おけぞくさん,,【名】（神仏への）餅などのお供えもの,,お
Wikipedia,美濃弁,おこえー,,【名】おこわ、赤飯,,お
Wikipedia,美濃弁,おさうり,,【名】井戸端会議。油を売ること。（例）「おさばっかりうっとる」（油ばかり売っている）,,お
Wikipedia,美濃弁,おじょろまむし、おじょろへんび,,【名】表向きはしおらしくしているが、内面的には、ヘビやマムシのように恐い女性,,お
Wikipedia,美濃弁,おそがい・おそげぇ,,【形】恐ろしい。怖い,,お
Wikipedia,美濃弁,おぞい,,【形】悪い。お粗末。だらしない,,お
Wikipedia,美濃弁,おだいじん（お大尽）,,【名】金持ち,,お
Wikipedia,美濃弁,おっさま,,【名】お坊さん、僧侶、住職。「ごえんさん」とも言う,,お
Wikipedia,美濃弁,おとらかす,,【動】落とす,,お
Wikipedia,美濃弁,おにゅーございます,,雨の日の挨拶（可児市）。多治見市では「おにずーございます」と言う,,お
Wikipedia,美濃弁,おぶくさま,,【名】お仏供様。お西では「お仏飯」と言う,,お
Wikipedia,美濃弁,おまはん,,あなた。おまえさん,,お
Wikipedia,美濃弁,おりんぼせ,,【名】おりんの棒、幼い・小さな男の子,,お
Wikipedia,美濃弁,おんさる,,【動】いらっしゃる。「おんさい」で「いらっしゃい」の意,,お
Wikipedia,美濃弁,おんつ・めんつ,,【名】オス・メスのこと。「おんた」・「めんた」とも,,お
Wikipedia,美濃弁,おんぼ,,【名】おんぶ,,お
Wikipedia,美濃弁,かいもち,,【名】おはぎ。「粥餅」が由来,,か
Wikipedia,美濃弁,かう（支う）,,【動】（ボタン・鍵などを）かける,,か
Wikipedia,美濃弁,かがはいい,,【形】眩しい。「かがはえー」「はがいい」「はがええ」と言う地域もある,,か
Wikipedia,美濃弁,かざ,,【名】におい,,か
Wikipedia,美濃弁,かしわ,,【名】鶏肉。（例：かしわ買ってくるわ）,,か
Wikipedia,美濃弁,かった,,"こーた|| colspan=""5"" |かった",,県内各地の方言比較表
Wikipedia,美濃弁,かど,,【名】庭,,か
Wikipedia,美濃弁,かやす,,【動】返す,,か
Wikipedia,美濃弁,かやる,,【動】（物が）倒れる。（例）「自転車がかやってまった」（自転車が倒れてしまった）,,か
Wikipedia,美濃弁,からかす,,【動】（…し）まくる、しきりに…する、…てばかりいる。 （例）「本読みからかしとったわ」（本を読みまくっていたよ） 「あの犬は穴掘りからかすんやて」（あの犬は穴を掘ってばかりいるんだよ）,,か
Wikipedia,美濃弁,かわええ,,【形動】かわいそうだ,,か
Wikipedia,美濃弁,かん,,【複合】駄目。いけない。ならない。「豆腐買わなかん」（豆腐を買わなければならない）,,か
Wikipedia,美濃弁,かんからかん,,【形】非常に固い,,か
Wikipedia,美濃弁,かんかん,,【形動】硬い様。アクセントは平板,,か
Wikipedia,美濃弁,かんこう（勘考）,,【名サ】工夫、検討、考慮,,か
Wikipedia,美濃弁,かんす,,【名】蚊,,か
Wikipedia,美濃弁,がいき,,【名】風邪。（例）「がいきひかんよう、きーつけんせーよ（風邪をひかないように気をつけなさいよ）」,,か
Wikipedia,美濃弁,きいない,,【形】黄色の,,き
Wikipedia,美濃弁,きっつくらい,,【名】大嫌い,,き
Wikipedia,美濃弁,きつい,,【形】強い。（例）「あの相撲取りはきついわ」（あの相撲取りは強い）,,き
Wikipedia,美濃弁,きもい,,【形】（衣服・帽子・靴などが）きつい、窮屈だ。若者言葉で「気持ちが悪い」の省略形「キモい」とは無関係。「きむい」とも言う,,き
Wikipedia,美濃弁,きゃーらんばん,,【名】回覧板:（例）「はよ、きゃーらんばん持ってきゃー」,,き
Wikipedia,美濃弁,きやす,,【動】消す,,き
Wikipedia,美濃弁,きりばん,,【名】まな板,,き
Wikipedia,美濃弁,きんたまぶえ,,【名】風船,,き
Wikipedia,美濃弁,きんのう,,【名】昨日,,き
Wikipedia,美濃弁,ぎざ,,【名】縁起,,き
Wikipedia,美濃弁,ぎょうさん、ようさん（仰山）,,【形】たくさん。（例）「ぎょうさん食べやあ」（沢山食べなさい）,,き
Wikipedia,美濃弁,くじな,,【名】たんぽぽ,,く
Wikipedia,美濃弁,くそ…,,【形】後に続く言葉の「最上形」（例）くそたわけ（とても馬鹿） くそえれぇ（とても辛い）,,く
Wikipedia,美濃弁,くたぶれた,,【動】くたびれた,,く
Wikipedia,美濃弁,くだれた,,【尊】いただいた,,く
Wikipedia,美濃弁,くっくら,,【形動】黙々と,,く
Wikipedia,美濃弁,くるう,,【動】暴れる。（例）「部屋の中で狂ったらあかん」（暴れたら駄目）,,く
Wikipedia,美濃弁,くろ,,【名】隅っこ,,く
Wikipedia,美濃弁,くろにえ,,【名】青アザ,,く
Wikipedia,美濃弁,けっつまずく,,【動】躓く,,け
Wikipedia,美濃弁,けってく,,【動】帰っていく,,け
Wikipedia,美濃弁,けなるい,,【形】うらやましい,,け
Wikipedia,美濃弁,けド,,【名】計算ドリル。愛知県一宮市でも使用,,け
Wikipedia,美濃弁,げえ,,【接尾】…じゃないか。…じゃん。眼前の事出来事に驚いた時に用いる（相手に抗議するときなどは「…やん」を使う）。（例）虹がでとるげえ！ （虹が出ているじゃないか！）,,け
Wikipedia,美濃弁,こうしゃく,,【名】不平不満,,こ
Wikipedia,美濃弁,こぎる,,【動】値切る,,こ
Wikipedia,美濃弁,こそばいい,,【形】くすぐったい。「こそばええ」郡上では「くつばしい」中濃では「こそべたい」とも言う,,こ
Wikipedia,美濃弁,こばる,,【動】配る,,こ
Wikipedia,美濃弁,こまる,,【動】（歯などに）はさまる,,こ
Wikipedia,美濃弁,こやあた,,【尊】いらっしゃった,,こ
Wikipedia,美濃弁,こわい（強い）,,【形】（食べ物が）固い,,こ
Wikipedia,美濃弁,こわける,,【動】壊れる,,こ
Wikipedia,美濃弁,こーれー,,【名】とうもろこし。「高麗黍（こうらいきび。とうもろこしの古い言い方）」が短縮され訛ったもの,,こ
Wikipedia,美濃弁,ごいんさま（御院様）,,【名】お寺の住職,,こ
Wikipedia,美濃弁,ごがわく（業が沸く）,,【動】腹が立つ、ムカつく。 （例）「おんしの顔見とるとごがわくわ （あなたと顔を合わせるだけで腹が立つ）」,,こ
Wikipedia,美濃弁,ごくどうしてる,,【動詞】さぼっている。怠けている,,こ
Wikipedia,美濃弁,ござる,,【動】いらっしゃる。（例）待ってござる（待っていらっしゃる）,,こ
Wikipedia,美濃弁,ごたいげさま,,ありがとう,,こ
Wikipedia,美濃弁,ごんぼ,,【名】ごぼう,,こ
Wikipedia,美濃弁,ご無礼する,,【名サ動】（先に帰るときなどに）失礼する。（お先に頂く際に）失礼する,,こ
Wikipedia,美濃弁,さきがた,,【名】先程,,さ
Wikipedia,美濃弁,さぶぼろ,,【名】鳥肌,,さ
Wikipedia,美濃弁,さらえる,,【動】皿の食べ物などを食べて空にする,,さ
Wikipedia,美濃弁,さんまえ（さんめー）,,【名】火葬場,,さ
Wikipedia,美濃弁,ざいしょ,,【名】出身地、実家、故郷。「ぜぇぁーしょ」と発音する。三重県の御在所岳ではない,,さ
Wikipedia,美濃弁,しおからい（塩辛い）,,【形】しょっぱい,,し
Wikipedia,美濃弁,しず（沈）まる,,【動】（お風呂で肩まで）つかる,,し
Wikipedia,美濃弁,しとなる,,【動】成長する。大きくなる。「ひとなる」「しとねる」「ひとねる」とも言う。「人になる」が語源,,し
Wikipedia,美濃弁,しゃち,,【名】口出し、節介 「しゃち（を）焼く」（口出しをする、お節介を言う）の形で用いる,,し
Wikipedia,美濃弁,じいも（地芋）,,【名】サトイモ,,し
Wikipedia,美濃弁,じょり,,【名】つっかけ履き。「ジョリッパ」「ゾリ」「ゾリッパ」とも言う。草履とスリッパの合体語・その略,,し
Wikipedia,美濃弁,じん（仁）,,【名】（「…のじん」で）…の人。 （例）「岐阜のじん」（岐阜の人）,,し
Wikipedia,美濃弁,ずくんぼ,,【名】つくしんぼ,,す
Wikipedia,美濃弁,ずつない,,【形】辛い。苦しい。（例）「お母ちゃんのーなってまって気がずつねゃぁてかん（お母さんが亡くなってしまって気が苦しくて仕方がない。）」,,す
Wikipedia,美濃弁,せいだいて,,【名】一生懸命,,せ
Wikipedia,美濃弁,そうましい,,【形】（主に東濃地方）やかましい様子。散らかっている様子。（例）「どえらいそうましい連中」「どえらいそうましい部屋」,,そ
Wikipedia,美濃弁,そうれん（葬斂）,,【名】葬式・葬儀の列,,そ
Wikipedia,美濃弁,そーすーとせーが,,【接】そうすると,,そ
Wikipedia,美濃弁,たべともない,,食べたくない,,た
Wikipedia,美濃弁,ためらって,,気をつけて,,た
Wikipedia,美濃弁,たるい,,【形】だるい。かったるい,,た
Wikipedia,美濃弁,たんちん,,【名】馬鹿者。よく子供に向かって「おたんちん」と言う,,た
Wikipedia,美濃弁,たんと,,【形】たくさん。（例）「遠慮せんと、たんと食べてきゃー」,,た
Wikipedia,美濃弁,だいたげる,,【動】出してあげる。「だいてください」は「出してください」になる,,た
Wikipedia,美濃弁,だだくさ,,【形動】（行動が）いい加減、ずぼら、乱暴、粗末、粗雑。「駄沢山」の転。（例）「食べ物をだだくさにしたらあかんに」（食べ物を粗末にしてはいけないよ）,,た
Wikipedia,美濃弁,だちかん,,【複合】駄目。「埒が開かん」の転 cf.「あかん」,,た
Wikipedia,美濃弁,ちょうすく,,【動】図に乗る。生意気。「調子付く」の転,,ち
Wikipedia,美濃弁,ちょんぼ,,【名】髪どめ用のゴム。または、ゴムでとめた状態の髪。（例）「おちょんぼする」,,ち
Wikipedia,美濃弁,ちょーらかす,,【動】あやす。だます。（例）「子供をちょーらかす」（子供をあやす）,,ち
Wikipedia,美濃弁,つくなる,,【動】座る。正座する,,つ
Wikipedia,美濃弁,つける,,【動】ご飯をよそう,,つ
Wikipedia,美濃弁,つっつっからかす,,【動】突きまくる,,つ
Wikipedia,美濃弁,つっと,,【副】急に。すぐに,,つ
Wikipedia,美濃弁,つもい,,【形】→きもい,,つ
Wikipedia,美濃弁,つる,,【動】（机や椅子などを）持ち上げて動かす。運ぶ,,つ
Wikipedia,美濃弁,つれ,,【名】友達。知り合い,,つ
Wikipedia,美濃弁,つーろく,,【動】釣り合う。マッチング,,つ
Wikipedia,美濃弁,てったう,,【動】手伝う,,て
Wikipedia,美濃弁,でぬけとる,,【動】外出している。留守にしている,,て
Wikipedia,美濃弁,でーこ,,【名】大根,,て
Wikipedia,美濃弁,ときんときん,,【形動】尖っている様。アクセントは平板。（例）「この鉛筆ときんときんにして」（鉛筆を（削って）尖らせて）,,と
Wikipedia,美濃弁,とっつく,,【動】届く。日本書紀の「とづく」が由来,,と
Wikipedia,美濃弁,とふ,,【名】豆腐,,と
Wikipedia,美濃弁,とらまえる,,【動】つかまえる,,と
Wikipedia,美濃弁,とれぇ,,【形】どんくさい,,と
Wikipedia,美濃弁,とろくさい,,【形】ばからしい。あほらしい,,と
Wikipedia,美濃弁,ど…,,【副】すごく、超…。（例）どむかつく（すごいむかつく）,,と
Wikipedia,美濃弁,どえらい,,【副】すごく、超〜。「どっと（て）れー」「どんのすげー」との言い方もある。若者は「でーれー」とも言う,,と
Wikipedia,美濃弁,どえらー,,どーらい||どえらい、でーれー,,県内各地の方言比較表
Wikipedia,美濃弁,どかみ,,【形動】蒸し暑いこと。（例）「どかどかで、よう寝れんわ」（蒸し暑くてよく寝られない）,,と
Wikipedia,美濃弁,どこぞかんぞに,,【副】どこかに,,と
Wikipedia,美濃弁,どんどこどん,,【形】めちゃくちゃ暑い,,と
Wikipedia,美濃弁,どんびき,,【名】カエル,,と
Wikipedia,美濃弁,ながたん,,【名】包丁,,な
Wikipedia,美濃弁,なぶる,,【動】いじる。さわる。手を加える,,な
Wikipedia,美濃弁,なまかわ,,【形動】なまけること。（例）「あいつは、なまかわや」（あいつは怠惰だ）,,な
Wikipedia,美濃弁,なんにもしらすと,,何も知らずに,,な
Wikipedia,美濃弁,ねきもん,,【名】偽者、紛い物,,ね
Wikipedia,美濃弁,ねたくる,,【動】こすりつける,,ね
Wikipedia,美濃弁,ねつらう,,【動】狙いすます,,ね
Wikipedia,美濃弁,ねぶる,,【動】なめる,,ね
Wikipedia,美濃弁,のうならかす,,【動】なくす。紛失する,,の
Wikipedia,美濃弁,のうなる,,【動】亡くなる,,の
Wikipedia,美濃弁,はざこ,,【名】オオサンショウウオ,,は
Wikipedia,美濃弁,はじかい,,【形】痛痒い,,は
Wikipedia,美濃弁,はす,,【名】斜め,,は
Wikipedia,美濃弁,はすかい,,【名】斜め向かい,,は
Wikipedia,美濃弁,はた,,【名】畑,,は
Wikipedia,美濃弁,ばか,,【助】だいたい～くらい。（例）「林さんバイパスで渋滞はまっとるで、一時間ばか待っとったらんとかん（林さんがバイパスで渋滞に巻き込まれたから、一時間ほど待ってあげないとだめだ）。」,,は
Wikipedia,美濃弁,ばば、はばちょ,,【名】仲間外れ。（例）「はばになってまったがや（仲間外れにされてしまったよ）」,,は
Wikipedia,美濃弁,ばばい,,【形】汚い,,は
Wikipedia,美濃弁,ばりかく,,【動】引っ掻く,,は
Wikipedia,美濃弁,ばんげ,,【名】夜,,は
Wikipedia,美濃弁,ばーっかな,,【連】ご丁寧に,,は
Wikipedia,美濃弁,ひきずり,,【名】すき焼き,,ひ
Wikipedia,美濃弁,ひず,,【形】元気。（例）「ひずがねぇぁ（元気がない）」,,ひ
Wikipedia,美濃弁,ひとつぼ,,【助数】一粒,,ひ
Wikipedia,美濃弁,ひなた,,あなた,,ひ
Wikipedia,美濃弁,ひね,,【形】古い。（例）「ひね漬け」（古い漬物）,,ひ
Wikipedia,美濃弁,ひまざえ,,【尊】御足労,,ひ
Wikipedia,美濃弁,ひやかす,,【動】水に浸す。「冷やす」とは限らない,,ひ
Wikipedia,美濃弁,ひんなか,,【名】日中（にっちゅう）,,ひ
Wikipedia,美濃弁,びい,,【名】女の子、娘、嫁。複数形は「びんた」,,ひ
Wikipedia,美濃弁,びーし（B紙）,,【名】模造紙。B1サイズに近いことから,,ひ
Wikipedia,美濃弁,ふけらかす,,【動】自慢する,,ふ
Wikipedia,美濃弁,ふっつり,,【副】きっぱり,,ふ
Wikipedia,美濃弁,ぶんだこ,,【名】草餅、ヨモギ餅,,ふ
Wikipedia,美濃弁,へっつく,,【動】くっつく,,へ
Wikipedia,美濃弁,へーつくばる,,【動】這いつくばる,,へ
Wikipedia,美濃弁,へーともない,,【連】とんでもない,,へ
Wikipedia,美濃弁,べた,,【終助】あっちべた・こっちべた・そっちべた…あちら・こちら・そちら,,へ
Wikipedia,美濃弁,べんこう,,【名】生意気。弁口と書く。「べんこうな」「べんこらしい」と使われる,,へ
Wikipedia,美濃弁,ほかる,,【動】すてる,,ほ
Wikipedia,美濃弁,ほんで,,【接続】それで,,ほ
Wikipedia,美濃弁,ほんなら,,【接】では,,ほ
Wikipedia,美濃弁,ぼう,,【名】男の子、息子、坊主。複数形は「ぼんた」。（例）くそぼんた（糞坊主ども） うちのぼんた（うちの息子たち）,,へ
Wikipedia,美濃弁,ぼたもやし,,【名】土手などの燃焼除草,,ほ
Wikipedia,美濃弁,ぼろ,,【名】皮膚にできる吹出物,,ほ
Wikipedia,美濃弁,まあ,,【副】もう。（例）まあ帰らなあかんに。（もう帰らないと駄目だよ。）,,ま
Wikipedia,美濃弁,まっかすけ,,【形】真っ赤っか。まっかしけ、まっかちかとも言う,,ま
Wikipedia,美濃弁,まっと,,【副】もっと,,ま
Wikipedia,美濃弁,まめ,,【名】元気。達者。まめにしとったか？（元気にしてたか？）,,ま
Wikipedia,美濃弁,まわし,,【名サ動】準備、支度。（例）はよーまわししやぁ（早く準備しなさい）,,ま
Wikipedia,美濃弁,まーおけ,,もうやめておけ,,ま
Wikipedia,美濃弁,まーはい,,【副】もう。「まーへー」とも言う,,ま
Wikipedia,美濃弁,みえる,,【動】いらっしゃる、（…して）いらっしゃる。「ござる」よりも新しい表現。（例）待ってみえる（待っていらっしゃる）,,み
Wikipedia,美濃弁,むしやしない（虫養い）,,【名】腹の虫を満足させること。軽い間食,,む
Wikipedia,美濃弁,めっそ,,【副】だいたい、およそ、大雑把に。「どめっそ」さらにアバウトに,,め
Wikipedia,美濃弁,めんぼ,,【名】ものもらい,,め
Wikipedia,美濃弁,もうやいする,,【動】一つのものを共有する、分け合う（半分に分ける・分割する意味ではない）。舟を繋ぎ止める「舫綱（もやいづな）」が由来,,も
Wikipedia,美濃弁,ももた,,【名】太もも,,も
Wikipedia,美濃弁,もんで,,【接続】…から。…ので。「…で」と比べると言い訳など理由に重点をおきたいときに用いられやすい。「仕事しとったもんで行けなんだ」（仕事していたから行けなかった）,,も
Wikipedia,美濃弁,もーはい,,【副】もうすぐ。「もーへー」とも言う,,も
Wikipedia,美濃弁,やえる,,【動】重複する,,や
Wikipedia,美濃弁,やぐい,,【形】壊れやすい,,や
Wikipedia,美濃弁,やけずり,,【名】やけど。「焼けて攣（つ）る」から由来,,や
Wikipedia,美濃弁,やっとかめ（八十日目）,,【形】久しぶり。（例）「やっとかめやなも」（久しぶりだねえ）奥美濃では「やっとめ」、加茂郡七宗町では「やっとこめ」、山県市高富町では「しばらくぶり」とも言う,,や
Wikipedia,美濃弁,やめる（病める）,,【動】身体に痛みなどの不調がある。（例）きんのうから足がやめでゃあてかなん（昨日から足が痛くてたまらない）,,や
Wikipedia,美濃弁,ややこやしい,,【形】ややこしい,,や
Wikipedia,美濃弁,やらぁ,,（だ）らぁ||やろう,,県内各地の方言比較表
Wikipedia,美濃弁,やん,,【接尾】…じゃないか。…じゃん。「柿食べたいって言っとったやん」（柿が食べたいって言ってたじゃないか）,,や
Wikipedia,美濃弁,やーこい,,【形】柔らかい。ふにゃふにゃ,,や
Wikipedia,美濃弁,ようけ,,【形】たくさん。「柿がようけなっとる」（柿がたくさんなっている）,,よ
Wikipedia,美濃弁,ようさ（り）,,【名】 夜中。 「ゆうさ」とも言う。「ようさようさ出ていくな」（夜中に出歩くな）,,よ
Wikipedia,美濃弁,よど,,【名】よだれ,,よ
Wikipedia,美濃弁,よばる,,【動】呼ぶ,,よ
Wikipedia,美濃弁,よろしかったですか,,【文】よろしいですか。岐阜弁では誤用ではない,,よ
Wikipedia,美濃弁,らっしもない,,【形】だらしない,,ら
Wikipedia,美濃弁,わっち,,【代名】俺、僕、わし、あたし。男女を問わず用いる,,わ行
Wikipedia,美濃弁,ケッタ,,【名】自転車。新方言。岐阜ではけたくりことも言う,,け
Wikipedia,美濃弁,ゲボ,,【名】嘔吐,,け
Wikipedia,美濃弁,バナ,,【名】バナナ,,は
Wikipedia,美濃弁,京阪式,,"垂井式|| colspan=""3"" |内輪東京式||中輪東京式||内輪東京式",,県内各地の方言比較表
Wikipedia,美濃弁,尊敬,,尊敬表現の助動詞には美濃弁では様々なものが使われる,,助動詞・助詞・各種表現
Wikipedia,美濃弁,食べやあ,,食べりー||食べない,,県内各地の方言比較表
Wikipedia,美濃弁,（お金を）こわす,,【動】両替する,,こ
Wikipedia,美濃弁,～よる,,【動】～している。「居（お）る」から。（例）「よー雨降りよるわ。」西濃では悪態をつくことに使われる。（例）「あいつ、なかなかやりよるわ」,,よ
Wikipedia,群馬弁,あるく-べえ,,あるく-だんべえ,,べえ類
Wikipedia,群馬弁,く-べえ/き-べえ,,くる-だんべえ/くん-だんべえ,,べえ類
Wikipedia,群馬弁,す-べえ/し-べえ,,する-だんべえ/すん-だんべえ,,べえ類
Wikipedia,群馬弁,たて-べえ,,たてる-だんべえ/たてん-だんべえ,,べえ類
Wikipedia,群馬弁,中之条,,なかの＼じょう || なかのじょう￣（※）,,地名
Wikipedia,群馬弁,亀,,かめ || かめ（尾高型。市部以外）,,名詞
Wikipedia,群馬弁,伊勢崎,,いせ＼さき || いせさき￣（※）、いっさき￣,,地名
Wikipedia,群馬弁,利根川,,とねがわ￣ || とね＼がわ,,地名
Wikipedia,群馬弁,前橋,,まえ＼ばし、ま＼えばし || まえばし￣（※）、まいばし￣,,地名
Wikipedia,群馬弁,吾妻,,あがつま￣ || あが＼つま（※）,,地名
Wikipedia,群馬弁,太田,,おおた￣ || お＼おた（※）,,地名
Wikipedia,群馬弁,妙義,,みょ＼うぎ || みょうぎ￣（※）,,地名
Wikipedia,群馬弁,新町,,し＼んまち || しんまち￣,,地名
Wikipedia,群馬弁,桐生,,きりゅう￣ || き＼りゅう（共通語としても許容範囲）,,地名
Wikipedia,群馬弁,欠伸,,あくび（平板型） || あくび,,名詞
Wikipedia,群馬弁,苺,,いちご（平板型） || いちご,,名詞
Wikipedia,群馬弁,草津,,く＼さつ、くさ＼つ|| くさづ￣,,地名
Wikipedia,群馬弁,萩,,はぎ || はぎ（尾高型。市部以外）,,名詞
Wikipedia,群馬弁,赤城,,あ＼かぎ || あかぎ￣,,地名
Wikipedia,群馬弁,軽井沢,,かるい＼ざわ || かるいさ＼わ,,地名
Wikipedia,群馬弁,長野原,,ながの＼はら || ながのはら￣（※）,,地名
Wikipedia,群馬弁,雲,,くも || くも（尾高型。市部以外）,,名詞
Wikipedia,群馬弁,館林,,たてば＼やし || たてばやし￣（※）,,地名
Wikipedia,群馬弁,鳩,,はと || はと（尾高型。周辺山間部のみ）,,名詞
Wikipedia,舞鶴弁,うら,,「後ろ・奥」を意味する,,その他
Wikipedia,舞鶴弁,こ,,「〜か」にあたる疑問の終助詞。丹波でも広範囲で用いられる,,その他
Wikipedia,舞鶴弁,やって,,「って言っているのか？」→「やってか？」,,その他
Wikipedia,舞鶴弁,用例,,「買い物に出かけられた」→「買い物に出かけちゃった」,,ちゃった・とって
Wikipedia,舞鶴弁,連用形＋ないな,,「〜しなよ」という軽い命令・促しの表現。丹後半島や丹波北部でも用いる,,その他
Wikipedia,舞鶴弁,連用形＋よった,,〜しそうになった。丹波や播磨などでも用いる,,その他
Wikipedia,茨城弁,あっと・あっど,,有るぞ,,代表的成句及び語法表現
Wikipedia,茨城弁,あつこい,,厚みがある,,形容詞（複合語を含む）
Wikipedia,茨城弁,あるってく,,歩いて行く。「行く」→「行って」の促音便変化と同じように「歩く」→「歩って」となる,,動詞（複合語を含む）
Wikipedia,茨城弁,いぐべ・いんべ,,行こう（「行くベ」）。茨城弁の独特な言い回しだが、出先から帰る際にも使用する。んじゃぁ、いってみっから：それじゃ、帰りますので,,代表的成句及び語法表現
Wikipedia,茨城弁,いしゃる,,退く,,動詞（複合語を含む）
Wikipedia,茨城弁,おがし,,*:(1) おかしい。「あの漫画、オガシかったど」→（あの漫画、おかしかったよ）,,形容詞（複合語を含む）
Wikipedia,茨城弁,おじる,,降りる。主に県北地域に多い,,動詞（複合語を含む）
Wikipedia,茨城弁,おもしー,,面白い,,形容詞（複合語を含む）
Wikipedia,茨城弁,かい・けー・こい,,促音化した名詞・形容詞に付き状態を表す体言を作る。「けー」は「かい」の逆行同化形。いずれも標準語にある表現だが、茨城では使用範囲が広く独特の言葉を形成する,,接尾語
Wikipedia,茨城弁,かだ・けだ,,方。～の方。ひがしっかだ：東の方,,接尾語
Wikipedia,茨城弁,きる,,来る。カ行上一段活用,,動詞（複合語を含む）
Wikipedia,茨城弁,くさい・くせー,,状態を示す接尾語で、「怪しい」「...らしい」の意。「にクサイ・にクセー」→（似ているっぽいらしい）、「ちっぽクサイ・ちっぽクセー」→（小さいっぽいらしい）,,接尾語
Wikipedia,茨城弁,こでらんね・こでらんねー,,（嬉しくて）こたえられない、たまらない,,代表的成句及び語法表現
Wikipedia,茨城弁,したっけ,,そうしたら,,指示代名詞
Wikipedia,茨城弁,しゃーんめ・しゃーんめー,,しょうがないだろう,,代表的成句及び語法表現
Wikipedia,茨城弁,しんちゃった,,死んでしまった。「死んじゃった」,,代表的成句及び語法表現
Wikipedia,茨城弁,せまこい・せまっこい,,狭い,,形容詞（複合語を含む）
Wikipedia,茨城弁,そーたの,,そんなもの。そんなの,,代表的成句及び語法表現
Wikipedia,茨城弁,だんだ,,誰だ。「だんじゃ」とも言う地域がある,,代表的成句及び語法表現
Wikipedia,茨城弁,だんに,,誰に,,代表的成句及び語法表現
Wikipedia,茨城弁,ちっちぇ・ちんこい・ちんちゃい,,小さいの意。茨城弁では標準語の「小さい」と「ちっちゃい」の両方に対応し、ニュアンスの使い分けは行われない,,形容詞（複合語を含む）
Wikipedia,茨城弁,ちゃった,,～（し）ちゃった。標準口語では、撥音便を伴う場合は「～じゃった」となるが、茨城弁では全て「ちゃった」となる。「しんちゃった」などと言う,,代表的成句及び語法表現
Wikipedia,茨城弁,ち・ちー,,～という,,代表的成句及び語法表現
Wikipedia,茨城弁,っちゃった,,～（して）しまった。～ちゃった。「たべっちゃった」などと言う,,代表的成句及び語法表現
Wikipedia,茨城弁,つこでる・つっこでる,,落ちる。「突き落ちる」意味。他動詞は、つこどす・つっこどす,,動詞（複合語を含む）
Wikipedia,茨城弁,ていめ・ていめー・てめ・てめー,,～（し）ていないだろう。「～（し）ていまい」,,代表的成句及び語法表現
Wikipedia,茨城弁,なんちけ,,何だって。何て言っていた。なんちけあれ：何と言うんだっけ、あれは。なんちけやざ：何て言っていた。あいつは,,代表的成句及び語法表現
Wikipedia,茨城弁,ぬるっこい,,温い,,形容詞（複合語を含む）
Wikipedia,茨城弁,ぱだ・ぱた・ぺだ・ぺた,,～端。～の表面。「べた・ぺた」は標準語で「尻臀」があるが、茨城では多用する,,接尾語
Wikipedia,茨城弁,ひやす,,（水に）ひたす,,動詞（複合語を含む）
Wikipedia,茨城弁,ぶっつぁぐ・ぷっつぁぐ,,裂く。破く,,動詞（複合語を含む）
Wikipedia,茨城弁,ぶんぬぐ・ぶんぬく,,(1) 抜く。(2) 穴を開ける。(3) 底蓋を開けて流す。(4) 追い抜く。(5) 除名する,,動詞（複合語を含む）
Wikipedia,茨城弁,へづまんねー,,つまらない,,形容詞（複合語を含む）
Wikipedia,茨城弁,ほどんと,,ほとんど,,副詞
Wikipedia,茨城弁,ほんだがら,,だから。そうだから,,接続詞
Wikipedia,茨城弁,ぽぎだす・ぽきだす,,吐き出す。死語となった「ほきだす」が訛ったもの,,動詞（複合語を含む）
Wikipedia,茨城弁,まっと,,もっと,,副詞
Wikipedia,茨城弁,みたぐ・みたく,,～みたいに。清音形は、近年都心の若人が使うようになってきている。「みたい」を形容詞として扱って、その連用形として使っていると考えられる。類似の語法に動詞の「違う」を形容詞として扱い、その連用形としての「ちがくなる」（間違える）がある,,代表的成句及び語法表現
Wikipedia,茨城弁,やっちめる,,やっつける。こらしめる。とっちめる,,動詞（複合語を含む）
Wikipedia,茨城弁,やま,,林、森、山の三つにあたる。茨城弁では、「ハヤシ」「モリ」といった単語は無い,,名詞（複合語を含む）
Wikipedia,茨城弁,ゆーべかた・ゆんべかた・ゆんべ,,昨夜,,名詞（複合語を含む）
Wikipedia,茨城弁,んだ,,そうだ,,代表的成句及び語法表現
Wikipedia,茨城弁,んだがら,,だから。そうだから,,接続詞
Wikipedia,茨城弁,んだけんと,,だけれど,,接続詞
Wikipedia,茨城弁,んだしけ・んだすけ・んだちけ,,そうだって。だそうだ,,代表的成句及び語法表現
Wikipedia,薩隅方言,アゲ-ン,,アゲッ-セエ、アゲ-モス、アゲ-タ||アグッ||アグレ-バ||アゲ||アグ,,動詞
Wikipedia,薩隅方言,キカ-ン,,キッ-セエ、キッ-モス、キイ-タ||キッ||キケ-バ||キケ||キコ,,動詞
Wikipedia,薩隅方言,コ-ン,,キッ-セエ、キ-モス、キ-タ||クッ||クレ-バ||ケ||ク,,動詞
Wikipedia,薩隅方言,セ-ン,,シッ-セエ、シ-モス、シ-タ||スッ||スレ-バ||セ||ス,,動詞
Wikipedia,蝸牛考,東北地方の北部・九州の西部,,ナメクジ || 最も古い,,内容
Wikipedia,蝸牛考,東北地方・九州,,ツブリ || 古い,,内容
Wikipedia,蝸牛考,近畿地方,,デデムシ || 最も新しい,,内容
Wikipedia,蝸牛考,関東・四国,,カタツムリ || 中間,,内容
Wikipedia,西伯耆方言,日野郡,,イ段とウ段の母音の中舌性が米子市よりも弱く、イ段とウ段の区別が保たれる。裏日本式音韻体系であるものの、非ズーズー弁である,,母音
Wikipedia,西伯耆方言,米子平野,,語中・語尾のラ行子音が脱落し、前の母音が長音に変化することが多い,,ラ行子音脱落
Wikipedia,讃岐式アクセント,▼○,,●○||▼○,,概要
Wikipedia,讃岐式アクセント,○▼,,○●||○▼,,概要
Wikipedia,讃岐式アクセント,○▼○、○▼●,,○●○||○●○,,概要
Wikipedia,讃岐式アクセント,○○,,●●||●○,,概要
Wikipedia,讃岐式アクセント,○○○,,●●●||●●○,,概要
Wikipedia,讃岐式アクセント,○○●,,●●●||●○○,,概要
Wikipedia,讃岐式アクセント,○●,,○○||○●,,概要
Wikipedia,讃岐式アクセント,○●●,,○○○||○○●,,概要
Wikipedia,讃岐式アクセント,○●（○）,,○▼（○）||○○（▼）||○●（○）||●○（○）,,各タイプ
Wikipedia,讃岐式アクセント,●○○,,○▼○,,各タイプ
Wikipedia,讃岐式アクセント,●○●、●○○,,colspan=2|●○○,,概要
Wikipedia,讃岐式アクセント,●○（○）,,○▼（○）、●○（○）※||●▼/●●（○）||colspan=2|●○（○）,,各タイプ
Wikipedia,讃岐式アクセント,●●,,●○,,各タイプ
Wikipedia,讃岐式アクセント,●●○,,○●○||●●○,,概要
Wikipedia,讃岐式アクセント,●●●,,○▼○,,各タイプ
Wikipedia,讃岐式アクセント,●●（●）,,○●（●）||●●（●）||○●（○）||○●（●）,,各タイプ
Wikipedia,讃岐式アクセント,●（○）,,●（○）||●（○）、●（●）||●（○）||●（○）,,各タイプ
Wikipedia,讃岐式アクセント,●（●）,,○（●）||●（●）||○（●）||●（○）,,各タイプ
Wikipedia,讃岐式アクセント,五段●●●、一段○○○,,○●●,,各タイプ
Wikipedia,越後方言,～て,,～って,,越後弁の例
JMdict,近畿,あかへん,明かへん,,useless; no good,
JMdict,近畿,あかん,明かん,,useless; no good; cannot; must not,
JMdict,近畿,あかんたれ,,,good-for-nothing,
JMdict,近畿,あきまへん,,,useless; no good; cannot; must not,
JMdict,近畿,あこ,彼処,,there; over there,
JMdict,近畿,あて,当て,,aim; object; expectations; prospects; something that can be relied upon; snack served with alcoholic,
JMdict,近畿,あない,,,that sort of; that kind of; like that; in that way,
JMdict,近畿,あなじ,,,northwesterly winter wind,
JMdict,近畿,あなぜかぜ,あなぜ風,,northwesterly winter wind,
JMdict,近畿,あぶらむし,油虫,,aphid; plant louse; cockroach; Japanese house bat (Pipistrellus abramus); hanger-on; parasite; visit,
JMdict,近畿,あほづら,アホ面,,stupid face; foolish look on one's face,
JMdict,近畿,あほんだら,阿呆陀羅,,fool; oaf; mock Buddhist sutra; type of fast-paced humorous singing mimicking the chanting of a Budd,
JMdict,近畿,あまちちこい,甘ちちこい,,sickly-sweet; overly sweet,
JMdict,近畿,あめちゃん,飴ちゃん,,(hard) candy; toffee,
JMdict,近畿,あらへん,有らへん,,not; nonexistent,
JMdict,近畿,あんさん,,,you,
JMdict,近畿,あんじょう,,,well,
JMdict,近畿,あんたはん,,,you,
JMdict,近畿,あんだけ,,,to that extent; to that degree,
JMdict,近畿,あんだら,,,fool; idiot,
JMdict,近畿,あんなあ,,,look here; I'll tell you what,
JMdict,近畿,あんなん,,,such a thing; something like that,
JMdict,近畿,いかのぼり,凧,,kite,
JMdict,近畿,いけず,,,unkind; mean,
JMdict,近畿,いたば,板場,,kitchen (in a restaurant); cook; chef,
JMdict,近畿,いちびる,,,to mess around; to get carried away,
JMdict,近畿,いっかいせい,１回生,,first-year (university) student; freshman; (one of the) first graduates of a new school,
JMdict,近畿,いっちゃん,,,best; most,
JMdict,近畿,いっちょかみ,一丁噛み,,meddling; butting in (wherever one can); person who meddles in everything; person butting in a lot,
JMdict,近畿,いてこます,,,to attack; to punch,
JMdict,近畿,いてまう,,,to beat; to harm,
JMdict,近畿,いとさん,愛様,,daughter (of a good family),
JMdict,近畿,いとはん,,,daughter (of a good family),
JMdict,近畿,いぬ,往ぬ,,to leave; to go home; to go; to leave; to pass (of time); to die; to go bad; to rot,
JMdict,近畿,いやや,嫌や,,no; quit it,
JMdict,近畿,いらち,苛ち,,in a hurry; hustle,
JMdict,近畿,いらん,要らん,,I don't need it; I don't want it,
JMdict,近畿,いりこ,炒り子,,small dried sardine,
JMdict,近畿,いんじゃん,,,"rock, paper, scissors",
JMdict,近畿,うち,内,,"inside; within; while (e.g. one is young); during; among; amongst; in (secret, chaos, poverty, etc.)",
JMdict,近畿,ええ,,,yes; that is correct; um; errr; huh?; grrr; gah; good,
JMdict,近畿,えずく,嘔吐く,,to vomit; to throw up,
JMdict,近畿,えどこ,江戸子,,(true) Tokyoite; Edoite,
JMdict,近畿,えらい,偉い,,great; excellent; distinguished; important; awful; terrible; tiring; tough; very; extremely,
JMdict,近畿,えらいこっちゃ,偉いこっちゃ,,what are we going to do?; uh-oh,
JMdict,近畿,おい,,,hey!; say!; I; me,
JMdict,近畿,おいど,御居処,,bottom; buttocks,
JMdict,近畿,おおきに,大きに,,greatly; very much; thanks a lot,
JMdict,近畿,おかん,お母ん,,mom; mommy,
JMdict,近畿,おしピン,押しピン,,drawing pin; thumbtack,
JMdict,近畿,おっちん,,,sitting; sitting down,
JMdict,近畿,おっちんとん,,,sitting; sitting down,
JMdict,近畿,おとん,お父ん,,dad; daddy,
JMdict,近畿,おはようさん,お早うさん,,good morning,
JMdict,近畿,おばはん,,,aunt; middle-aged lady,
JMdict,近畿,おぼこい,,,childish; immature,
JMdict,近畿,おめこ,,,pussy; vulva; sex; fucking,
JMdict,近畿,おもろい,,,interesting; fascinating; amusing; funny,
JMdict,近畿,おもんない,,,uninteresting; boring,
JMdict,近畿,かいせい,回生,,resurrection; resuscitation; regeneration; nth-year university student,
JMdict,近畿,かしこい,賢い,,wise; clever; well-behaved (esp. children and pets); obedient,
JMdict,近畿,かて,,,even if; although; despite; even (e.g. even a child),
JMdict,近畿,かなんなー,,,I don't like it; it's troublesome,
JMdict,近畿,かまへん,構へん,,no problem; it doesn't matter,
JMdict,近畿,かやく,加薬,,"spices; condiments; adjuvant (in Chinese medicine); addition of an adjuvant; meat, fish, vegetables,",
JMdict,近畿,かやくめし,加薬飯,,"casserole of rice, fish or meat, and vegetables",
JMdict,近畿,かりパチ,借りパチ,,borrowing something without returning it; mooching,
JMdict,近畿,かる,借る,,to borrow; to have a loan; to rent; to hire,
JMdict,近畿,かんてき,,,small charcoal grill,
JMdict,近畿,がしんたれ,,,good-for-nothing; bum,
JMdict,近畿,きくな,菊菜,,edible chrysanthemum (Glebionis coronaria); crown daisy,
JMdict,近畿,きれいかった,綺麗かった,,was pretty; was beautiful,
JMdict,近畿,ぎょうさん,仰山,,a lot; plenty; exaggerated; grandiose,
JMdict,近畿,くさる,腐る,,to rot; to go bad; to corrode; to weather; to become useless; to blunt; to become depraved; to be de,
JMdict,近畿,くんろ,,,to give; to let one have,
JMdict,近畿,けぇ,,,yes?; no?,
JMdict,近畿,けったい,,,odd; strange,
JMdict,近畿,けんど,,,but; however,
JMdict,近畿,げいこ,芸子,,geisha; kabuki actor (esp. a young actor); person accomplished in the arts,
JMdict,近畿,げぼ,,,last (on the list); (at the) bottom,
JMdict,近畿,げら,,,person who laughs a lot,
JMdict,近畿,こいさん,,,youngest daughter (of a good family),
JMdict,近畿,こうく,校区,,school district; school area,
JMdict,近畿,こしをいわす,腰をいわす,,to hurt one's lower back,
JMdict,近畿,こたち,子たち,,children,
JMdict,近畿,こっちゃ,,,(as for (that)) thing; (given (that)) thing; (it is a ...) thing; matter,
JMdict,近畿,こない,,,this kind of; this sort of; like this; in this way,
JMdict,近畿,こんだけ,,,to this extent; to this degree,
JMdict,近畿,こんなん,,,such a thing; something like this,
JMdict,近畿,ごうがわく,業が沸く,,to get angry; to take offense (offence),
JMdict,近畿,ごうわく,業沸く,,to get angry; to take offense (offence),
JMdict,近畿,さかい,,,because; since,
JMdict,近畿,さぶいぼ,寒イボ,,goosebumps; goose pimples,
JMdict,近畿,さら,新,,new; unused; new; obvious; natural,
JMdict,近畿,さらす,,,to do; to have the nerve to,
JMdict,近畿,さらぴん,,,unused item; new thing,
JMdict,近畿,さんかくずわり,三角座り,,sitting on the floor grasping one's knees (as in a gym class),
JMdict,近畿,しい,,,"shh! (used to silence someone); sh!; shoo! (used to drive off an approaching animal, etc.); -ish; -l",
JMdict,近畿,しくさる,し腐る,,to do; to have the nerve to (do),
JMdict,近畿,したる,,,to do (for someone),
JMdict,近畿,しっぽく,卓袱,,"Chinese-style low dining table; Japanese-Chinese cuisine, served family-style (large dishes, diners ",
JMdict,近畿,しばきあい,シバキ合い,,brawl; fistfight,
JMdict,近畿,しばく,,,"to strike (with a stick, whip, etc.); to hit; to punch; to go to (a place to eat, drink, etc.)",
JMdict,近畿,しもうた,仕舞うた,,darn it!; darn!,
JMdict,近畿,しもた,仕舞た,,darn it!; darn!,
JMdict,近畿,しゃあない,,,it can't be helped; so it goes,
JMdict,近畿,しゃーなし,,,it can't be helped; so it goes,
JMdict,近畿,しらこい,,,barefaced (e.g. lie); transparent,
JMdict,近畿,しんきくさい,辛気臭い,,depressing; dark (e.g. story); irritating; annoying,
JMdict,近畿,しんどい,,,tired; frazzled; tiresome; tiring,
JMdict,近畿,じぶん,自分,,myself; yourself; I; me; you,
JMdict,近畿,じゃいけん,,,"rock, paper, scissors",
JMdict,近畿,じゃかあしい,,,be quiet!; shut up!,
JMdict,近畿,じゃりんこ,じゃりん子,,child; brat,
JMdict,近畿,じゅつない,術ない,,at a loss for what to do; at one's wits' end,
JMdict,近畿,すんまへん,,,sorry; excuse me,
JMdict,近畿,せ,,,so; really,
JMdict,近畿,せえへん,,,does not; do not,
JMdict,近畿,せや,,,that is right; that is so,
JMdict,近畿,せやから,,,so; therefore; like I said; I told you already,
JMdict,近畿,せやな,,,yeah; you're right,
JMdict,近畿,せん,,,will not do; do not,
JMdict,近畿,せんと,,,without (doing); instead of; if (it) isn't done; if (one) doesn't do ...; if not ...; unless ...; ha,
JMdict,近畿,せんといて,,,(please) don't,
JMdict,近畿,せんとく,,,to not do,
JMdict,近畿,そない,,,that kind of; that sort of; like that; in that way,
JMdict,近畿,そやけど,,,"that's right, but ...",
JMdict,近畿,そんだけ,,,that much; as much,
JMdict,近畿,そんなん,,,such a thing; something like that,
JMdict,近畿,たいたん,炊いたん,,nimono; food cooked by boiling or stewing,
JMdict,近畿,たく,炊く,,"to cook (grains, e.g. rice); to boil; to simmer; to get angry; to snap",
JMdict,近畿,たる,,,to do ... for (someone of equal or lower status); to do ... to; to do ... for (the sake of someone e,
JMdict,近畿,たろう,,,ought to have been; was ... right?; to do for (inferiors),
JMdict,近畿,たんぽ,湯婆,,hot-water bottle; metal sake jug; sake warmer,
JMdict,近畿,だしみせ,出し店,,booth; stall,
JMdict,近畿,だっか,,,is it?,
JMdict,近畿,だんさん,,,husband; male patron; male customer,
JMdict,近畿,だんじり,檀尻,,decorative portable shrine; float used in festivals,
JMdict,近畿,ちがう,違う,,to differ (from); to be different; to be wrong; to be incorrect; to become abnormal; to go wrong; is,
JMdict,近畿,ちくっと,,,pricking; stinging; a little; a bit,
JMdict,近畿,ちゃいます,,,no; that's wrong; isn't it?; wasn't it?,
JMdict,近畿,ちゃう,,,no; that's wrong; isn't it?; wasn't it?,
JMdict,近畿,ちゃうか,,,isn't it?,
JMdict,近畿,ちゃうくない,,,"isn't it (that) different (from usual, from what one could expect, etc.)?; isn't that wrong?; no, th",
JMdict,近畿,ちょう,,,just a minute; short time,
JMdict,近畿,つばす,,,young Japanese amberjack (Seriola quinqueradiata),
JMdict,近畿,てっさ,鉄刺,,fugu sashimi,
JMdict,近畿,でっしゃろ,,,right?; don't you think?,
JMdict,近畿,とうさん,嬢さん,,daughter (of a good family),
JMdict,近畿,とき,,,please do,
JMdict,近畿,とこらへん,,,vicinity; area,
JMdict,近畿,どうしたん,,,what's the matter?; what's wrong?,
JMdict,近畿,どない,,,what kind of; what sort of; how; in what way,
JMdict,近畿,どべ,,,bottom; last; mud,
JMdict,近畿,どぼづけ,どぼ漬け,,"vegetables pickled in salted rice-bran paste, esp. with lots of liquid",
JMdict,近畿,どんなん,,,what type of thing; which one,
JMdict,近畿,な,,,"don't; do; hey; listen; now, ...; well, ...; wow; ooh; right?; isn't it?",
JMdict,近畿,なおす,直す,,to repair; to mend; to change; to alter; to put back; to put away; to cure; to heal; to move up; to ,
JMdict,近畿,なにいうとんねん,何言うとんねん,,what the hell are you saying?,
JMdict,近畿,なにをいうてんねん,何を言うてんねん,,what the hell are you saying?,
JMdict,近畿,なにをいうとんねん,何を言うとんねん,,what the hell are you saying?,
JMdict,近畿,なにをいってんねん,何を言ってんねん,,what the hell are you saying?,
JMdict,近畿,なのだ,,,it is assuredly that ...; can say with confidence that ...; did not ...,
JMdict,近畿,なみだがちょちょぎれる,涙がちょちょぎれる,,to have tears in one's eyes; to be unable to stop crying,
JMdict,近畿,なんでやねん,何でやねん,,what the hell?; what are you going on about?,
JMdict,近畿,にぬき,煮抜き,,hard-boiled egg; starchy water (from boiled rice),
JMdict,近畿,にぬきたまご,煮抜き卵,,hard-boiled egg,
JMdict,近畿,ぬくい,温い,,warm; mild,
JMdict,近畿,ねき,根際,,(one's) side,
JMdict,近畿,ねほん,根本,,kabuki script; illustrated kabuki script,
JMdict,近畿,ねん,,,indicates emphasis,
JMdict,近畿,のん,,,indicates a confident conclusion; indicates emotional emphasis; indicates question,
JMdict,近畿,はいからうどん,,,noodles topped with tenkasu,
JMdict,近畿,はべらす,侍らす,,to wait upon; to serve,
JMdict,近畿,はまち,魬,,hamachi; young Japanese amberjack,
JMdict,近畿,はよ,早よ,,early; quickly; early morning; early hour,
JMdict,近畿,はる,,,to do,
JMdict,近畿,はん,,,Mr; Mrs,
JMdict,近畿,はんなり,,,elegant; lively but restrained,
JMdict,近畿,ばばこみ,ババ混み,,extremely crowded; packed,
JMdict,近畿,ばらずし,ばら寿司,,type of sushi with a variety of ingredients sprinkled on the rice,
JMdict,近畿,ひりょうず,飛竜頭,,filhos (traditional Portuguese dessert); deep-fried tofu mixed with thinly sliced vegetables,
JMdict,近畿,ふか,鱶,,(large) shark,
JMdict,近畿,ぶたまん,豚まん,,steamed bun with minced pork filling,
JMdict,近畿,へん,,,suffix used to negate a verb in the non-past tense; humph; hmph,
JMdict,近畿,べく,,,last (on the list); (at the) bottom,
JMdict,近畿,べった,,,last (on the list); (at the) bottom,
JMdict,近畿,べったこ,,,last (on the list); (at the) bottom,
JMdict,近畿,べっぴん,別嬪,,beautiful woman; pretty girl; high-quality goods; special article,
JMdict,近畿,べべた,,,last (on the list); (at the) bottom,
JMdict,近畿,ぺけ,,,failure; futility; x (mark); cross,
JMdict,近畿,ほかす,,,to throw away; to dispose,
JMdict,近畿,ほっこり,,,warm and fluffy; soft; steamy hot (food); hot and flaky; feeling mentally tired; feeling of tired re,
JMdict,近畿,ほな,,,then; well then,
JMdict,近畿,ほらみぃ,ほら見ぃ,,see!; didn't I tell you (this would happen),
JMdict,近畿,ほんじゃ,,,"well, ...; right, ...",
JMdict,近畿,ほんで,,,and; thereupon,
JMdict,近畿,ほんなら,,,then; well then,
JMdict,近畿,ほんま,本真,,truth; reality,
JMdict,近畿,ほんまもん,ほんま物,,genuine article; real thing,
JMdict,近畿,ぼちぼち,,,leisurely; slowly; soon; shortly; here and there; scattered; not bad; passable,
JMdict,近畿,ぼんち,坊ち,,young gentleman; boy,
JMdict,近畿,ぼんぼん,,,fiercely (e.g. of a fire burning); bong-bong (of clock ringing); with repeated bangs (e.g. of fire c,
JMdict,近畿,ぽち,,,dot; point; tip; gratuity; a little; paltry,
JMdict,近畿,まいどまいど,毎度毎度,,all the time; every single time; thank you (for your continued patronage),
JMdict,近畿,まかしとき,任しとき,,leave it to me; count on me,
JMdict,近畿,また,又,,again; once more; also; too; on the other hand; while; and; in addition; or; otherwise; really; how;,
JMdict,近畿,まっせ,,,let's do it; I (we) are going to do it,
JMdict,近畿,まへん,,,suffix used to negate a verb in the non-past tense,
JMdict,近畿,まむし,,,broiled eel (usu. mixed into rice),
JMdict,近畿,まむしどん,まむし丼,,eel donburi; bowl of rice topped with eel,
JMdict,近畿,まる,丸,,circle; entirety; whole; money; dough; enclosure inside a castle's walls; soft-shelled turtle; suffi,
JMdict,近畿,むちゃ,無茶,,absurd; unreasonable; rash; reckless; excessive; immoderate; very; extremely,
JMdict,近畿,めっさ,,,extremely; very,
JMdict,近畿,もういっぺん,もう一遍,,once more; again,
JMdict,近畿,もっぺん,,,once more; again,
JMdict,近畿,や,,,such things as ...; and ... and; the minute (that) ...; no sooner than ...; be; is; o; oh; huh; what,
JMdict,近畿,やった,,,was; were,
JMdict,近畿,やったら,,,if that's the case,
JMdict,近畿,やってもうた,,,oops!; I did it again,
JMdict,近畿,やない,や無い,,is not; am not; isn't it?,
JMdict,近畿,やのに,,,and yet; despite this,
JMdict,近畿,やめとき,止めとき,,(please) don't; you had better not,
JMdict,近畿,やや,,,oh!; oh my!; not a chance; not likely; oh no; yuck,
JMdict,近畿,ややこい,,,complicated; complex,
JMdict,近畿,やろう,,,seems; I think; right?; don't you agree?,
JMdict,近畿,やん,,,suffix for familiar person; indicates emphasis; prostitute,
JMdict,近畿,やんか,,,isn't it; right?,
JMdict,近畿,ゆびをつめる,指を詰める,,"to cut off a finger (as an act of apology); to catch one's finger (in a door, etc.)",
JMdict,近畿,ようけ,,,plenty; many,
JMdict,近畿,ようさん,,,many; a lot,
JMdict,近畿,よす,寄す,,to include; to welcome (in a group); to bring near; to put close,
JMdict,近畿,よせる,寄せる,,"to come near; to let someone approach; to bring near; to bring together; to deliver (opinion, news, ",
JMdict,近畿,よばれる,呼ばれる,,to be called out; to be called (a name); to be referred to as; to be invited (to); to be summoned; t,
JMdict,近畿,よめ,嫁,,bride; (one's) daughter-in-law; wife,
JMdict,近畿,よめはん,嫁はん,,wife,
JMdict,近畿,よる,,,to have the nerve to; to be bastard enough to,
JMdict,近畿,れいめん,冷麺,,cold noodles (in Korean style); chilled Chinese noodles; cold Chinese noodles accompanied by soup fo,
JMdict,近畿,れいコー,冷コー,,iced coffee,
JMdict,近畿,わい,私,,I; me; you,
JMdict,近畿,わて,私,,I; me,
JMdict,近畿,わやく,,,trickery; fiasco; disobedience,
JMdict,近畿,わらける,笑ける,,to laugh (suddenly); to begin to laugh,
JMdict,近畿,アホ,阿呆,,fool; idiot,
JMdict,近畿,コールコーヒー,,,iced coffee,
JMdict,近畿,スカタン,,,failure (of a person); letdown; idiot; fool,
JMdict,近畿,ドあほ,ド阿呆,,total idiot,
JMdict,近畿,ナンキン,南京,,Nanjing (China); Nanking; pumpkin; squash; Chinese; Southeast Asian; rare; precious,
JMdict,近畿,ビリけつ,ビリ尻,,last (on the list); (at the) bottom,
JMdict,近畿,ホルモン,,,hormone; offal (esp. beef or pork); entrails,
JMdict,近畿,マクド,,,McDonald's (fast food restaurant),
JMdict,近畿,ミッキーナイフ,,,small folding knife with a rectangular blade used to sharpen pencils,
JMdict,近畿,メンチをきる,メンチを切る,,to stare at; to glare at,
JMdict,近畿,モータープール,,,"parking lot (esp. a private lot, e.g. for corporate cars); car park",
JMdict,近畿,ヨコワ,,,young Pacific bluefin tuna (young Thunnus orientalis),
JMdict,近畿/九州,かいな,,,"expresses incredulousness, disbelief, irony, etc.",
JMdict,近畿/大阪,えべっさん,戎さん,,Ebisu; god of fishing and commerce,
JMdict,近畿/大阪,おとろしい,,,bothersome; tiresome; terrible; dreadful,
JMdict,近畿/津軽,どんべ,,,bottom; last; ugly person; fat person,
JMdict,近畿/津軽,わ,,,indicates emotion or admiration; indicates emphasis; I; me; wah!; boo!,
JMdict,近畿/津軽,わや,,,unreasonable; absurd; very,
JMdict,近畿/長野,じじはつ,次々発,,third train to depart (from now),
JMdict,近畿/関東,ぬくとい,温とい,,warm; mild,
Wikipedia,近畿方言,あて,,酒の肴。お通しのことは「突き出し」と言う。一人称の「あて」とは発音が異なる,,語彙
Wikipedia,近畿方言,あんじょう,,上手に。上手く。「味良く」の転。 （例）あんじょう頼んまっさ,,語彙
Wikipedia,近畿方言,いがむ,,かたむく、（向きが）ずれる。「ゆがむ」の転。 （例）柱がちょっといがんでへんか?,,語彙
Wikipedia,近畿方言,いけず,,意地悪。近世には「いかず」とも。元は「一筋縄では行かぬ」ことから、強情者・頑固者・ならず者などを指した,,語彙
Wikipedia,近畿方言,いちびる,,調子に乗る。ふざける。名詞形「いちびり」でお調子者の意,,語彙
Wikipedia,近畿方言,いと,,娘。嬢。「いとけない（＝幼い）」あるいは「いとしげない（＝愛しい）」の略か。「ぼん」の対義語。 （例）いとはん（＝お嬢ちゃん）,,語彙
Wikipedia,近畿方言,いや,,「い」に抑揚を付けて、女性が多用する感動詞。「おやまあ」などに相当,,語彙
Wikipedia,近畿方言,いわす,,やり込める。やっつける。「グウの音を言わす」ことから。転じて、せしめる、（体を）壊す。 （例）肩をいわした,,語彙
Wikipedia,近畿方言,ええし,,「良い衆」の転。良家。金持ちの家,,語彙
Wikipedia,近畿方言,えげつない,,露骨な。強烈な。卑劣な。あくどい。元は「いげちない」「いげつない」と言った,,語彙
Wikipedia,近畿方言,えずく,,吐き気を催す。吐く。吐き気が込み上げた時の声（オエッ）と「衝く」が組み合わさったものという,,語彙
Wikipedia,近畿方言,おいえ,,室内。座敷。台所を指すことも。「御上」または「御家」の転という。「おいえさん」で（町家の）奥さんの意。 （例）おいえへ上がっとくれやす,,語彙
Wikipedia,近畿方言,おちょくる,,からかう。小馬鹿にする,,語彙
Wikipedia,近畿方言,おっさん,,おじさん（中年男性に対する呼び掛け）、和尚さん。平板に読めば前者の、「さん」を下げて読めば後者の意味になる,,語彙
Wikipedia,近畿方言,おとつい,,一昨日,,語彙
Wikipedia,近畿方言,おぼこい,,幼い。子供っぽい。あどけない。うぶな。「産子」の転「おぼこ」の形容詞形,,語彙
Wikipedia,近畿方言,おもろい,,面白い。否定形「おもろ（う）ない」はくだけて「おもんない」とも。元は男性語,,語彙
Wikipedia,近畿方言,かんてき,,七輪。転じて、癇癪。 （例）かんてき者（＝癇癪持ち）,,語彙
Wikipedia,近畿方言,がめつい,,大阪弁と認識されがちな語だが、実際は劇作家菊田一夫が1959年に発表した戯曲『がめつい奴』で広めた造語である。詳細はがめつい奴#形容詞「がめつい」の造語を参照,,語彙
Wikipedia,近畿方言,けったい,,奇妙。変。不思議。おかしい。「卦体」または「希代」の転という,,語彙
Wikipedia,近畿方言,こうこ,,香の物。漬物。「おこうこ」とも,,語彙
Wikipedia,近畿方言,こてこて,,必要以上に濃厚に塗りつける様子。濃厚な様子。近世からある語であるが、近畿特有の語と意識されるようになったのは比較的新しく、伝統的な方言を扱った辞書（『大阪ことば事典』など）への掲載例は少ない,,語彙
Wikipedia,近畿方言,ごつい,,でかい。強い。いかつい。ひどい。1970年代以降の大阪などでは主に「ごっつ」の形で強調の副詞としても用いる。 （例）ごっつやばい,,語彙
Wikipedia,近畿方言,さら,,新しいこと・もの。共通語でも「更地」「まっさら」などの表現で用いる。 （例）さらの皿,,語彙
Wikipedia,近畿方言,さらぴん,,「さら」を強めた言い方。「ぴん」の語源としては、「品」説とポルトガル語のpinta説（「ピンからキリまで」の「ピン」と同じ）がある,,語彙
Wikipedia,近畿方言,しい,,「する」の連用形名詞化。……しがちな人。……してばかりの人。「要らんことをする→いらんことしい」や「ええかっこをする→ええかっこしい」や「真似をする→まねしい」など,,語彙
Wikipedia,近畿方言,しばく,,叩く。引っぱたく。バブル期頃には「茶ぁしばけへん?」「マクドしばけへん?」「ネズミしばけへん?」のように、「……へ飲食や遊びに行く」の意で用いるのが流行した,,語彙
Wikipedia,近畿方言,しんどい,,疲れる。苦しい。「辛労」あるいは「心労」の転「しんど」の形容詞化という。 （例）家計がしんどいわ,,語彙
Wikipedia,近畿方言,すかたん,,まぬけ。とんちんかん。見当違い。なお「まぬけ」も近畿地方から広まった表現である,,語彙
Wikipedia,近畿方言,すこい,,ずるい。狡猾。「こすい」の倒語,,語彙
Wikipedia,近畿方言,ずっこい,,ずるい。「すこい」と「ずるい」の混合か。 （例）あんたばっかしずっこいわあ,,語彙
Wikipedia,近畿方言,せいだい,,精々。大いに。うんと。「せいざい」などとも。「精（を）出して」の転という。 （例）せいだい気張りや,,語彙
Wikipedia,近畿方言,だぼ,,馬鹿。「あほ」よりも強い言い方。播磨・神戸で用いる,,語彙
Wikipedia,近畿方言,だんない,,「大事ない」の省略語。差し支えない。構わない,,語彙
Wikipedia,近畿方言,ちゃいする,,幼児語で、捨てる。 （例）そんなばばい（＝ばっちい）もんちゃいし,,語彙
Wikipedia,近畿方言,ちゃう,,ちがう。……ではない。（例）そうちゃうか？（＝そうではないか？）,,語彙
Wikipedia,近畿方言,ちょお,,ちょっと。当然ながら「超」とは無関係。 （例）ちょお待ってえな,,語彙
Wikipedia,近畿方言,てれこ,,逆さま。あべこべ。歌舞伎用語「手入れこ」から,,語彙
Wikipedia,近畿方言,てんご（う）,,いたずら。悪ふざけ。冗談,,語彙
Wikipedia,近畿方言,でん,,鬼ごっこなどで鬼が他の子にタッチすること。「でんをつく」とも言う。鬼ごっこ以外でも、単にタッチを指す語や、鬼がタッチしてすぐ逃げる様から、短時間滞在してすぐに帰ることの比喩としても用いる。 （例）山田さん、家にでんついて帰ってきただけや,,語彙
Wikipedia,近畿方言,どもならん／どんならん,,「どうにもならぬ」の転。どうしようもない。お終いだ,,語彙
Wikipedia,近畿方言,はんなり,,上品で華やかな、明るい様子。 （例）はんなりした（着物の）柄やなあ,,語彙
Wikipedia,近畿方言,ばり,,とても。かなり。山陽地方由来の言葉で、1980年代に神戸・播磨を中心に流行した,,語彙
Wikipedia,近畿方言,ぱっち,,丈の長い股引,,語彙
Wikipedia,近畿方言,べべた,,びり。最下位。「べべ」「べべちゃ」「どべ」など地域・世代によって様々な語形がある,,語彙
Wikipedia,近畿方言,ほたえる,,騒ぐ。ふざける。じゃれる,,語彙
Wikipedia,近畿方言,ほっこり,,（一仕事を終えて）疲れた様子。近年、のんびりするなどの意で用いる者が増えている。 （例）せんど歩いてほっこりしたし（＝くたびれたし）、お茶でも一服しょうか,,語彙
Wikipedia,近畿方言,ほな,,それでは。（例）ほな、また,,語彙
Wikipedia,近畿方言,ぼん,,坊や。特に、良家の坊ちゃん。「坊」の転。「ぼんぼん」「ぼんち」などとも。 （例）ぼんぼん育ち,,語彙
Wikipedia,近畿方言,ぽち,,祝儀。チップ。「ぽち」を入れる袋が「ぽち袋」である,,語彙
Wikipedia,近畿方言,まったり,,まろやかでこくのある味わい。1990年代以降、のんびり・ゆったりした様子という意味で用いる者が増えている,,語彙
Wikipedia,近畿方言,まんまんちゃん,,幼児語で、仏様。地域によっては神や月なども指す。「南無阿弥陀仏様」の転。お辞儀を表す「あん」を後ろに付けると、仏への祈りの動作を表す。 （例）お仏壇にまんまんちゃんあんしいや,,語彙
Wikipedia,近畿方言,めっちゃ,,とても。超。「めちゃくちゃ」の略で、1970-80年代以降、大阪から近畿地方一円に急速に広まった。「めっさ」などとも。同様の語に「むちゃくちゃ」の略「むっちゃ」などがある,,語彙
Wikipedia,近畿方言,やいやい,,何度もしつこく言うさま。「やいやい言いないな」などと使う,,語彙
Wikipedia,近畿方言,ややこしい,,煩雑だ。厄介だ。面倒だ。紛らわしい。怪しい。「赤ん坊」を意味する「ややこ」の形容詞化。赤ん坊の世話は面倒で大変だということから。「ややこい」などとも。 （例）今日の天気はややこしい（＝微妙だ）な,,語彙
Wikipedia,近畿方言,よ（う）け,,数量が甚だしいこと。たくさん。「余計」の転,,語彙
Wikipedia,近畿方言,わや,,台無し。滅茶苦茶。道理に合わない。駄目。「枉惑」の転である「わやく」の派生。「わやくちゃ」「わやくそ」などとも。 （例）さっぱりわやや,,語彙
Wikipedia,近畿方言,わらかす,,笑わす。 （例）わらかっしょんな（＝笑わせやがる、笑っちゃうぜ）,,語彙
Wikipedia,近畿方言,カッター（シャツ）,,ワイシャツ。狭義では学生用シャツを指す。ワイシャツ#日本語での呼び名についても参照,,語彙
Wikipedia,近畿方言,フレッシュ,,コーヒーや紅茶に用いるクリームやミルク,,語彙
Wikipedia,近畿方言,命令表現,,命令形表現,,命令・禁止
Wikipedia,近畿方言,禁止表現,,終止形表現,,命令・禁止
Wikipedia,週刊ことばマガジン,東日本放送（KHB）,,"rowspan=""2""|9:30 - 9:45||制作局",,放送時間
Wikipedia,週刊ことばマガジン,福島放送（KFB）,,|10:00 - 10:15|||30分遅れ,,放送時間
Wikipedia,週刊ことばマガジン,青森朝日放送（ABA）,,"rowspan=""4""|11:30 - 11:45||rowspan=""4""|2時間遅れ",,放送時間
Wikipedia,遠州弁,〜さら,,〜ごと,,接尾辞
Wikipedia,遠州弁,〜まるけ,,〜だらけ、〜まみれ,,接尾辞
Wikipedia,遠州弁,〜（だ）から,,〜（や）から、〜（や）さかい || 〜（だ）で、〜（だ）もんで || 〜（だ）で、〜（だ）もんで,,地域差
Wikipedia,遠州弁,あいさ,,あいだ、間,,名詞
Wikipedia,遠州弁,あいまち,,怪我,,名詞
Wikipedia,遠州弁,あおたえる,,うろたえる、うかうかする,,動詞
Wikipedia,遠州弁,あっこ、あっこら、あっこいら,,あそこ、あそこら,,名詞
Wikipedia,遠州弁,あわくい、あわっくい,,慌て者、粗忽者,,名詞
Wikipedia,遠州弁,あんき,,安心,,名詞
Wikipedia,遠州弁,あんも、あんもう,,餅、あんころ餅、馬鹿、馬鹿者,,名詞
Wikipedia,遠州弁,いかい,,× || ○ || × || △ || ○ || ○,,地域差
Wikipedia,遠州弁,いかん,,駄目だ、いけない（最も頻繁に使われる）,,連語
Wikipedia,遠州弁,いがむ、えがむ,,曲がる、歪む,,動詞
Wikipedia,遠州弁,いきれる,,蒸し暑く感ずる、蒸し暑さにまいる,,動詞
Wikipedia,遠州弁,いぜる、えぜる,,いじる,,動詞
Wikipedia,遠州弁,いのく、いぬく,,動く,,動詞
Wikipedia,遠州弁,いみ、えみ、いみり、えみり,,（陶磁器などの）ひび、ひび割れ,,名詞
Wikipedia,遠州弁,いやったい,,(1)したくない、気乗りしない(2)不愉快な、気に障る,,形容詞
Wikipedia,遠州弁,いらんこん,,(1)せずともよい余計な行為・動作(2)おせっかい、でしゃばった差し出がましい行為,,名詞
Wikipedia,遠州弁,いる,,五段動詞の連用形の下に付いて、可能の意を表す。（＝得る）,,動詞
Wikipedia,遠州弁,いる（居る）,,いてる、いる、おる || おる || いる、おる ||,,地域差
Wikipedia,遠州弁,うっちゃる,,捨てる,,動詞
Wikipedia,遠州弁,えいかん,,（発音は「エーカン」）(1)たくさん、多く(2)「いい加減に」の縮約（ええかんせよ＝いい加減にしろ）:えらい:とても、すごく、とんでもなく,,副詞
Wikipedia,遠州弁,えらい,,（疲労・病気などにより）つらい、苦しい、大変な（副詞のえらいとは別の意味）,,形容詞
Wikipedia,遠州弁,おえん,,駄目だ、いけない（岡山弁の「おえん」と意味は全く同じ）,,連語
Wikipedia,遠州弁,おおぼったい,,（まぶたが疲労などにより）覆い被さるように重い、（体の一部が病気などにより）腫れぼったい、むくれている,,形容詞
Wikipedia,遠州弁,おぞい,,弱い（ボロい）、テストの点が悪い,,形容詞
Wikipedia,遠州弁,おっさま 、おっさん,,お坊さん、僧侶（頭高型アクセント）,,名詞
Wikipedia,遠州弁,おとび,,センダングサ類の種子,,名詞
Wikipedia,遠州弁,おとましい,,苦しい、だるい（静岡弁では「怖い」の意）,,形容詞
Wikipedia,遠州弁,おやす,,悪くする、壊す,,動詞
Wikipedia,遠州弁,おる・〜しとる,,○ || △ || △ || × || × || ×,,地域差
Wikipedia,遠州弁,かある,,転ぶ、倒れる、ひっくり返る,,動詞
Wikipedia,遠州弁,かう,,（カギを）かける、締める,,動詞
Wikipedia,遠州弁,かえち,,着替え用の衣類、取り替え用のもの,,名詞
Wikipedia,遠州弁,かじる、かじくる,,引っ掻く（静岡弁では「かじくる」は「掘る」の意）,,動詞
Wikipedia,遠州弁,かっぱしゃぐ,,乾ききる、からからに乾燥する,,動詞
Wikipedia,遠州弁,かまう,,からかう、いじめる,,動詞
Wikipedia,遠州弁,かわばる、かあばる,,乾ききってこびり付く,,動詞
Wikipedia,遠州弁,かん,,駄目だ、いけない（「いかん」の「い」が抜けたもの）,,連語
Wikipedia,遠州弁,がんこ,,とても、すごく、とんでもなく（形容動詞に同形語あり）,,副詞
Wikipedia,遠州弁,きさる/きせる,,（容器などのふたが）閉まる/（〜を）閉める,,動詞
Wikipedia,遠州弁,ぎゅうぎゅうぱんぱん,,物や人が多く、鮨詰めである,,形容動詞
Wikipedia,遠州弁,くすがる/くすげる,,（とげなどが）刺さる/（〜を）刺す,,動詞
Wikipedia,遠州弁,くっちゃべる,,喋る,,動詞
Wikipedia,遠州弁,くろ、ぐろ,,（部屋などの）すみ,,名詞
Wikipedia,遠州弁,けっからかす,,蹴飛ばす、（足などを）ぶつける,,動詞
Wikipedia,遠州弁,けっこい,,綺麗な、美しい（「こ」にアクセント。形容動詞に同形語あり）,,形容詞
Wikipedia,遠州弁,けっこう、けっこ,,綺麗に、美しく（「こ」にアクセント。形容詞に同形語あり）,,形容動詞
Wikipedia,遠州弁,けった/けったあ,,○ || ○ || ○ || △ || × || ×,,地域差
Wikipedia,遠州弁,けった、けったあ,,自転車（名古屋弁からの新方言）,,名詞
Wikipedia,遠州弁,こく,,言う、ほざく、ぬかす（やや乱暴な言い方）,,動詞
Wikipedia,遠州弁,こさえる,,作る、こしらえる,,動詞
Wikipedia,遠州弁,こさむったい、こさぶったい,,肌寒い、薄ら寒い,,形容詞
Wikipedia,遠州弁,こぞむ、こどむ,,沈殿する,,動詞
Wikipedia,遠州弁,こっくう,,コクワガタ,,名詞
Wikipedia,遠州弁,こっくらかす,,（人などを）殴る（頭高型アクセント）,,動詞
Wikipedia,遠州弁,ころ,,自転車の補助輪や台車等の車輪、キャスター,,名詞
Wikipedia,遠州弁,こわい,,堅い、強い,,形容詞
Wikipedia,遠州弁,こんきい,,（「えらい」に同じ）,,形容詞
Wikipedia,遠州弁,ごてしょと,,ごまんと、山ほど、たくさん,,副詞
Wikipedia,遠州弁,ごんど,,ごみ,,名詞
Wikipedia,遠州弁,ささがしい,,せわしない、騒々しい,,形容詞
Wikipedia,遠州弁,さぶい,,寒い,,形容詞
Wikipedia,遠州弁,しょろしょろする,,ぐずぐずする、のろのろと動く、ぼさっとする,,動詞
Wikipedia,遠州弁,しょんない,,仕方ない（「しようがない」の転訛）,,形容詞
Wikipedia,遠州弁,じゅるい,,水気や汁気が多い、（地面が）ぬかるんでいる、（茶碗蒸し・ゼリー・プリンなどが）水っぽく軟らかい,,形容詞
Wikipedia,遠州弁,ずっこい,,ずるい,,形容詞
Wikipedia,遠州弁,せせる、せせくる,,触れる、触る、いじる,,動詞
Wikipedia,遠州弁,せばい,,狭い,,形容詞
Wikipedia,遠州弁,せんしょったい,,穿鑿（せんさく）好きな、根掘り葉掘り聞きたがる,,形容詞
Wikipedia,遠州弁,たっくう,,たくさん,,副詞
Wikipedia,遠州弁,たつ、たてる,,（戸などを）閉める,,動詞
Wikipedia,遠州弁,ため,,同い年（チャットや掲示板で若者に多く使われているが、元々は静岡県の方言である）,,名詞
Wikipedia,遠州弁,たわけ,,馬鹿,,形容動詞
Wikipedia,遠州弁,ちみくる,,つねる,,動詞
Wikipedia,遠州弁,ちゃっと、ちゃっちゃと,,すぐに、急いで、さっと、さっさと,,副詞
Wikipedia,遠州弁,ちょうける,,ふざける,,動詞
Wikipedia,遠州弁,ちょっくら,,少し,,副詞
Wikipedia,遠州弁,ちょっくらちょいと,,ちょっとやそっとでは,,副詞
Wikipedia,遠州弁,ちょびちょびする,,ちょっかいを出す、ふざける,,動詞
Wikipedia,遠州弁,ちょんびい,,ちょっかいを出す人、ふざける人（動詞「ちょびちょびする」〈後述〉よりの派生語）,,名詞
Wikipedia,遠州弁,ちんたら,,のろのろ,,副詞
Wikipedia,遠州弁,ちんちん,,熱い（平板型アクセント）,,形容動詞
Wikipedia,遠州弁,ちんぶりかく、ちんぷりかく,,ふてくされる、ひがむ、いじける,,動詞
Wikipedia,遠州弁,つける,,（食べ物を）よそう,,動詞
Wikipedia,遠州弁,つっからかす,,突き飛ばす,,動詞
Wikipedia,遠州弁,つぶれる,,（機械などが）故障する、壊れる（近畿方言の「つぶれる」と意味はほぼ同じ。一般的な「潰れる」の意味でも用いられる）,,動詞
Wikipedia,遠州弁,てんこちょ,,てっぺん、頂上,,名詞
Wikipedia,遠州弁,とびつか,,センダングサ類の実,,名詞
Wikipedia,遠州弁,とろい、とろくさい,,(1)のろまな、鈍臭い(2)馬鹿な、知恵が回らない※「とろくさい」は、「とろい」よりもきつい表現になる,,形容詞
Wikipedia,遠州弁,とんじゃかない,,頓着しない、構わない、気にしない、どうでもいい,,形容詞
Wikipedia,遠州弁,とんまえる、とんます,,捕まえる,,動詞
Wikipedia,遠州弁,ど〜,,とても〜、非常に〜（例）どすごいら,,接頭辞
Wikipedia,遠州弁,どうに,,どういうふうに、どんな感じに（平板型アクセント）,,副詞
Wikipedia,遠州弁,どっかこっか,,どこかしら、どことなく（「こ」にアクセント）,,副詞
Wikipedia,遠州弁,どば〜,,とても〜、非常に〜（例）どばすごいに,,接頭辞
Wikipedia,遠州弁,どべ,,最下位,,名詞
Wikipedia,遠州弁,なかめしぐるりあん,,ぼた餅、おはぎ（「中は飯、ぐるり（外）は餡」の意）,,名詞
Wikipedia,遠州弁,ながらみ,,ダンベイキサゴ（食用巻き貝）,,名詞
Wikipedia,遠州弁,なりき,,がさつ、ぞんざい,,形容動詞
Wikipedia,遠州弁,なんしょ,,やたら、むやみに、なにかにつけ（平板型アクセント）,,副詞
Wikipedia,遠州弁,ぬくとい,,温かい,,形容詞
Wikipedia,遠州弁,ねき,,丁寧、細やか,,形容動詞
Wikipedia,遠州弁,ねち,,歯茎,,名詞
Wikipedia,遠州弁,ねぶつ,,出来物,,名詞
Wikipedia,遠州弁,はあ,,(1)既に、もう(2)間もなく、じきに,,副詞
Wikipedia,遠州弁,はぜる、はでる,,（風船などが）はじける、破裂する、つぶれる,,動詞
Wikipedia,遠州弁,はぶく、はぶせにする,,仲間はずれにする,,動詞
Wikipedia,遠州弁,はみ出る,,はみでる || はみでる,,動詞
Wikipedia,遠州弁,ばか〜,,ものすごく〜、非常に〜（例）ばかすごいに,,接頭辞
Wikipedia,遠州弁,ばかっつら,,馬鹿者、阿呆,,名詞
Wikipedia,遠州弁,ひずるしい,,眩しい,,形容詞
Wikipedia,遠州弁,ひゃっこい,,肌寒い,,形容詞
Wikipedia,遠州弁,ひょんきん,,ひょうきん、洒脱、一風変わっている,,形容動詞
Wikipedia,遠州弁,ひんしょったい,,貧相な、貧乏臭い、みすぼらしい,,形容詞
Wikipedia,遠州弁,ふんごむ,,ぬかるみにはまる。（例：「じゅるいもんでふんごんだ」）,,形容詞
Wikipedia,遠州弁,ふんずばす,,踏みつぶす,,動詞
Wikipedia,遠州弁,ぶしょったい,,だらしない、汚い、格好悪い（「無精」＋「たい」から変化したもの）,,形容詞
Wikipedia,遠州弁,ぶっさらう,,（人などを）殴る、酷い目に遭わせる,,動詞
Wikipedia,遠州弁,へす,,押す,,動詞
Wikipedia,遠州弁,へち曲がる/へち曲げる,,ひん曲がる/ひん曲げる,,動詞
Wikipedia,遠州弁,ほかし投げる,,放り投げる,,動詞
Wikipedia,遠州弁,ほかす,,放る、放っておく、捨てる,,動詞
Wikipedia,遠州弁,ほじく,,（結び目を）解く、ほどく,,動詞
Wikipedia,遠州弁,ほそば,,イヌマキ,,名詞
Wikipedia,遠州弁,ぼう、ぼっかける,,追う、追いかける,,動詞
Wikipedia,遠州弁,ぼったくる,,追い立てる、追い回す（一般的な「不当に高い値段を要求する」意でも用いられ、どちらなのかは文脈で判断）,,動詞
Wikipedia,遠州弁,ぼっちょ,,出っ張り、ボタン、スイッチ,,名詞
Wikipedia,遠州弁,ぼっ立つ,,何もせずにぼさっと突っ立つ,,動詞
Wikipedia,遠州弁,ぽんぽん,,オートバイ、自動二輪、原付（平板型アクセント）,,名詞
Wikipedia,遠州弁,まめったい,,忠実（まめ）な、苦労をいとわない,,形容詞
Wikipedia,遠州弁,みがましい,,(1)（人の性格が）機を見るに敏な(2)（物の造りが）しっかりしている、頑丈な,,形容詞
Wikipedia,遠州弁,みなきり、みなっきり,,片っ端から、洗いざらい、全部,,副詞
Wikipedia,遠州弁,みるい,,(1)（果実などが）未熟な、熟れていない(2)（子供の皮膚などが）やわらかい,,形容詞
Wikipedia,遠州弁,もじかる,,絡まる,,動詞
Wikipedia,遠州弁,もす,,燃やす,,動詞
Wikipedia,遠州弁,もも,,小果実,,名詞
Wikipedia,遠州弁,やい,,おい（呼びかけ）,,感動詞
Wikipedia,遠州弁,やいやい,,しまった（後悔）、あーあ（落胆）、おいおい（いら立ち）,,感動詞
Wikipedia,遠州弁,やごい,,（物の造りが）しっかりしていない、頑丈でない,,形容詞
Wikipedia,遠州弁,やっきりする、やっきりこく,,怒る、頭にくる、腹が立つ,,動詞
Wikipedia,遠州弁,やっと、やあっと,,長い間、ずっと,,副詞
Wikipedia,遠州弁,やっとぶり、やあっとぶり,,久しぶり,,形容動詞
Wikipedia,遠州弁,やんぞうこんぞう,,イヌマキの実,,名詞
Wikipedia,遠州弁,ゆすぐ,,すすぐ,,動詞
Wikipedia,遠州弁,よさり掛かる,,寄り掛かる、もたれ掛かる,,動詞
Wikipedia,遠州弁,らんごくない、らんごかない,,猥雑な、ひどく散らかっている、しっちゃかめっちゃかな,,形容詞
Wikipedia,遠州弁,アカトンボ,,あかとんぼ || あかとんぼ || 共通語でも歴史的アクセントでは「あかとんぼ」,,名詞
Wikipedia,遠州弁,イチゴ,,いちご（平板） || いちご ||,,名詞
Wikipedia,遠州弁,ミツバチ,,みつばち || みつばち ||,,名詞
Wikipedia,遠州弁,ラーメン,,らーめん || らーめん ||,,名詞
Wikipedia,遠州弁,一部,,いちぶ || いちぶ ||,,名詞
Wikipedia,遠州弁,丈夫い,,丈夫な（形容動詞の形容詞化）,,形容詞
Wikipedia,遠州弁,三方原（浜松市中央区）,,みかたはら || みかたはら／みかたばら／みかたっぱら （いずれも平板）,,地名
Wikipedia,遠州弁,上手（じょうず）い,,上手な（形容動詞の形容詞化）,,形容詞
Wikipedia,遠州弁,世帯,,せたい || せたい ||,,名詞
Wikipedia,遠州弁,世界,,せかい || せかい || 共通語でも歴史的アクセントでは「せかい」,,名詞
Wikipedia,遠州弁,丸かる/丸ける,,丸まる/丸める,,動詞
Wikipedia,遠州弁,人口,,じんこう（平板） || じんこう ||,,名詞
Wikipedia,遠州弁,仲間で、なっかで,,共用で,,副詞
Wikipedia,遠州弁,偉い,,えらい || えらい,,形容詞
Wikipedia,遠州弁,十九首（掛川市、通称読み）,,じゅうくしょ（中高） || じゅうくしょ（頭高）,,地名
Wikipedia,遠州弁,午後,,ごご || ごご（平板） ||,,名詞
Wikipedia,遠州弁,南,,みなみ || みなみ,,名詞
Wikipedia,遠州弁,卵,,たまご || たまご || 共通語の元となる東京旧市内でも「たまご」と「たまご（平板）」に分かれる,,名詞
Wikipedia,遠州弁,向く,,むく（尾高） || むく ||,,名詞
Wikipedia,遠州弁,向こう,,むこう（平板） || むこう || 共通語としても許容範囲,,名詞
Wikipedia,遠州弁,唾,,つば || つば（尾高） ||,,名詞
Wikipedia,遠州弁,国1（こくいち）,,国道1号線、または旧国道1号線（県道413号・415号線）,,名詞
Wikipedia,遠州弁,在所（ざいしょ）、お在所,,実家,,名詞
Wikipedia,遠州弁,大坂（掛川市）,,おおさか（平板）|| おおさか（中高）／おおさか（尾高）,,地名
Wikipedia,遠州弁,大変,,しんどい || えらい || しんどい、えらい,,地域差
Wikipedia,遠州弁,宮脇（掛川市）,,みやわき（中高） || みやわき（平板）,,地名
Wikipedia,遠州弁,寄せる,,（洗濯物を）取り込む,,動詞
Wikipedia,遠州弁,寒い,,さむい || さむい,,形容詞
Wikipedia,遠州弁,居たった,,居た,,動詞
Wikipedia,遠州弁,建たった,,建った,,動詞
Wikipedia,遠州弁,当日,,とうじつ（平板） || とうじつ || 共通語でも稀に「とうじつ」と発音,,名詞
Wikipedia,遠州弁,後ろ,,うしろ（平板） || うしろ ||,,名詞
Wikipedia,遠州弁,思い出す,,おもいだす || おもいだす,,動詞
Wikipedia,遠州弁,悪い,,わるい || わるい,,形容詞
Wikipedia,遠州弁,悪さん坊,,いたずらっ子,,名詞
Wikipedia,遠州弁,悪化,,あっか（平板） || あっか ||,,名詞
Wikipedia,遠州弁,持ちに行く,,取りに行く,,動詞
Wikipedia,遠州弁,挟がる/挟ぐ/挟げる,,挟まる/挟む/挟ませる,,動詞
Wikipedia,遠州弁,掃除,,そうじ（平板） || そうじ || ただし「お掃除」は「おそうじ」で共通,,名詞
Wikipedia,遠州弁,提（さ）げる,,持ち上げる,,動詞
Wikipedia,遠州弁,撫ぜる,,撫でる,,動詞
Wikipedia,遠州弁,新家（しんや）,,分家。本家（ほんや）の対義語,,名詞
Wikipedia,遠州弁,映画,,えいが || えいが || 共通語としても許容範囲,,名詞
Wikipedia,遠州弁,時間,,じかん（平板） || じかん ||,,名詞
Wikipedia,遠州弁,暑い、熱い,,あつい || あつい,,形容詞
Wikipedia,遠州弁,服,,ふく（尾高） || ふく ||,,名詞
Wikipedia,遠州弁,本家（ほんや）,,本家（共通語では「ほんけ」）。新家（しんや）の対義語,,名詞
Wikipedia,遠州弁,杉谷（掛川市）,,すぎや || すぎや（平板）,,地名
Wikipedia,遠州弁,東,,ひがし || ひがし,,名詞
Wikipedia,遠州弁,枕,,まくら || まくら ||,,名詞
Wikipedia,遠州弁,株式,,かぶしき || かぶしき ||,,名詞
Wikipedia,遠州弁,業（ごう）が沸ける,,《慣用句》怒る、頭にくる、腹が立つ,,動詞
Wikipedia,遠州弁,横着い,,横着な（形容動詞の形容詞化）,,形容詞
Wikipedia,遠州弁,横輪,,自転車の補助輪,,名詞
Wikipedia,遠州弁,欠伸,,あくび（平板） || あくび ||,,名詞
Wikipedia,遠州弁,次長,,じちょう（平板） || じちょう ||,,名詞
Wikipedia,遠州弁,混ぜる,,仲間に入れる,,動詞
Wikipedia,遠州弁,漏おる,,漏れる,,動詞
Wikipedia,遠州弁,狂う,,騒ぐ,,動詞
Wikipedia,遠州弁,痛い,,いたい || いたい,,形容詞
Wikipedia,遠州弁,眼鏡,,めがね || めがね ||,,名詞
Wikipedia,遠州弁,社長,,しゃちょう（平板） || しゃちょう ||,,名詞
Wikipedia,遠州弁,神様,,かみさま || かみさま ||,,名詞
Wikipedia,遠州弁,種類,,しゅるい || しゅるい ||,,名詞
Wikipedia,遠州弁,空（そら）を使う,,《慣用句》とぼける、知らんぷりする,,動詞
Wikipedia,遠州弁,笑わかす、笑かす,,笑わせる,,動詞
Wikipedia,遠州弁,素麺,,そうめん || そうめん ||,,名詞
Wikipedia,遠州弁,結果,,けっか（平板） || けっか ||,,名詞
Wikipedia,遠州弁,線引き（せんひき）,,定規,,名詞
Wikipedia,遠州弁,自転車,,チャリ/チャリンコ || けった/けったあ || チャリ/チャリンコ、けった/けったあ,,地域差
Wikipedia,遠州弁,舌ばか,,味覚障害、味覚音痴,,名詞
Wikipedia,遠州弁,舌べろ,,舌、べろ（同じ意味の言葉を繰り返している。また知多弁では「舌べら」と言う,,名詞
Wikipedia,遠州弁,血が死ぬ,,《慣用句》内出血する,,動詞
Wikipedia,遠州弁,衆ら,,人たち（「あの衆ら」（指示代名詞）、「若い衆ら」（形容詞）、「女の衆ら」（名詞＋格助詞「の」）などの形で用いられる。複数の人を表す「衆」に、更に複数を表す「ら」が付いている）,,名詞
Wikipedia,遠州弁,裏盆（うらぼん）,,本来は「お盆」という言葉自体が「盂蘭盆会（うらぼんえ）」の省略形だが、遠州の一部では8月15日の「表盆」に対し、早死にした子どもを供養する地蔵盆（8月24日）を裏盆という,,名詞
Wikipedia,遠州弁,西,,にし || にし,,名詞
Wikipedia,遠州弁,解決,,かいけつ（平板） || かいけつ ||,,名詞
Wikipedia,遠州弁,課長,,かちょう（平板） || かちょう ||,,名詞
Wikipedia,遠州弁,賑やかい,,(1)賑やかな、活気のある、騒々しい（形容動詞の形容詞化）(2)（視覚的に）派手な、ごてごてした,,形容詞
Wikipedia,遠州弁,起きる,,おきる || おきる,,動詞
Wikipedia,遠州弁,辞書,,じしょ || じしょ ||,,名詞
Wikipedia,遠州弁,逃げる,,にげる || にげる,,動詞
Wikipedia,遠州弁,通用,,つうよう || つうよう || 共通語としても許容範囲,,名詞
Wikipedia,遠州弁,連れ,,友人、知り合い,,名詞
Wikipedia,遠州弁,金額,,きんがく（平板） || きんがく ||,,名詞
Wikipedia,遠州弁,長谷（掛川市）,,ながや（平板） || ながや（頭高）,,地名
Wikipedia,遠州弁,降りる,,おりる || おりる,,動詞
Wikipedia,遠州弁,離らかす,,離す,,動詞
Wikipedia,遠州弁,電車,,でんしゃ（平板） || でんしゃ || 共通語でも歴史的アクセントでは「でんしゃ」,,名詞
Wikipedia,遠州弁,靴,,くつ（尾高） || くつ ||,,名詞
Wikipedia,遠州弁,頭を切る,,《慣用句》髪を切る、散髪する,,動詞
Wikipedia,遠州弁,飛ぶ,,走る、駆ける,,動詞
Wikipedia,遠州弁,食べる,,たべる || たべる,,動詞
Wikipedia,遠州弁,飲んばめる,,（食物等を）喉に詰まらせる,,動詞
Wikipedia,遠州弁,鴨江（浜松市中央区）,,かもえ（平板） || かもえ（中高）,,地名
Wikipedia,遠州弁,黄いない,,黄色い、黄色の,,形容詞
Wikipedia,遠州弁,黒子,,ほくろ（平板） || ほくろ ||,,名詞
Wikipedia,遠州弁,～ことない？,,○ || × || × || × || × || ×,,地域差
Wikipedia,遠州弁,～ごう,,× || △ || △ || ○ || ○ || ○,,地域差
Wikipedia,遠州弁,～ない（否定助動詞）,,～ん、～へん || ～ん、～せん（～へん）|| ～ん、～へん、～せん,,地域差
Wikipedia,遠州弁,～（だ）けん,,× || × || × || ○ || ○ || ○,,地域差
Wikipedia,遠州弁,～（だ）けんが・けーが,,× || × || △ || ○ || ○ || ○,,地域差
Wikipedia,金沢弁,あいそない、あいそんない,,「物足りない」「さびしい」の意味。「愛想がない」から,,あ行
Wikipedia,金沢弁,あたる,,「ボーナスがあたる」のように、「もらえる」という意味で使われる。語形自体は共通語の「当たる」と同じなので、金沢弁と気付かずに使っている人が多い,,あ行
Wikipedia,金沢弁,いじくらしい、いじっかしい,,「しつこい」「うっとうしい」「ウザイ」などの意味。使用範囲が広く、不快感を覚えた際には多くの場面で使われる。あまりにも多用されるため、金沢弁と気付かずに使っている人が多い。「いじっかしい」は若い世代の言い方,,あ行
Wikipedia,金沢弁,いんぎらーと,,身体を楽にして、ゆったりとくつろぐ様。よく似た言葉に「おんぼらーと」があり、そちらは「ゆったりと存分に」という意味,,あ行
Wikipedia,金沢弁,えんじょもん,,よそ者。漢字で書くと「遠所者」,,あ行
Wikipedia,金沢弁,おいでる,,「居る・行く・来る」の尊敬語。共通語の「おいでになる」に似ているため、金沢弁とは気付かずに公共の場でも使っている人が多い,,あ行
Wikipedia,金沢弁,かたがる,,傾く。方言と気付かずに使っている人が多い,,か行
Wikipedia,金沢弁,ごぼる,,雪や泥に足がはまること。金沢以外にも、雪の多い地方に広く分布する表現,,か行
Wikipedia,金沢弁,しみ渡り、そら渡り,,田畑などに降り積もった雪が放射冷却による寒さで表面上が固まり、その上を歩く遊び,,さ行
Wikipedia,金沢弁,つるつるいっぱい,,コップなどに注がれた飲み物が表面張力ギリギリまで注がれた様を言う。富山県や福井県でも使用,,た行
Wikipedia,金沢弁,なーん、なーも、なーんも、なーむ,,軽く否定する表現。はっきりした「いいえ」ではなく、イエス・ノーをうやむやに言う時や、相手の質問をはぐらかす時などにも使う。「何も」が変形したもので、「なーん」以外は年配層に多い言い方。富山県でも使用,,挨拶語・相づち語
Wikipedia,金沢弁,はがいしい、はがやしい,,「悔しい」と「もどかしい」が混ざり合ったような意味。「歯がゆい」が変形したもの。若者の間では「はんげしいー」「はんげー」「はげー」「はっがーい」などとも省略される,,な・は・ま行
Wikipedia,金沢弁,めもらい,,麦粒腫。富山県や福井県でも使用。金沢弁と気付かずに使っている人が多い,,な・は・ま行
Wikipedia,金沢弁,りくつ（な）,,共通語の「理屈」には「理屈っぽい」のようなマイナスの意味合いがあるが、金沢弁では「よくできた」「巧みな」というプラスの意味で使われる,,や・ら・わ行
Wikipedia,長岡弁,(ん)な,,お前、の意,,語彙
Wikipedia,長岡弁,あんにゃ、あねさ,,兄、姉の意,,語彙
Wikipedia,長岡弁,いっぺこと,,沢山、の意,,語彙
Wikipedia,長岡弁,おじ、おば,,"弟、妹の意。いずれも""お""を高く発音する",,語彙
Wikipedia,長岡弁,おった,,落ちた、の意,,語彙
Wikipedia,長岡弁,おめさん,,貴方、の意,,語彙
Wikipedia,長岡弁,おめった,,お前たち、の意,,語彙
Wikipedia,長岡弁,かんじん、くゎんじん,,卑しい、卑しい人、の意,,語彙
Wikipedia,長岡弁,がす,,"ごみ、屑の意。専ら廃棄物のことのみを指し罵倒語としては用いられない。""す""を高く発音し「ガス(gas)」とは区別される",,語彙
Wikipedia,長岡弁,ぐゎちゃぐゎちゃ,,びしゃびしゃの意,,語彙
Wikipedia,長岡弁,けむ、けぶ,,煙、の意,,語彙
Wikipedia,長岡弁,げっぽ,,ビリ、最下位、の意,,語彙
Wikipedia,長岡弁,こって,,すごく、の意,,語彙
Wikipedia,長岡弁,しかも,,「し／かも」と発音する。すごく、の意。標準語の「しかも」ではない,,語彙
Wikipedia,長岡弁,しょったれ,,だらしがない、の意,,語彙
Wikipedia,長岡弁,しょーしい,,恥ずかしい、の意,,語彙
Wikipedia,長岡弁,せがきれる,,息が切れる、の意,,語彙
Wikipedia,長岡弁,せつない,,"悲しい,辛い,苦しい,参った,困ったなど不愉快系感情。「おやまぁせつねー」など。長岡弁より上越方言で使う",,語彙
Wikipedia,長岡弁,せぼんこ,,猫背,,語彙
Wikipedia,長岡弁,そんげ/そっつぁ(ん),,そんな、の意。「が」あるいは「こと」と合わせて用いることも多い。後者の方がより強い語調であり乱暴に吐き捨てるようなニュアンスを持つ,,語彙
Wikipedia,長岡弁,のめしこき,,面倒くさがり、の意,,語彙
Wikipedia,長岡弁,よした,,子供に対して、「よくやった」と言う時に用いる。必ず「よしたよした」と2回言う,,語彙
Wikipedia,長岡弁,わさ,,悪さ、の意,,語彙
Wikipedia,長岡弁,わった,,我々、の意,,語彙
Wikipedia,長岡弁,一緒くた,,混ざっている、の意,,語彙
Wikipedia,長岡弁,嘘んこ、嘘こ,,真剣でない、本物でない、の意,,語彙
Wikipedia,長岡弁,豪儀(ごうぎ),,大変、すごい、（人が）堅牢な、気が強い、細かい事に気が付かず無神経な、の意,,語彙
Wikipedia,長崎弁,ラ行子音,,語中のラ行子音が、そり舌音になったり、子音脱落を起こしたりすることがある,,発音
Wikipedia,長崎弁,促音化・撥音化,,県内全域で動詞の語尾「る」の促音化が起こる。（例）「くっ」（来る）、「かんがゆっ」（考える）,,発音
JMdict,長野,ずく,,,putting oneself into something; exerting oneself,
JMdict,関東,あこうだい,赤魚鯛,,Matsubara's red rockfish (Sebastes matsubarae); red rockfish; red scorpionfish,
JMdict,関東,あずまえびす,東夷,,warrior from the eastern parts of Japan; eastern barbarians; people east of China (from the perspect,
JMdict,関東,いたまえ,板前,,chef (esp. of high-end Japanese cuisine); cook; area of a kitchen that contains the chopping board,
JMdict,関東,いなだ,鰍,,young Japanese amberjack (Seriola quinqueradiata),
JMdict,関東,おたんちん,,,fool; twit; unpleasant customer,
JMdict,関東,おっこちる,落っこちる,,"to fall; to drop; to fail (an exam); to lose (a contest, election, etc.)",
JMdict,関東,おっことす,落っことす,,to drop; to lose,
JMdict,関東,おっこる,落っこる,,"to fall; to drop; to fail (an exam); to lose (a contest, election, etc.)",
JMdict,関東,かたす,片す,,to move; to put elsewhere; to tidy; to put in order,
JMdict,関東,がんをとばす,ガンを飛ばす,,to stare (at); to glare,
JMdict,関東,ぎゅうなべ,牛鍋,,sukiyaki,
JMdict,関東,くたばっちまえ,,,"drop dead, you bastard!; fuck you!",
JMdict,関東,くたばれ,,,drop dead!; go to hell!,
JMdict,関東,こどもしゅう,子供衆,,children; child; young male prostitute; prostitute,
JMdict,関東,さいとりかいいん,才取会員,,stock exchange member who facilitates trading by matching buy and sell orders (similar to an NYSE sp,
JMdict,関東,ぜってー,,,definitely; absolutely; absolute; unconditional,
JMdict,関東,ちげー,,,wrong; different,
JMdict,関東,ちまう,,,to do completely; to do accidentally; to do without meaning to,
JMdict,関東,ちょうま,鳥馬,,dusky thrush (Turdus naumanni),
JMdict,関東,ちんこ,,,penis; practice,
JMdict,関東,ちんちん,,,penis; with a tinkle; with a jingle; with a whistle (of a kettle); sitting up and begging (of a dog),
JMdict,関東,っち,,,pluralizing suffix; nickname-forming suffix,
JMdict,関東,てやんでえ,,,what the hell are you saying!?,
JMdict,関東,とうりゅう,棟梁,,master carpenter; master builder,
JMdict,関東,なんざあ,,,et cetera; etc.; the likes of; something like,
JMdict,関東,なんじゃもんじゃ,何じゃもんじゃ,,unusually large tree,
JMdict,関東,ひしこ,鯷,,Japanese anchovy (Engraulis japonica),
JMdict,関東,ほとめく,,,to make a noise; to make a racket; to give a heartfelt reception; to welcome,
JMdict,関東,みるい,,,young; fresh,
JMdict,関東,やっかみ,,,envy; jealousy,
JMdict,関東,やっかむ,,,to envy; to be envious (of),
JMdict,関東,やっちゃば,やっちゃ場,,fruit and vegetable market,
JMdict,関東,わかし,,,young Japanese amberjack,
JMdict,関東,わたい,私,,I; me,
JMdict,関東,わらさ,稚鰤,,"middle-sized Japanese amberjack (species of yellowtail, Seriola quinqueradiata)",
JMdict,関東,わんもり,椀盛り,,food cooked by boiling or stewing,
JMdict,関東,デコすけ,デコ助,,big forehead; fivehead,
JMdict,関東/東北,べ,,,"word used at sentence-end (like a particle) to indicate speculation, volition or invitation; familia",
JMdict,関東/東北,べい,可い,,"word used at sentence-end (like a particle) to indicate speculation, volition or invitation; should;",
Wikipedia,関西共通語,行かない,,行けへん行かへん||行かへん||行かへん,,関西共通語の例
Wikipedia,関西共通語,行けない,,行かれへん||行けへん行かれへん||行かれへん,,関西共通語の例
Wikipedia,雲伯方言,せ、ぜ,,「せ」は「しぇ」、「ぜ」は「じぇ」と発音される。これも、古い発音の名残で、出雲から鳥取県全域にかけてみられる,,古い発音の残存
Wikipedia,静岡弁,…さら,,…ごと,,接尾辞
Wikipedia,静岡弁,…の方,,…のかた（尾高） || …のかた,,その他
Wikipedia,静岡弁,…（な）かった,,…（な）かった || …（な）かった,,その他
Wikipedia,静岡弁,あおたん、あおずみ,,青あざ,,名詞
Wikipedia,静岡弁,あくつ,,かかと,,名詞
Wikipedia,静岡弁,あっこ、あっこいら,,あそこ ★☆,,名詞
Wikipedia,静岡弁,あましをくう,,滑っていたのに突然止まって、反動でつんのめる,,動詞
Wikipedia,静岡弁,あわくい、あわっくい、あわくって,,慌て者、慌,,名詞
Wikipedia,静岡弁,あんてぇ,,あいつ,,名詞
Wikipedia,静岡弁,あんも,,餅 ★■,,名詞
Wikipedia,静岡弁,いいとこまんじゅう,,いいところ（饅頭が貴重だった頃その饅頭が食べれるほどいいところという意味。行き先を曖昧にする際に使用する。）,,名詞
Wikipedia,静岡弁,いかい、いけぁ,,大きい,,形容詞
Wikipedia,静岡弁,いがむ,,ゆがむ ★■,,動詞
Wikipedia,静岡弁,いきれる,,蒸し暑く感ずる,,動詞
Wikipedia,静岡弁,いごい,,えぐい,,形容詞
Wikipedia,静岡弁,いっぺぁ,,いっぱい,,副詞
Wikipedia,静岡弁,いのく、いんのく,,動く ★☆□,,動詞
Wikipedia,静岡弁,いみり,,（壁などの）ひび ☆,,名詞
Wikipedia,静岡弁,いよいよ,,いよいよ || いよいよ,,副詞
Wikipedia,静岡弁,うちっち,,私の家、私たちのグループ,,名詞
Wikipedia,静岡弁,うちら,,僕たち、私たち（最近では女性語として定着しているが、地元では若い男子の間でも多用される。電気グルーヴも多用していた） ●,,名詞
Wikipedia,静岡弁,うっちゃる,,捨てる ★□,,動詞
Wikipedia,静岡弁,うでる,,茹でる ☆□,,動詞
Wikipedia,静岡弁,えい,,良い（発音は「エー」） ★☆,,形容詞
Wikipedia,静岡弁,えいからかんに,,好きなように,,副詞
Wikipedia,静岡弁,えいからげんに,,いい加減に,,副詞
Wikipedia,静岡弁,えいかん,,たくさん、多く（発音は「エーカン」） ★,,副詞
Wikipedia,静岡弁,えらい、えれぁ,,疲れた ★☆,,形容詞
Wikipedia,静岡弁,おえん,,だめ、いけない（岡山弁の「おえん」と意味はまったく同じ）,,連語
Wikipedia,静岡弁,おおきに、おおきんなあ,,ありがとう ☆,,感嘆詞
Wikipedia,静岡弁,おこうこ,,お漬物（関西からの入植語。今では年配者しか使わなくなった） ★☆■,,名詞
Wikipedia,静岡弁,おじゃみ,,お手玉 ☆■,,名詞
Wikipedia,静岡弁,おじゅたれ,,おもらし,,名詞
Wikipedia,静岡弁,おそがい、おそんがい,,恐ろしい ★☆,,形容詞
Wikipedia,静岡弁,おぞい、おぜぇ,,（品質が）悪い、古い ★☆,,形容詞
Wikipedia,静岡弁,おだい（おだいさま）,,大富豪、地主,,名詞
Wikipedia,静岡弁,おだっくい,,お調子者（静岡市に、この単語を名称にした静岡おだっくい祭りという祭事が存在した）,,名詞
Wikipedia,静岡弁,おっさん、おっさま,,お坊さん（「お」にアクセント） ★☆,,名詞
Wikipedia,静岡弁,おとましい（うとましい）,,鬱陶しい,,形容詞
Wikipedia,静岡弁,おひんぶる,,きどる、品よく振る舞う,,動詞
Wikipedia,静岡弁,おまっち、おめぁっち,,お前,,名詞
Wikipedia,静岡弁,おもてふじ,,表富士＝静岡県側の富士山,,名詞
Wikipedia,静岡弁,おやく,,実家,,名詞
Wikipedia,静岡弁,おやす,,駄目にする,,動詞
Wikipedia,静岡弁,おんまける,,ぶちまける,,動詞
Wikipedia,静岡弁,お付け,,味噌汁（中国方言にもこれとよく似た言葉がある） ■,,名詞
Wikipedia,静岡弁,お街（おまち）,,静岡市（狭義では葵区）中心市街地（この呼ばれ方を基にして同所に活性化協議会が結成、および駐車場案内システムが構築されるなどしている）,,名詞
Wikipedia,静岡弁,か,,香り、炭酸,,名詞
Wikipedia,静岡弁,かあばる,,こびりつく,,動詞
Wikipedia,静岡弁,かう,,（鍵を）掛ける（北海道地方にも同じ語があるが、アクセントは逆） ★☆,,動詞
Wikipedia,静岡弁,かじる・かじくる,,引っ掻く ★,,動詞
Wikipedia,静岡弁,かやっさ,,裏返し,,名詞
Wikipedia,静岡弁,がいに,,とても、すごく,,副詞
Wikipedia,静岡弁,がらい（か）,,無意識に,,副詞
Wikipedia,静岡弁,がんこ,,とても、すごく,,副詞
Wikipedia,静岡弁,きんのう,,昨日 ☆,,名詞
Wikipedia,静岡弁,くすがる,,刺さる ★☆,,動詞
Wikipedia,静岡弁,くっちゃべる,,しゃべる □●,,動詞
Wikipedia,静岡弁,くつかれる,,（虫に）刺される,,動詞
Wikipedia,静岡弁,くりょー（よ）,,くれよ,,連語
Wikipedia,静岡弁,くろ,,（地所や敷地の）隅 ★☆,,名詞
Wikipedia,静岡弁,ぐれる,,ひねる,,動詞
Wikipedia,静岡弁,けぁーる,,カエル。｢ちゃっきり節｣の一節にも「きゃあるが鳴くんて雨づらよ」という歌詞がある,,名詞
Wikipedia,静岡弁,けえんべえ,,帰ろうよ,,連語
Wikipedia,静岡弁,けっこい,,綺麗な、色っぽい,,形容詞
Wikipedia,静岡弁,けった,,自転車（近年名古屋・浜松方面から入ってきた新方言） ☆,,名詞
Wikipedia,静岡弁,けつぼうたん,,お尻のふくらんだ箇所（ほうたんは頬）,,名詞
Wikipedia,静岡弁,けぶったい,,煙い,,形容詞
Wikipedia,静岡弁,けやす,,消す ☆,,動詞
Wikipedia,静岡弁,げちゃ,,びり,,名詞
Wikipedia,静岡弁,こく,,言う ●,,動詞
Wikipedia,静岡弁,こしゃう、こさえる,,作る ●,,動詞
Wikipedia,静岡弁,こじる,,こじ開ける,,動詞
Wikipedia,静岡弁,こずむ,,沈殿する,,動詞
Wikipedia,静岡弁,こば,,端（くろ:とほぼ同じ）,,名詞
Wikipedia,静岡弁,こわい,,硬い ★☆□,,形容詞
Wikipedia,静岡弁,こんだ,,今度,,名詞
Wikipedia,静岡弁,ごせっぽい,,せいせいする （「御所っぽい」が語源とする説がある）,,形容詞
Wikipedia,静岡弁,ごんわく,,腹が立つ（主に年配者が使う） ☆,,動詞
Wikipedia,静岡弁,ささらほうさら,,無駄使い ■,,名詞
Wikipedia,静岡弁,さぶい,,寒い ☆,,形容詞
Wikipedia,静岡弁,さぼる,,投げる,,動詞
Wikipedia,静岡弁,ざく,,十分（「おめぇにゃあそれでざくだ」）,,名詞
Wikipedia,静岡弁,しぞぉか,,静岡（多く「しぞーか」と表記する） ★,,名詞
Wikipedia,静岡弁,しない,,しない（平板） || しない,,未然形
Wikipedia,静岡弁,しなべる,,片づける,,動詞
Wikipedia,静岡弁,しゃらい、しゃれえ,,生意気な（＝「しゃらくさい」）,,形容詞
Wikipedia,静岡弁,しょずむ,,摘み取る,,動詞
Wikipedia,静岡弁,しょっくち,,入口,,名詞
Wikipedia,静岡弁,しょぼい、しょんぼい,,粗末,,形容詞
Wikipedia,静岡弁,しょろい,,遅い（派生:「しょろしょろ、しょろくったん」）,,形容詞
Wikipedia,静岡弁,しょんない、しゃーない,,仕方がない、仕様もない ★,,形容詞
Wikipedia,静岡弁,しらっくら,,ぐずぐず,,副詞
Wikipedia,静岡弁,じゅるい,,ぬかるんでいる ★,,形容詞
Wikipedia,静岡弁,じょんじょん,,草履 ★■,,名詞
Wikipedia,静岡弁,ずっこい,,ずるい、ひきょうな ☆,,形容詞
Wikipedia,静岡弁,ずない、ずねぁ,,力強い,,形容詞
Wikipedia,静岡弁,せせくる,,ちょっかいを出す（県西部地域で「触る、いじる」の意）,,動詞
Wikipedia,静岡弁,せばい,,狭い ☆,,形容詞
Wikipedia,静岡弁,そこそこ,,そこそこ（平板）、そこそこ || そこそこ,,副詞
Wikipedia,静岡弁,たこる,,サボる（神奈川県西部地区でも通用する）,,動詞
Wikipedia,静岡弁,たほいや,,山畑の猪追い小屋,,名詞
Wikipedia,静岡弁,ちみくる,,つねる ★☆,,動詞
Wikipedia,静岡弁,ちゃっちゃと,,さっさと ☆●,,副詞
Wikipedia,静岡弁,ちょびちょびする,,ちょっかいを出す、要らぬ世話をする ★,,動詞
Wikipedia,静岡弁,ちんたら/ しょろしょろ,,のろのろ ★●,,副詞
Wikipedia,静岡弁,ちんびぃ,,短い,,形容詞
Wikipedia,静岡弁,ちんぶりかく、ちんぷりかえる,,すねる、ごねる（長澤まさみが全国的な記者会見の場で用いたことがある） ★,,動詞
Wikipedia,静岡弁,でろ,,泥 □,,名詞
Wikipedia,静岡弁,とぶ、とんでく,,走る、走っていく （神奈川県西部地区でも通用し、箱根駅伝のテレビ中継、特に5区・6区における選手の形容に例年多用される）★,,動詞
Wikipedia,静岡弁,とんじかる,,絡まる,,動詞
Wikipedia,静岡弁,とんじゃかない 、とんちゃかない,,無頓着な、無関心な ★,,形容詞
Wikipedia,静岡弁,どべ,,最下位、びり（駿東ではどびと言う） ☆●,,名詞
Wikipedia,静岡弁,なかなか,,なかなか（平板） || なかなか,,副詞
Wikipedia,静岡弁,なりき,,ぞんざい,,形容動詞
Wikipedia,静岡弁,なんぼ,,幾ら（関西方言と同じ使い方。駿東の過疎地のみで使われる） ☆,,名詞
Wikipedia,静岡弁,にゃくら/なくら,,がてら,,連語
Wikipedia,静岡弁,ぬくとい、ぬくてぁ,,温かい ★☆,,形容詞
Wikipedia,静岡弁,のうのう,,のんびりと、ゆっくりと（悪い意味）,,副詞
Wikipedia,静岡弁,のっくむ,,飲み込む,,動詞
Wikipedia,静岡弁,のんのんさま,,仏様 □,,名詞
Wikipedia,静岡弁,はあ,,既に、もう ★□,,副詞
Wikipedia,静岡弁,はでる･はぜる,,はじける、爆発する ★☆,,動詞
Wikipedia,静岡弁,はならかす,,（意図的に）離した状態にする,,動詞
Wikipedia,静岡弁,はぶく,,仲間はずれにする ★●,,動詞
Wikipedia,静岡弁,ばか…/ばかに…,,とても、やけに ★,,接頭辞
Wikipedia,静岡弁,ばかっつら,,馬鹿っ面,,名詞
Wikipedia,静岡弁,ばくる,,壊れる,,動詞
Wikipedia,静岡弁,ばつ 、ばっとく,,（座席などを）確保する、確保しておく（「ばった」など過去形で使うことが多い）,,動詞
Wikipedia,静岡弁,ひさしぶり,,ひさしぶり（平板または尾高） || ひさしぶり,,形容動詞
Wikipedia,静岡弁,ひなる,,子供が黄色い声で叫ぶ,,動詞
Wikipedia,静岡弁,ひゃっこい,,冷たい ★□,,形容詞
Wikipedia,静岡弁,ふんと,,本当（主に年配者が使う）,,名詞
Wikipedia,静岡弁,ぶしょったい、ぶしょってぁ,,汚らしい、だらしない ★,,形容詞
Wikipedia,静岡弁,ぶそくる,,ふてくされる,,動詞
Wikipedia,静岡弁,ぶっさらう,,ぶん殴る,,動詞
Wikipedia,静岡弁,ぺったん,,メンコ,,名詞
Wikipedia,静岡弁,ぼっ立つ,,何もせず、ぼさっと突っ立つ ★,,動詞
Wikipedia,静岡弁,ぽんぽん,,原付（主に、市町から標識交付を受けた50cc白ナンバー原付バイク）。浜松市を中心とした遠州地方から富士川以西でよく聞かれる。 ★,,名詞
Wikipedia,静岡弁,まぜる,,仲間に入れる ★●,,動詞
Wikipedia,静岡弁,まっと,,もっと ★☆□,,副詞
Wikipedia,静岡弁,まめったい,,よく働く、こまめな ★,,形容詞
Wikipedia,静岡弁,みがましい,,ちゃんとしている,,形容詞
Wikipedia,静岡弁,みるい,,柔らかい、青い、若い（主に、野菜類を指す。新茶の評価では肯定的な意味になる） ★,,形容詞
Wikipedia,静岡弁,めんちゃあ,,お転婆な女の子,,名詞
Wikipedia,静岡弁,やいやい,,やれやれ,,感嘆詞
Wikipedia,静岡弁,やっぱ,,やっぱり（ピンク・レディーによって全国的に使われるようになったと言われている） ●,,副詞
Wikipedia,静岡弁,やぶせったい,,うっとうしい、うるさい,,形容詞
Wikipedia,静岡弁,やらざぁ/しざぁ/ず/せまい,,やろうよ、しようよ,,連語
Wikipedia,静岡弁,やらにゃー/やらにゃん,,やらなければならない,,連語
Wikipedia,静岡弁,やんでく,,歩いていく □,,動詞
Wikipedia,静岡弁,わからない,,わからない || わからない,,未然形
Wikipedia,静岡弁,わざわざ,,わざわざ || わざわざ,,副詞
Wikipedia,静岡弁,一月,,いちがつ || いちがつ,,時系列
Wikipedia,静岡弁,上げる,,あげる || あげる,,動詞
Wikipedia,静岡弁,二月,,にがつ || にがつ,,時系列
Wikipedia,静岡弁,元気,,げんき || げんき,,形容動詞
Wikipedia,静岡弁,出ない,,でない || でない,,未然形
Wikipedia,静岡弁,出来ない,,できない || できない,,未然形
Wikipedia,静岡弁,十一月,,じゅういちがつ || じゅういちがつ,,時系列
Wikipedia,静岡弁,十二月,,じゅうにがつ || じゅうにがつ,,時系列
Wikipedia,静岡弁,午前,,ごぜん || ごぜん,,時系列
Wikipedia,静岡弁,午後,,ごご|| ごご,,時系列
Wikipedia,静岡弁,厚っこい,,厚ぼったい,,形容詞
Wikipedia,静岡弁,唸（うな）る,,大声を出す、叫ぶ,,動詞
Wikipedia,静岡弁,在所（ざいしょ）,,実家 ★☆,,名詞
Wikipedia,静岡弁,大きな,,おおきな || おおきな,,連体詞
Wikipedia,静岡弁,嫌,,いや || いや,,形容動詞
Wikipedia,静岡弁,寄せる,,（洗濯物を）取り込む,,動詞
Wikipedia,静岡弁,小さな,,ちいさな || ちいさな,,連体詞
Wikipedia,静岡弁,捌（さば）く,,破る,,動詞
Wikipedia,静岡弁,提（さ）げる,,（袋やバックなど）持つ ★●,,動詞
Wikipedia,静岡弁,昨日,,きのう|| きのう,,時系列
Wikipedia,静岡弁,白い,,しろい || しろい || しろい,,形容詞
Wikipedia,静岡弁,白く,,しろく || しろく || しろく,,形容詞
Wikipedia,静岡弁,空（そら）を使う,,とぼけている状態、知らないふりをしている状態 ★,,動詞
Wikipedia,静岡弁,線引き,,定規 ★☆,,名詞
Wikipedia,静岡弁,自校,,自動車教習所 (西部では車校),,名詞
Wikipedia,静岡弁,舌べら,,舌、べろ ☆,,名詞
Wikipedia,静岡弁,貸（か）せる,,貸す,,動詞
Wikipedia,静岡弁,起きる,,おきる || おきる,,動詞
Wikipedia,静岡弁,車校,,自動車教習所（新方言） ☆,,名詞
Wikipedia,静岡弁,連れ,,友達、知り合い ★☆,,名詞
Wikipedia,静岡弁,頂きました,,ご馳走様でした（東海東山方言の典型的な言い回しである） ★☆,,感嘆詞
Wikipedia,静岡弁,頭を切る,,髪を切る ★,,動詞
Wikipedia,静岡弁,黄いない,,黄色い ★☆,,形容詞
Wikipedia,静岡弁,黒ずみ,,青あざ,,名詞
Wikipedia,類 (アクセント),「兎」類（第6類）,,院政期京都で低高高、現代京都で低低高/低低低（高）、東京で低高高（高）,,三拍名詞
Wikipedia,類 (アクセント),「兜」類（第7類）,,院政期京都で低高低、現代京都で低高低（低）、東京では高低低（低）の語と低高高（高）の語に分かれる,,三拍名詞
Wikipedia,類 (アクセント),「命」類（第5類),,院政期京都で低低高、現代京都・東京ともに高低低（低）、ただし東京式アクセントの大部分の地域で低高低（低）,,三拍名詞
Wikipedia,類 (アクセント),「小豆」類（第2類）,,院政期京都で高高低、現代京都で高低低（低）、東京で低高高（低）、ただし京阪式アクセントの大部分の地域で高高低（低）,,三拍名詞
Wikipedia,類 (アクセント),「形」類（第1類）,,院政期京都で高高高、現代京都で高高高（高）、東京で低高高（高）,,三拍名詞
Wikipedia,類 (アクセント),「頭」類（第4類）,,院政期京都で低低低、現代京都で高低低（低）、東京で低高高（低）、ただし京阪式アクセントの大部分の地域で高高低（低）,,三拍名詞
Wikipedia,類 (アクセント),第1類,,院政期京都で高高、現代京都で高高（高）、東京で低（高）,,一拍名詞
Wikipedia,類 (アクセント),第2類,,院政期京都で高低、現代京都で高低（低）、東京で低（高）,,一拍名詞
Wikipedia,類 (アクセント),第3類,,院政期京都で低低、現代京都で低高/低低（高）、東京で高（低）,,一拍名詞
Wikipedia,類 (アクセント),第4類,,院政期京都で低高、現代京都で低高/低低（高）、東京で高低（低）,,二拍名詞
Wikipedia,類 (アクセント),第5類,,院政期京都で低降、現代京都で低降/低降（低）または低高（低）、東京で高低（低）,,二拍名詞
Wikipedia,魚津弁,○○おうた,,「会った」→「おうた」、「買った」→「こうた」,,主な魚津弁
Wikipedia,魚津弁,○○じゃわ,,「○○だか」、「○○とか」、「◯◯やら」,,主な魚津弁
Wikipedia,魚津弁,○○ってかっとって,,「○○っていうのに」、「○○にも関わらず」,,主な魚津弁
Wikipedia,魚津弁,○○まいか,,「しようよ」「しないかい」,,主な魚津弁
Wikipedia,魚津弁,○○られん,,「○○たらだめ」,,主な魚津弁
Wikipedia,魚津弁,○○ん,,「○○ない」,,主な魚津弁
Wikipedia,魚津弁,◯◯かす,,「す」,,主な魚津弁
Wikipedia,魚津弁,◯◯けね,,「◯◯しようか」、「◯◯じゃないか」、「◯◯ですよね」,,主な魚津弁
Wikipedia,魚津弁,◯◯こっちゃ,,「◯◯るといいよ」,,主な魚津弁
Wikipedia,魚津弁,◯◯た、◯◯した,,「◯◯しときな」、「◯◯とこう」、「◯◯よう」,,主な魚津弁
Wikipedia,魚津弁,◯◯ちゃ(接続語),,「◯◯は」,,主な魚津弁
Wikipedia,魚津弁,◯◯ちゃ(語尾),,「◯◯よ(だよ)」、「◯◯わ(だわ)」,,主な魚津弁
Wikipedia,魚津弁,◯◯つが（◯◯やつが）,,「◯◯だってばあ」（「◯◯だっつーの」）,,主な魚津弁
Wikipedia,魚津弁,◯◯て,,「◯◯くて」,,主な魚津弁
Wikipedia,魚津弁,◯◯ど（れど）,,◯◯けれど（るけれど）,,主な魚津弁
Wikipedia,魚津弁,◯◯なち,,「◯◯の家」,,主な魚津弁
Wikipedia,魚津弁,◯◯ねど,,「◯◯だけれど」,,主な魚津弁
Wikipedia,魚津弁,◯◯られ（◯◯れ）,,「○○して」「◯◯しなさい」,,主な魚津弁
Wikipedia,魚津弁,あぃっちゃ,,「あいつ」、「やおつ」、「やおちゃ」,,主な魚津弁
Wikipedia,魚津弁,あい、あいよ、あいや,,「なんて」、「あらら」、「あんな」,,主な魚津弁
Wikipedia,魚津弁,あいの風,,3 3 3 3 3,,主な言葉
Wikipedia,魚津弁,あいもと（愛本）,,3 3 3 3,,地名・地勢
Wikipedia,魚津弁,あき（秋）,,3 1,,主な言葉
Wikipedia,魚津弁,あこ,,「あそこ」,,主な魚津弁
Wikipedia,魚津弁,あさひ（朝日）,,1 3 1,,地名・地勢
Wikipedia,魚津弁,あさ（朝）,,1 3,,主な言葉
Wikipedia,魚津弁,あしゃあしゃ,,「落ち着きがない様子」(この地域では「きときと」の類似語であり、ともに悪い意味で使用することが多い),,主な魚津弁
Wikipedia,魚津弁,あせぐらしい,,「落ち着きがない」、「せわしない」,,主な魚津弁
Wikipedia,魚津弁,あった,,1 0 3,,主な言葉
Wikipedia,魚津弁,あっつい,,「あつい」(熱い、暑い、厚い),,主な魚津弁
Wikipedia,魚津弁,あとから,,1 3 3 3,,主な言葉
Wikipedia,魚津弁,あとなぜ（あとなで）,,「(字の練習帳などで既に薄く書かれた部分の)跡をなぞること」、「書かれた(描かれた)通りになぞること」,,主な魚津弁
Wikipedia,魚津弁,あなんたん（穴の谷）,,1 3 3 3 3,,地名・地勢
Wikipedia,魚津弁,あら,,「あれは」,,主な魚津弁
Wikipedia,魚津弁,ありがとう,,1 3 3 3 3,,主な言葉
Wikipedia,魚津弁,ある,,3 1 （「あるよ」（3 1 1）、「あると思う」（3 1 1 1 3 1）など）,,主な言葉
Wikipedia,魚津弁,あるいたらく,,「歩き回る」、「あっちへ行ったりこっちへ来たりする」,,主な魚津弁
Wikipedia,魚津弁,いえ（家）,,1 3,,主な言葉
Wikipedia,魚津弁,いかっしゃい、いかさい、いかっせ,,行きなさい,,主な魚津弁
Wikipedia,魚津弁,いかった,,「良かった」,,主な魚津弁
Wikipedia,魚津弁,いくじ（生地）,,1 3 1,,地名・地勢
Wikipedia,魚津弁,いしかわ（石川）,,1 1 3 3,,地名・地勢
Wikipedia,魚津弁,いしだ（石田）,,1 3 3,,地名・地勢
Wikipedia,魚津弁,いちご（苺）,,3 2 1,,主な言葉
Wikipedia,魚津弁,いつかって,,「だって」、「まさか」,,主な魚津弁
Wikipedia,魚津弁,いといがわ（糸魚川）,,1 3 3 2 1,,地名・地勢
Wikipedia,魚津弁,いる,,1 3,,主な言葉
Wikipedia,魚津弁,いわせ（岩瀬）,,1 3 1 （東の方の地域程多い）,,地名・地勢
Wikipedia,魚津弁,いわて（岩手）,,1 3 1,,地名・地勢
Wikipedia,魚津弁,うぉづ,,「魚津」,,主な魚津弁
Wikipedia,魚津弁,うおづ（魚津）,,1 3 1,,地名・地勢
Wikipedia,魚津弁,うしろ,,1 3 3 （戦後生まれに多い）,,主な言葉
Wikipedia,魚津弁,うぞい,,「(物などが)ぼろい」、「(服などが)ださい、古い、もう着れない様」,,主な魚津弁
Wikipedia,魚津弁,うち（家）,,3 3 （「うちの」「うちとこ」など）,,主な言葉
Wikipedia,魚津弁,うっそ,,「嘘」,,主な魚津弁
Wikipedia,魚津弁,うなづき（宇奈月）,,1 3 3 3,,地名・地勢
Wikipedia,魚津弁,うみ（海）,,3 1,,主な言葉
Wikipedia,魚津弁,うろ,,裏側の土地や空間、表とは反対の場所、普段は行かないような狭い裏側の場所,,主な魚津弁
Wikipedia,魚津弁,えき（駅）,,3 1,,主な言葉
Wikipedia,魚津弁,えぐち（江口）,,1 3 1,,地名・地勢
Wikipedia,魚津弁,おあとこ,,「おいらのところ」、「私の家」,,主な魚津弁
Wikipedia,魚津弁,おいよ、おいね,,「そうなんだよ」、「うん」、「おう」、「そうそう」,,主な魚津弁
Wikipedia,魚津弁,おうみ（青海）,,3 3 1,,地名・地勢
Wikipedia,魚津弁,おおまち（大町）,,3 3 2 1,,地名・地勢
Wikipedia,魚津弁,おおやま（大山）,,3 3 3 3,,地名・地勢
Wikipedia,魚津弁,おかしい、おっかしい,,「面白い」（変という意味はない）,,主な魚津弁
Wikipedia,魚津弁,おぎゅう（荻生）,,1 3 1,,地名・地勢
Wikipedia,魚津弁,おく,,「よす」、「やめておく」,,主な魚津弁
Wikipedia,魚津弁,おちらし,,「麦焦がし」（大麦の粉に水を加えた食べ物）,,主な魚津弁
Wikipedia,魚津弁,おっちゃる、ほっちゃる,,「放る」（放っておく）,,主な魚津弁
Wikipedia,魚津弁,おっちる,,落ちる,,主な魚津弁
Wikipedia,魚津弁,おつかかる,,「よりかかる」,,主な魚津弁
Wikipedia,魚津弁,おに（鬼）,,3 1,,主な言葉
Wikipedia,魚津弁,おもしい,,「変」、「変わった」（面白いという意味はない）,,主な魚津弁
Wikipedia,魚津弁,おやしらず（親不知）,,1 3 1 1 1,,地名・地勢
Wikipedia,魚津弁,おら、わたい,,「私」、「俺」、「自分」,,主な魚津弁
Wikipedia,魚津弁,おらだ(おらだん),,「私達」、「俺達」、「我等」,,主な魚津弁
Wikipedia,魚津弁,おらち、おらとこ,,「私の家」、「私のところ」,,主な魚津弁
Wikipedia,魚津弁,おる,,「いる」,,主な魚津弁
Wikipedia,魚津弁,おわわ,,「ひいばあちゃん」、「曽祖母」、「おばば」,,主な魚津弁
Wikipedia,魚津弁,おんなじ,,「同じ」,,主な魚津弁
Wikipedia,魚津弁,おーらん（いないの意味）,,3 3 3 1,,主な言葉
Wikipedia,魚津弁,か、かー、きゃ、きゃー,,「これ」,,主な魚津弁
Wikipedia,魚津弁,"かぁでぃゃ""ぁん""すらぁよ",,これはどういう風にするんだい？,,魚津弁の例文
Wikipedia,魚津弁,かいこと(かえこと),,「交換」,,主な魚津弁
Wikipedia,魚津弁,かいど,,「家の外」,,主な魚津弁
Wikipedia,魚津弁,かが（加賀）,,1 3,,地名・地勢
Wikipedia,魚津弁,かたい子,,「かわいい子」（小さい子に使う意で）,,主な魚津弁
Wikipedia,魚津弁,かたかいがわ（片貝川）,,1 3 3 3 2 1,,地名・地勢
Wikipedia,魚津弁,かたかい（片貝）,,1 3 3 1,,地名・地勢
Wikipedia,魚津弁,かたがる,,「傾く」,,主な魚津弁
Wikipedia,魚津弁,かちゃかちゃ,,(物などが散乱して)ぐじゃぐじゃ,,主な魚津弁
Wikipedia,魚津弁,かつける,,「ぶつける」,,主な魚津弁
Wikipedia,魚津弁,かづみ（加積）,,1 3 1,,地名・地勢
Wikipedia,魚津弁,かどかわ、かどがわ（角川）,,1 3 2 1,,地名・地勢
Wikipedia,魚津弁,かなざわ（金沢）,,1 3 2 1 （戦後生まれに多い）,,地名・地勢
Wikipedia,魚津弁,かなんだん（金山谷）,,1 3 3 3 3,,地名・地勢
Wikipedia,魚津弁,かねこおり,,「つらら」,,主な魚津弁
Wikipedia,魚津弁,かみいち（上市）,,1 3 2 1,,地名・地勢
Wikipedia,魚津弁,かみのかた（上野方）,,1 3 3 2 1,,地名・地勢
Wikipedia,魚津弁,からすがい,,「こむらがえし」,,主な魚津弁
Wikipedia,魚津弁,かろ,,「でしょ」、「だろ」,,主な魚津弁
Wikipedia,魚津弁,かわ（川）,,1 3,,主な言葉
Wikipedia,魚津弁,かー,,「鍬」,,主な魚津弁
Wikipedia,魚津弁,かー、かかー、かあちゃん,,母さん,,主な魚津弁
Wikipedia,魚津弁,"かーか""ぁん""かか""ぁん""か",,これはこう書くのか？,,魚津弁の例文
Wikipedia,魚津弁,がばがば(だばだば),,「だぶだぶ」、「ぶかぶか」,,主な魚津弁
Wikipedia,魚津弁,がんぴ,,模造紙,,主な魚津弁
Wikipedia,魚津弁,が（鼻濁音）,,「の」、「もの」,,主な魚津弁
Wikipedia,魚津弁,きかん、きっかん,,「（人が）悪い」,,主な魚津弁
Wikipedia,魚津弁,きそ（木曽）,,1 3,,地名・地勢
Wikipedia,魚津弁,きたおにえ（北鬼江）,,1 3 3 3 2 （戦後生まれに多い）,,地名・地勢
Wikipedia,魚津弁,きちじま（吉島）,,1 3 2 1 （戦後生まれに多い）,,地名・地勢
Wikipedia,魚津弁,きゃー悪い,,「気分が悪い」、「疲れる」、「体調がすぐれない」,,主な魚津弁
Wikipedia,魚津弁,きょうでん（経田）,,2 2 2 2,,地名・地勢
Wikipedia,魚津弁,きょう（今日）,,3 3,,主な言葉
Wikipedia,魚津弁,きんの,,「昨日」,,主な魚津弁
Wikipedia,魚津弁,ぎふ（岐阜）,,1 3,,地名・地勢
Wikipedia,魚津弁,くじる,,「ひっかく」,,主な魚津弁
Wikipedia,魚津弁,くったたる,,「突き刺さる」,,主な魚津弁
Wikipedia,魚津弁,くどい,,「（何度も）しつこい」、「（食べ物などが）飽きてくる」,,主な魚津弁
Wikipedia,魚津弁,くま（熊）,,1 3,,主な言葉
Wikipedia,魚津弁,くれは（呉羽）,,1 3 1 （東の方の地域程多い）,,地名・地勢
Wikipedia,魚津弁,くろべがわ（黒部川）,,1 3 3 2 1,,地名・地勢
Wikipedia,魚津弁,くろべ（黒部）,,1 3 1,,地名・地勢
Wikipedia,魚津弁,けかち（毛勝）,,1 3 1,,地名・地勢
Wikipedia,魚津弁,けなるい,,「うらやましい」,,主な魚津弁
Wikipedia,魚津弁,けやす,,「消す」,,主な魚津弁
Wikipedia,魚津弁,げっと,,「最下位」、「びり」,,主な魚津弁
Wikipedia,魚津弁,こいちゃ、こいっちゃ,,「こいつ」（同じく「そいつ」や「あいつ」として「そいっちゃ」、「あいっちゃ」も使用する。）,,主な魚津弁
Wikipedia,魚津弁,こわい,,「(食べ物などが)かたい」,,主な魚津弁
Wikipedia,魚津弁,こわくさい,,「生意気」,,主な魚津弁
Wikipedia,魚津弁,こわす,,「(お金を)くずす」、「両替する」,,主な魚津弁
Wikipedia,魚津弁,こんだ,,「今度は」,,主な魚津弁
Wikipedia,魚津弁,ごっそさん(ごっつぉさん),,「ごちそうさま」,,主な魚津弁
Wikipedia,魚津弁,ごぼる,,「（雪や泥などに）ずっぽりとはまってしまうこと」,,主な魚津弁
Wikipedia,魚津弁,さ、さー、しゃ、しゃー,,「それ」「そう」,,主な魚津弁
Wikipedia,魚津弁,さか（坂）,,1 3,,主な言葉
Wikipedia,魚津弁,さくらい（桜井）,,1 3 3 1,,地名・地勢
Wikipedia,魚津弁,さど（佐渡）,,1 3,,地名・地勢
Wikipedia,魚津弁,ざい、ざいご,,「地元」「土地」,,主な魚津弁
Wikipedia,魚津弁,し,,「ひ」の音が「し」になることがある。「ひっつく」→「しっつく」,,主な魚津弁
Wikipedia,魚津弁,しさん,,「方（「～の人」という意味で）」,,主な魚津弁
Wikipedia,魚津弁,しし（獅子）,,3 1,,主な言葉
Wikipedia,魚津弁,したら,,1 3 1,,主な言葉
Wikipedia,魚津弁,してかかって,,してしまって,,主な魚津弁
Wikipedia,魚津弁,しまね（島根）,,1 3 1,,地名・地勢
Wikipedia,魚津弁,しゃかどう（釈迦堂）,,1 3 3 3,,地名・地勢
Wikipedia,魚津弁,しゃしょう（車掌）,,1 3 3,,主な言葉
Wikipedia,魚津弁,しゃちょう（社長）,,1 3 3,,主な言葉
Wikipedia,魚津弁,しゃわ,,「世の中」,,主な魚津弁
Wikipedia,魚津弁,しゃーおらすらんじゃぁ,,そりゃー俺は知らないよぉ,,魚津弁の例文
Wikipedia,魚津弁,しゃーん,,「そう」,,主な魚津弁
Wikipedia,魚津弁,しょうがわ（庄川）,,3 3 3 3,,地名・地勢
Wikipedia,魚津弁,しょむない(しょんない),,「味が薄い」、「味がしない」,,主な魚津弁
Wikipedia,魚津弁,しられ、すられ,,「しなさい」,,主な魚津弁
Wikipedia,魚津弁,しられんぞ（しられんがいぞ）,,「しないで（したらだめだぞ）」,,主な魚津弁
Wikipedia,魚津弁,しんかなや（新金屋）,,3 3 3 3 1,,地名・地勢
Wikipedia,魚津弁,しんじょう（新庄）,,3 3 2 1 （東の方の地域程多い）,,地名・地勢
Wikipedia,魚津弁,しんみなと（新湊）,,3 3 3 3 1 （3 3 3 2 1とはならない）,,地名・地勢
Wikipedia,魚津弁,しんめはん、しんめさん（神明さん,,神明神社の意味）,,主な言葉
Wikipedia,魚津弁,しんやしき（新屋敷）,,3 3 2 1 1,,地名・地勢
Wikipedia,魚津弁,じめん（地面）,,1 3 1,,主な言葉
Wikipedia,魚津弁,じょうえつ（上越）,,3 3 2 1,,地名・地勢
Wikipedia,魚津弁,じょうがんじがわ（常願寺川）,,3 3 3 3 3 2 1,,地名・地勢
Wikipedia,魚津弁,じんずうがわ（神通川）,,3 3 3 3 2 1,,地名・地勢
Wikipedia,魚津弁,す,,「し」の音が「す」になることがある。「しらんけど」→「すらんねど」,,主な魚津弁
Wikipedia,魚津弁,すっつく,,ひっつく、張り付く,,主な魚津弁
Wikipedia,魚津弁,すみよし（住吉）,,3 2 1 1,,地名・地勢
Wikipedia,魚津弁,する,,1 3 （「するはず」「することに」など）,,主な言葉
Wikipedia,魚津弁,すわ（諏訪）,,1 3,,地名・地勢
Wikipedia,魚津弁,すんばま（新浜）,,1 1 3 3,,地名・地勢
Wikipedia,魚津弁,ずる,,「ずり動く」,,主な魚津弁
Wikipedia,魚津弁,せえん,,「千円」,,主な魚津弁
Wikipedia,魚津弁,せっしゃい,,「しなさい」,,主な魚津弁
Wikipedia,魚津弁,せっしゃる,,「なさる」,,主な魚津弁
Wikipedia,魚津弁,せど,,「家の裏」,,主な魚津弁
Wikipedia,魚津弁,せんせい（先生）,,3 3 3 1,,主な言葉
Wikipedia,魚津弁,せんなん(せんにゃならん),,「しなければならない」,,主な魚津弁
Wikipedia,魚津弁,せんにゃ,,「しなければ」,,主な魚津弁
Wikipedia,魚津弁,ぜ,,「○○だねえ」、「○○だよ」など,,主な魚津弁
Wikipedia,魚津弁,ぜん,,「お金」,,主な魚津弁
Wikipedia,魚津弁,そい,,「そんな」、「そういう」,,主な魚津弁
Wikipedia,魚津弁,そこたらじゅう,,「そこらじゅう」,,主な魚津弁
Wikipedia,魚津弁,そしたら,,「そうしたら」、「それじゃあ」,,主な魚津弁
Wikipedia,魚津弁,そら（空）,,1 3,,主な言葉
Wikipedia,魚津弁,そんで,,「それで」、「そして」,,主な魚津弁
Wikipedia,魚津弁,ぞ,,「よ」（例：しられんぞ＝したらだめだよ）,,主な魚津弁
Wikipedia,魚津弁,たかおか（高岡）,,1 3 2 1 （戦後生まれに多い）,,地名・地勢
Wikipedia,魚津弁,たかばたけ（高畠）,,1 3 3 3 3,,地名・地勢
Wikipedia,魚津弁,たかやま（高山）,,1 3 2 1 （戦後生まれに多い）,,地名・地勢
Wikipedia,魚津弁,たってく,,「（薄っぺらいものが）飛んでいく」,,主な魚津弁
Wikipedia,魚津弁,たてもん,,1 3 3 2,,主な言葉
Wikipedia,魚津弁,たてやま（立山）,,1 3 3 3,,地名・地勢
Wikipedia,魚津弁,だいそうどう（大騒動,,大変の意味）,,地名・地勢
Wikipedia,魚津弁,だっか,,「誰か」,,主な魚津弁
Wikipedia,魚津弁,だれ（誰）,,1 3,,主な言葉
Wikipedia,魚津弁,ちゃっと、ちゃっちゃと,,「早く」,,主な魚津弁
Wikipedia,魚津弁,ちゃべ,,「おしゃべり」、「余計な事」,,主な魚津弁
Wikipedia,魚津弁,ちゃよ、わよ、つが,,「○○だって」、「○○ってばぁ」、「○○っつーの」,,主な魚津弁
Wikipedia,魚津弁,ちょっぴし、ちょびっと、ちっと,,「少し」、「ちょっと」,,主な魚津弁
Wikipedia,魚津弁,つべつべ,,すべすべ、つるつる,,主な魚津弁
Wikipedia,魚津弁,つんだってく,,「ついていく」,,主な魚津弁
Wikipedia,魚津弁,つんつんかく,,「正座する」。メディアによって「おちんちんかく」と解釈されたが、全くの間違いである。イントネーションは「つん↓ つん↑」である,,主な魚津弁
Wikipedia,魚津弁,てけない,,「喉が渇く」(喉が渇いてだるい),,主な魚津弁
Wikipedia,魚津弁,てんじん（天神）,,1 1 3 3,,地名・地勢
Wikipedia,魚津弁,でかいと,,沢山、いっぱい,,主な魚津弁
Wikipedia,魚津弁,できもん,,「おでき、湿疹」,,主な魚津弁
Wikipedia,魚津弁,でんしゃ（電車）,,3 3 1,,主な言葉
Wikipedia,魚津弁,とうきょう（東京）,,3 3 3 3,,地名・地勢
Wikipedia,魚津弁,とっしょり,,「年寄り」,,主な魚津弁
Wikipedia,魚津弁,となみ（砺波）,,1 3 1,,地名・地勢
Wikipedia,魚津弁,とまり（泊）,,1 3 3,,地名・地勢
Wikipedia,魚津弁,とやま（富山）,,1 3 3,,地名・地勢
Wikipedia,魚津弁,どうして,,3 3 2 1,,主な言葉
Wikipedia,魚津弁,どこ,,1 3,,主な言葉
Wikipedia,魚津弁,な,,「が」「よ」,,主な魚津弁
Wikipedia,魚津弁,ない,,「○○で仕方ない」、「○○でしょうがない」,,主な魚津弁
Wikipedia,魚津弁,ない（無い）,,3 1 （「無いよ」「無いと思う」「無いって」など）,,主な言葉
Wikipedia,魚津弁,なかった,,1 3 0 1,,主な言葉
Wikipedia,魚津弁,なか（中）,,1 3,,主な言葉
Wikipedia,魚津弁,ながおか（長岡）,,1 3 2 1,,地名・地勢
Wikipedia,魚津弁,ながの（長野）,,1 3 1 （全体的に多い）,,地名・地勢
Wikipedia,魚津弁,なごや（名古屋）,,1 3 1,,地名・地勢
Wikipedia,魚津弁,なし（梨）,,1 3 （東の方の地域程多い）,,主な言葉
Wikipedia,魚津弁,なつ（夏）,,3 1,,主な言葉
Wikipedia,魚津弁,なめりかわ（滑川）,,1 3 3 3 3,,地名・地勢
Wikipedia,魚津弁,なも,,「本当」「全く（もう）」,,主な魚津弁
Wikipedia,魚津弁,なん、なも,,「いや」、「いいえ」、「違う」,,主な魚津弁
Wikipedia,魚津弁,なんで,,3 3 3,,主な言葉
Wikipedia,魚津弁,にいかわ（新川）,,3 3 3 3,,地名・地勢
Wikipedia,魚津弁,にいがた（新潟）,,3 3 3 3,,地名・地勢
Wikipedia,魚津弁,にか、ねか,,「ないか」,,主な魚津弁
Wikipedia,魚津弁,にまる、ねまる,,(椅子ではなく床などに)「座る」 (椅子に座る場合は、「腰掛ける」を用いるが、最近では「座る」が主流である),,主な魚津弁
Wikipedia,魚津弁,にゅうぜん（入善）,,3 3 3 1,,地名・地勢
Wikipedia,魚津弁,にーん,,「いー」（歯を剥き出す様）,,主な魚津弁
Wikipedia,魚津弁,ぬじる,,「(手などについたものを、他のものに擦りつけるように)塗りつける」,,主な魚津弁
Wikipedia,魚津弁,ねこ,,1 3,,主な言葉
Wikipedia,魚津弁,ねぶた、ねぷた,,1 3 3,,主な言葉
Wikipedia,魚津弁,のう,,「（◯◯だ）なあ」,,主な魚津弁
Wikipedia,魚津弁,のって（からいのって）,,例「おらがするからいのってあんにゃは休んどらっしゃい。」＝「私がやることにするからあなたは休んでなさい。」,,「から」の表現
Wikipedia,魚津弁,のと（能登）,,1 3,,地名・地勢
Wikipedia,魚津弁,はいる,,(テレビなどが)始まる、映る,,主な魚津弁
Wikipedia,魚津弁,はえぼぼ,,「蝿」,,主な魚津弁
Wikipedia,魚津弁,はぐる,,「(蓋などを)開ける」、「めくる」,,主な魚津弁
Wikipedia,魚津弁,はし（橋）,,3 1,,主な言葉
Wikipedia,魚津弁,はし（端）,,1 3,,主な言葉
Wikipedia,魚津弁,はし（箸）,,1 3,,主な言葉
Wikipedia,魚津弁,はやく（早く、速く）,,1 3 1,,主な言葉
Wikipedia,魚津弁,はやつきがわ（早月川）,,1 3 3 3 2 1,,地名・地勢
Wikipedia,魚津弁,はやつき（早月）,,1 3 3 3,,地名・地勢
Wikipedia,魚津弁,はよなと、はいなと,,「はやく」,,主な魚津弁
Wikipedia,魚津弁,はる（春）,,3 1,,主な言葉
Wikipedia,魚津弁,はろ,,「ほらね」,,主な魚津弁
Wikipedia,魚津弁,はんがしい,,「腹が立つ」「はがやしい」,,主な魚津弁
Wikipedia,魚津弁,ば,,「お前」、「あんた」,,主な魚津弁
Wikipedia,魚津弁,ばか,,「馬鹿」の意だが、イントネーションが異なる（アホと同じイントネーションであるが、アホは市内では使用しない。）,,主な魚津弁
Wikipedia,魚津弁,ばつ（✕）,,3 1,,主な言葉
Wikipedia,魚津弁,ばめく,,「わめく」,,主な魚津弁
Wikipedia,魚津弁,ぱやぱや,,「落ち着きがなく忙しなく、混乱している」,,主な魚津弁
Wikipedia,魚津弁,ひだ（飛騨）,,1 3,,地名・地勢
Wikipedia,魚津弁,ふせがわ（布施川）,,1 3 3 3,,地名・地勢
Wikipedia,魚津弁,ふせんたん（布施谷）,,1 3 3 3 3,,地名・地勢
Wikipedia,魚津弁,ふせ（布施）,,1 3,,地名・地勢
Wikipedia,魚津弁,ふちゅう（婦中）,,1 3 1,,地名・地勢
Wikipedia,魚津弁,ふなはし（舟橋）,,1 3 2 1,,地名・地勢
Wikipedia,魚津弁,ふなみ（舟見）,,1 3 1,,地名・地勢
Wikipedia,魚津弁,ふね（船、舟）,,1 3,,主な言葉
Wikipedia,魚津弁,ふゆ（冬）,,1 3,,主な言葉
Wikipedia,魚津弁,ふろ,,1 3,,主な言葉
Wikipedia,魚津弁,ぶつでん（仏田）,,3 2 1 1,,地名・地勢
Wikipedia,魚津弁,ぶどう（葡萄）,,1 3 3,,主な言葉
Wikipedia,魚津弁,へんだ、（蛇田）,,1 1 3,,地名・地勢
Wikipedia,魚津弁,べと,,「泥」,,主な魚津弁
Wikipedia,魚津弁,ほっぽる,,「放っておく」、「捨てる」,,主な魚津弁
Wikipedia,魚津弁,ぼっぽ,,「おんぶ」,,主な魚津弁
Wikipedia,魚津弁,まえざわ（前沢）,,3 3 2 1,,地名・地勢
Wikipedia,魚津弁,またいする,,「しまう」,,主な魚津弁
Wikipedia,魚津弁,まだ,,1 3,,主な言葉
Wikipedia,魚津弁,まっつり,,「祭り」,,主な魚津弁
Wikipedia,魚津弁,まって（待って）,,1 0 3,,主な言葉
Wikipedia,魚津弁,まつくら（松倉）,,1 1 3 3,,地名・地勢
Wikipedia,魚津弁,まつもと（松本）,,1 3 3 3,,地名・地勢
Wikipedia,魚津弁,まま,,「ご飯」、「食事」,,主な魚津弁
Wikipedia,魚津弁,まめ,,「元気」,,主な魚津弁
Wikipedia,魚津弁,まる（○）,,3 1,,主な言葉
Wikipedia,魚津弁,まわり（周り）,,1 3 3,,主な言葉
Wikipedia,魚津弁,まんまん,,(手を合わせて仏壇などを)参ること,,主な魚津弁
Wikipedia,魚津弁,みかん（蜜柑）,,1 3 1,,主な言葉
Wikipedia,魚津弁,みずはし（水橋）,,3 2 1 1,,地名・地勢
Wikipedia,魚津弁,みず（水）,,1 3,,主な言葉
Wikipedia,魚津弁,みちした（道下）,,1 3 3 3,,地名・地勢
Wikipedia,魚津弁,みち（道）,,1 3,,主な言葉
Wikipedia,魚津弁,みっかいち（三日市）,,1 0 3 2 1,,地名・地勢
Wikipedia,魚津弁,みやぎ（宮城）,,1 3 1,,地名・地勢
Wikipedia,魚津弁,みやざき（宮崎,,朝日町の地名）,,地名・地勢
Wikipedia,魚津弁,みよい,,「（人物が）美しい」,,主な魚津弁
Wikipedia,魚津弁,むらき（村木）,,1 3 3,,地名・地勢
Wikipedia,魚津弁,めったくさい、めたこ,,「みっともない」、「ぶっさいく」、「ブス」,,主な魚津弁
Wikipedia,魚津弁,もも（桃）,,1 3,,主な言葉
Wikipedia,魚津弁,もんに,,「○○だもん」,,主な魚津弁
Wikipedia,魚津弁,やこい,,「やわらかい」,,主な魚津弁
Wikipedia,魚津弁,やった,,1 0 3,,主な言葉
Wikipedia,魚津弁,やっとかっと（やっとこっと）,,「やっとの思いで」,,主な魚津弁
Wikipedia,魚津弁,やま（山）,,1 3,,主な言葉
Wikipedia,魚津弁,やわしい,,「散らかっている」、「(部屋などが)汚い」、「（場所・人などが）荒れている」,,主な魚津弁
Wikipedia,魚津弁,よかった、いかった,,1 3 0 1,,主な言葉
Wikipedia,魚津弁,よぼる,,「呼ぶ」,,主な魚津弁
Wikipedia,魚津弁,りんご（林檎）,,3 3 1,,主な言葉
Wikipedia,魚津弁,れ,,「しろ」→「すれ」,,主な魚津弁
Wikipedia,魚津弁,ろ,,「でしょ」、「だろ」,,主な魚津弁
Wikipedia,魚津弁,んま,,「馬」,,主な魚津弁
Wikipedia,魚津弁,アニメ,,「グレートハント」（The BERICH）,,魚津弁を使用した作品
Wikipedia,魚津弁,カットバン,,「絆創膏」,,主な魚津弁
Wikipedia,魚津弁,シマダイ,,「イシダイ(魚)」,,主な魚津弁
Wikipedia,魚津弁,テレビドラマ,,NHK連続テレビ小説「凛凛と」,,魚津弁を使用した作品
Wikipedia,魚津弁,バナナ,,1 3 1,,主な言葉
Wikipedia,魚津弁,上（うえ）、高(たか),,「山側」,,魚津や新川で使用される言葉
Wikipedia,魚津弁,下（した、しも）,,「海側」,,魚津や新川で使用される言葉
Wikipedia,魚津弁,北海道系,,ごみステーション：「ゴミ捨て場」の呼称。また、他の地域ではカラスや猫などからの被害を防ぐために金網などで囲われたボックスケージをごみステーションという。北海道などで用いる,,新方言
Wikipedia,魚津弁,東北・富山系,,入る：テレビ番組の放送が始まる、あるいは番組にある人物が登場することを指して使われる（「（番組名）が入る」=番組が始まる。「（人物名）が入る」=人物がテレビ番組に登場する 等）。青森県などで用いる,,新方言
Wikipedia,魚津弁,気の毒な,,そのまま「お気の毒に」という意味もあるが、「ありがとう」という意味もある,,主な魚津弁
Wikipedia,魚津弁,舌ベロ、舌ベラ,,「舌」、「べろ」,,主な魚津弁
Wikipedia,魚津弁,舌ベロ（舌ベラ）,,舌、ベロ,,主な魚津弁
Wikipedia,魚津弁,融雪パイプ,,消雪パイプ,,主な魚津弁
Wikipedia,魚津弁,谷(たん、だん),,谷(たに、だに),,主な魚津弁
Wikipedia,魚津弁,部落,,純粋に「集落」、「町内会」の意味で使われる。北陸地方では江戸時代の被差別部落が風化しているので、差別的な意味合いが全く無い。「○○○部落の人や」などと普通に言われるので県外の人間は注意が必要である,,主な魚津弁
Wikipedia,魚津弁,雪すかし,,「雪かき」,,主な魚津弁
Wikipedia,魚津弁,雪囲い,,「雪吊り」,,主な魚津弁
Wikipedia,魚津弁,～にかかる,,「～にかける」,,主な魚津弁
Wikipedia,魚津弁,～にゃ,,「～なければ」、「～と」,,主な魚津弁
